x0,y0,x1,y1,x2,y2,x3,y3,x4,y4,x5,y5,x6,y6,x7,y7,x8,y8,x9,y9,x10,y10,x11,y11,x12,y12,x13,y13,x14,y14,x15,y15,x16,y16
0.8257233,0.25728852,0.82958835,0.24746788,0.8223777,0.24776334,0.83627874,0.2540249,0.8180213,0.25550163,0.8460016,0.31319073,0.81270695,0.31743464,0.8582098,0.38354966,0.80691683,0.3911849,0.85644686,0.45277712,0.8031762,0.4585234,0.8415923,0.45508632,0.81982654,0.456452,0.8447275,0.5626644,0.8185692,0.5629538,0.8488844,0.6504683,0.82046854,0.64993393
0.82547903,0.25655976,0.82939434,0.24684033,0.82214415,0.2470397,0.8360472,0.2539196,0.8176879,0.25511074,0.8455898,0.31359363,0.8119338,0.31772417,0.8575625,0.38438246,0.80584854,0.39221534,0.85640556,0.45399818,0.80256146,0.46080732,0.8414181,0.45617777,0.81932896,0.45763838,0.8453595,0.56464696,0.8181899,0.56496483,0.8501121,0.65233535,0.82021236,0.65181214
0.8250014,0.25544485,0.8289623,0.24567936,0.82160103,0.24588713,0.83559304,0.25278294,0.8169975,0.25398248,0.84495336,0.3124393,0.8111227,0.31667337,0.8570654,0.383221,0.80489343,0.3910875,0.8563598,0.45350057,0.8013183,0.4605321,0.8409997,0.45544448,0.8187792,0.4570729,0.84526795,0.5636086,0.8178431,0.5640485,0.8504947,0.6507784,0.82017547,0.65048486
0.8243019,0.25568745,0.8282613,0.24587451,0.8208416,0.24614437,0.83485395,0.25278696,0.81613445,0.254196,0.8442814,0.31219947,0.81028384,0.31685707,0.8566615,0.38286263,0.8041951,0.39149714,0.856414,0.45301682,0.80046284,0.46093887,0.84054464,0.45615593,0.8182336,0.45805407,0.845527,0.565659,0.8178852,0.56629443,0.85112613,0.6529787,0.8204159,0.6529087
0.8228734,0.25637066,0.8269178,0.24656592,0.8196403,0.24750625,0.8341274,0.25243562,0.8159482,0.25597402,0.8436689,0.31160197,0.8110785,0.3185612,0.85465974,0.3797246,0.8049914,0.38925883,0.85710573,0.44957295,0.7996356,0.45709577,0.84034425,0.4593436,0.81911796,0.4622456,0.84468424,0.5656967,0.81893265,0.5671351,0.85068387,0.6555761,0.82216066,0.6561444
0.8222287,0.256412,0.8262245,0.24654475,0.8187667,0.2469864,0.83298075,0.2528618,0.814266,0.25490406,0.8426699,0.310995,0.8088145,0.31692252,0.8555195,0.37949294,0.8026907,0.39074117,0.855567,0.44820064,0.79840654,0.46064162,0.83963555,0.4547365,0.81736606,0.4572527,0.84580547,0.56352603,0.8175096,0.56459326,0.8521296,0.6493368,0.8201787,0.64963263
0.8217482,0.25695324,0.8257861,0.24706028,0.81827086,0.24758871,0.83256054,0.2533916,0.81378955,0.2557101,0.8419978,0.31127632,0.8085117,0.31743324,0.8545293,0.37841114,0.8018331,0.3893368,0.8546526,0.44609007,0.7969719,0.45797682,0.8390293,0.4532585,0.8171199,0.45594135,0.84519273,0.5596854,0.81813633,0.5609037,0.85108155,0.64452595,0.8211261,0.64498514
0.82131046,0.25723523,0.8253232,0.24724472,0.8177624,0.24794383,0.8319769,0.2534068,0.81317693,0.25617367,0.8415629,0.3111627,0.80786496,0.31804812,0.8541878,0.37799367,0.8014289,0.38999158,0.85438615,0.4459539,0.79696643,0.45784354,0.8387397,0.45325828,0.8167426,0.4562926,0.8446194,0.5600993,0.8179297,0.5616582,0.84993774,0.64470106,0.8210416,0.64561
0.82146245,0.25685567,0.8252956,0.24680364,0.8177051,0.2476657,0.83137953,0.253189,0.8124761,0.2562576,0.8407733,0.3111866,0.80668384,0.31877187,0.85400546,0.37786725,0.80049366,0.39139268,0.85427773,0.44478777,0.79615307,0.45828196,0.8381991,0.45386648,0.81599253,0.45747107,0.8441097,0.5612978,0.8178403,0.5635266,0.8490006,0.64545035,0.82111186,0.6475479
0.8206976,0.25753212,0.8245951,0.24734536,0.8169203,0.24827112,0.8308353,0.25379702,0.8117633,0.25700372,0.8404919,0.31204695,0.8060943,0.31991833,0.85371524,0.3786898,0.7999477,0.3932373,0.85418236,0.44523335,0.79654986,0.46030745,0.83822584,0.45404914,0.81580514,0.45771098,0.84386224,0.5598371,0.8171689,0.56203234,0.84834164,0.6446901,0.82046074,0.6465279
0.8207555,0.25793466,0.8245702,0.24768831,0.81689644,0.24870975,0.8305978,0.25414717,0.8115105,0.25750577,0.8401079,0.31252226,0.8056823,0.32041675,0.8533201,0.3785199,0.7987268,0.39307097,0.85383445,0.4425089,0.79531676,0.45874324,0.83787674,0.45486212,0.815656,0.4585833,0.842676,0.5595086,0.81762785,0.5617819,0.8459774,0.6473957,0.8211765,0.64946735
0.82046956,0.25800502,0.82393026,0.24745634,0.81657267,0.24939126,0.8300415,0.2524837,0.8114501,0.25777933,0.84034246,0.3111622,0.8062857,0.3203262,0.8522091,0.37910113,0.79930943,0.3937572,0.85267526,0.4441815,0.79469943,0.45416206,0.83910954,0.45515698,0.8175376,0.4593342,0.8427534,0.5572045,0.819321,0.56013584,0.8439771,0.6505867,0.82314473,0.65347576
0.820442,0.25867698,0.8241644,0.2483953,0.8166196,0.249608,0.8300689,0.2544826,0.8114263,0.25828004,0.8398539,0.31252834,0.80541974,0.3206105,0.8528277,0.37735823,0.7973323,0.39114156,0.85334104,0.44082892,0.79371995,0.4555335,0.8375373,0.45292374,0.81571954,0.45674625,0.84110785,0.5552081,0.8189458,0.5576137,0.8416014,0.6454928,0.8223258,0.64776343
0.8205059,0.25894585,0.8241784,0.2486402,0.81664085,0.24990454,0.829966,0.25445494,0.8113718,0.2584031,0.8398027,0.3123691,0.80545133,0.3202129,0.852708,0.37745294,0.79727143,0.38963363,0.8530391,0.44138956,0.792761,0.45234844,0.8370406,0.45254794,0.81536835,0.45618418,0.84025776,0.55454296,0.8187707,0.5568614,0.83988565,0.6442081,0.8216178,0.6464677
0.82089823,0.2594075,0.82458514,0.24908087,0.81698793,0.25037494,0.830344,0.25498852,0.8116275,0.2589708,0.84002733,0.3130943,0.80556977,0.320565,0.8524842,0.3781249,0.7964268,0.38840976,0.85283774,0.4411271,0.7912651,0.44874224,0.83705246,0.45273823,0.81554043,0.45623976,0.83938265,0.5536602,0.81968445,0.55592835,0.8374885,0.6444841,0.82245904,0.64678246
0.82125217,0.25911358,0.8249715,0.24887805,0.8173995,0.25006112,0.83073217,0.25487107,0.81210035,0.25855604,0.8403066,0.3130087,0.8058677,0.3199708,0.8523245,0.37814048,0.79631424,0.38729194,0.85277957,0.4414931,0.79071254,0.44789913,0.8370967,0.4521409,0.81562585,0.45538288,0.8392038,0.5530318,0.8196392,0.5550618,0.83713406,0.6443628,0.8223309,0.6463664
0.8215597,0.2586006,0.8252655,0.2484557,0.81772155,0.24954358,0.830937,0.25452483,0.81236976,0.25794464,0.8402898,0.31253853,0.80618733,0.31905466,0.85210323,0.3778623,0.79651207,0.38609806,0.85258245,0.4401342,0.79025537,0.44588503,0.83719367,0.45093226,0.815947,0.4540086,0.83910257,0.5525649,0.81989807,0.55444425,0.8375436,0.6448954,0.8228227,0.64672405
0.8221942,0.25879556,0.8259739,0.24872108,0.8183837,0.2496689,0.8316375,0.2553523,0.8129582,0.25840247,0.840733,0.31424654,0.80644554,0.32019943,0.8525657,0.37968528,0.79617095,0.3865839,0.85279846,0.44170478,0.7893483,0.44620332,0.8371887,0.45333052,0.8158435,0.45616242,0.838974,0.5546191,0.81984454,0.5563124,0.83764505,0.6459057,0.8231845,0.64763534
0.82230425,0.2583495,0.8262173,0.24856086,0.81876194,0.2491239,0.8321892,0.25570002,0.81376725,0.25781593,0.8412653,0.3154058,0.8071394,0.31976357,0.8528554,0.38181072,0.796631,0.38516715,0.8528491,0.44372877,0.7892284,0.44352967,0.8368684,0.4545619,0.8156192,0.4565613,0.8389574,0.55655736,0.8195731,0.55748814,0.83852637,0.6475599,0.823208,0.64819187
0.8225953,0.25764382,0.82659024,0.24796198,0.8191301,0.24838564,0.8327466,0.2555422,0.8143488,0.25736797,0.8419145,0.3158488,0.80769724,0.31980383,0.8535102,0.38237122,0.7969889,0.38525558,0.8533597,0.443875,0.78916514,0.4443562,0.8370574,0.45501313,0.8157107,0.4567003,0.8396153,0.55773795,0.8196484,0.55832046,0.8393364,0.64863795,0.8230581,0.6488105
0.82311624,0.25766617,0.8271248,0.24807702,0.8197071,0.24844193,0.8333252,0.25601953,0.8150234,0.25766146,0.84244984,0.31667495,0.8083868,0.32033414,0.85393286,0.38288876,0.797677,0.38559452,0.85384494,0.44319487,0.7900409,0.44415247,0.8374233,0.45555326,0.8161837,0.45701283,0.8395524,0.5580622,0.8197635,0.5584004,0.8392663,0.64844555,0.8231737,0.64829946
0.8238241,0.25747308,0.8278594,0.24790244,0.8204504,0.24824391,0.83411086,0.25620595,0.8158075,0.25770643,0.8430805,0.31724256,0.8090839,0.3206753,0.85442895,0.382957,0.79823995,0.38536286,0.85459596,0.44283593,0.7914357,0.44275904,0.8379055,0.45604613,0.8167224,0.45739532,0.8394753,0.55803555,0.8199857,0.55831295,0.83874667,0.6484389,0.82320255,0.6482047
0.824502,0.25593928,0.82852423,0.24645089,0.82116807,0.24671543,0.8347856,0.25499898,0.81654024,0.25617695,0.84355134,0.31644377,0.8095978,0.31907776,0.854587,0.3832718,0.7987544,0.38358453,0.8552042,0.44506794,0.7929227,0.44040197,0.83821434,0.45509294,0.81699973,0.45615357,0.839639,0.5571649,0.8199321,0.55724126,0.83880585,0.6478707,0.82273626,0.6474497
0.82523173,0.2558398,0.8293382,0.2464346,0.8219827,0.24638839,0.83581173,0.25521728,0.81748813,0.2556476,0.84486073,0.31719196,0.8106893,0.31842443,0.85653543,0.38527477,0.8000929,0.38252184,0.85630494,0.44642234,0.79299384,0.437285,0.8384978,0.45580834,0.81715375,0.45598525,0.8395111,0.55839044,0.81973106,0.55773354,0.839005,0.6488443,0.8226512,0.64749616
0.8267769,0.25425354,0.83069736,0.2436863,0.82295936,0.24464437,0.8376566,0.2508954,0.8179793,0.25325736,0.8467993,0.315589,0.8123782,0.31639606,0.8571871,0.38982877,0.80179673,0.3848472,0.8587534,0.45106426,0.7939874,0.43390003,0.8407335,0.46071655,0.81966686,0.460383,0.83915275,0.56320447,0.82010424,0.56182307,0.8384246,0.6595594,0.82601756,0.6572954
0.8264524,0.25621313,0.8307008,0.24681115,0.82324904,0.24640657,0.8374428,0.25554684,0.8187027,0.25498968,0.8463873,0.31724647,0.8115902,0.31712076,0.8582937,0.3866585,0.80135214,0.382189,0.8574813,0.446222,0.79547316,0.43569878,0.8392537,0.4559772,0.81739324,0.45544416,0.8401893,0.5587148,0.8193447,0.55738884,0.8404581,0.64891064,0.8229086,0.64670324
0.82671994,0.25591832,0.8309395,0.24651478,0.8235241,0.24606445,0.837601,0.2548524,0.81892747,0.25411746,0.8463702,0.31595293,0.81153184,0.3157588,0.858138,0.3854289,0.80144244,0.3816702,0.8576585,0.44683057,0.79662436,0.43814766,0.8391113,0.4545345,0.8172168,0.4539938,0.83994645,0.5575674,0.81892157,0.5562122,0.8399412,0.64860094,0.822326,0.6464547
0.82714456,0.25562033,0.8313851,0.2462564,0.8239767,0.24564795,0.83793795,0.25508133,0.8192884,0.25392222,0.846467,0.31667534,0.8115023,0.31683034,0.8581877,0.38614252,0.8021895,0.38568485,0.8575002,0.44894233,0.7980546,0.4481247,0.8389679,0.4554167,0.8168664,0.45499805,0.8396846,0.5589318,0.8178852,0.5576856,0.83996624,0.6488975,0.82123107,0.64698553
0.8279293,0.2551261,0.8320493,0.24583218,0.82468647,0.2451788,0.8381586,0.2545632,0.81961864,0.25318465,0.84616405,0.31556588,0.8114731,0.31589466,0.8576132,0.38466296,0.8025514,0.38592434,0.8572566,0.44821295,0.7986569,0.45148656,0.8389692,0.45412734,0.81692517,0.45395827,0.8399548,0.55842656,0.8176283,0.5574162,0.8407766,0.6474134,0.8206868,0.6459542
0.82804966,0.25466838,0.83208334,0.2453052,0.82470626,0.24473166,0.83794755,0.25387022,0.8193658,0.25262064,0.8458136,0.31476772,0.8110654,0.31553167,0.85751784,0.38404474,0.8024437,0.38668272,0.8578891,0.44985014,0.7987796,0.45476097,0.83903277,0.4539819,0.816881,0.45415473,0.84022486,0.5584448,0.81739646,0.5577903,0.841177,0.64785355,0.82009774,0.64694965
0.8282718,0.25359455,0.83221895,0.24412042,0.82483906,0.24368605,0.8378574,0.2525598,0.81920254,0.2515983,0.84543556,0.3132828,0.810767,0.31483823,0.8568228,0.38237053,0.8022286,0.3871649,0.8577744,0.44991165,0.7991953,0.45735797,0.8392558,0.45295185,0.8170764,0.4536973,0.84086627,0.55725086,0.8176284,0.55719924,0.8418819,0.6468284,0.82000554,0.6466396
0.8283191,0.25328013,0.83216953,0.24366882,0.8248547,0.24338676,0.8377951,0.25175625,0.8192296,0.25108814,0.8456375,0.31237277,0.81070775,0.31436336,0.85707027,0.38222557,0.8026349,0.38833055,0.8578662,0.45092306,0.80158854,0.45931187,0.83964103,0.45176497,0.8172714,0.4527278,0.8407551,0.55610585,0.81744176,0.55630434,0.84081316,0.6484321,0.81942874,0.6485974
0.82794285,0.25213313,0.83179396,0.24248666,0.82453674,0.24224626,0.83755416,0.2504466,0.81911117,0.24994613,0.84554493,0.31109416,0.8108503,0.31332788,0.8570733,0.38074893,0.80297565,0.38735208,0.8572685,0.44844833,0.802135,0.4575209,0.8394702,0.45093748,0.817305,0.45194983,0.84017384,0.5554201,0.81758827,0.5556821,0.8400728,0.64907753,0.8197965,0.6492389
0.8272298,0.250204,0.83111584,0.24051528,0.8239042,0.24033186,0.8371529,0.24818677,0.8188586,0.2479837,0.84554595,0.30889022,0.81090003,0.3116323,0.8567502,0.37849537,0.80306494,0.38667604,0.8563056,0.44538182,0.8022429,0.45854998,0.83927345,0.44942456,0.8172447,0.45045504,0.83977586,0.5545367,0.81781596,0.55470455,0.8389198,0.64958704,0.8199073,0.64945555
0.82673293,0.24914092,0.8306174,0.23935288,0.8233328,0.23923862,0.8366074,0.24676678,0.8182003,0.2467613,0.84499705,0.30732137,0.8104062,0.31020495,0.855844,0.37775743,0.80281276,0.38563812,0.8554326,0.44573972,0.80201674,0.4576175,0.83898556,0.44785318,0.8169797,0.44899428,0.83976823,0.55399877,0.8178301,0.55424327,0.8387112,0.6499844,0.81968784,0.6498927
0.82634544,0.24821416,0.8303134,0.23837753,0.82292694,0.23820789,0.8363107,0.24622327,0.81772214,0.24602897,0.8442549,0.30753782,0.8098759,0.3102897,0.8544459,0.37834793,0.80241424,0.3859849,0.8547512,0.447972,0.8019891,0.45879385,0.8382843,0.44827133,0.81639224,0.4494773,0.83920425,0.5546795,0.8174443,0.5550258,0.8379208,0.65127754,0.8188858,0.6512753
0.8261157,0.24675447,0.83010906,0.23695686,0.8227016,0.23670325,0.8359939,0.24527144,0.81738436,0.24485531,0.8435721,0.30708483,0.80939835,0.30996272,0.853282,0.3774429,0.8020715,0.3865874,0.85344136,0.4450474,0.8018331,0.46037152,0.83749217,0.44843492,0.8157135,0.44971833,0.83849776,0.5553996,0.8169045,0.5557902,0.8372532,0.6529983,0.81836253,0.6530312
0.8252465,0.24507263,0.82927483,0.23533691,0.8218519,0.23510668,0.8352465,0.24410886,0.8166954,0.24379648,0.8429931,0.3065449,0.8088421,0.30940887,0.8525837,0.3776951,0.8016595,0.38633734,0.85265124,0.44421723,0.80165434,0.45872474,0.8370488,0.44778204,0.8151836,0.44900897,0.83851737,0.55613655,0.816179,0.55638874,0.8374831,0.6549214,0.8173322,0.6547544
0.82435745,0.24326472,0.8283934,0.23346953,0.82095623,0.23334707,0.83447933,0.2426017,0.81592095,0.24265942,0.84242004,0.30579796,0.8085111,0.3092906,0.8521536,0.37735495,0.8019728,0.3871874,0.8518996,0.4429043,0.8023459,0.4583281,0.8367864,0.44793093,0.81502765,0.44941658,0.8384698,0.55694246,0.81624144,0.5574279,0.8375196,0.6566297,0.8172898,0.6566471
0.8233453,0.24588746,0.82726765,0.23569271,0.819873,0.23636702,0.8340995,0.24228162,0.8153235,0.24443462,0.8420302,0.3027484,0.810527,0.3082728,0.8513147,0.3726141,0.8049,0.3864331,0.852303,0.43510956,0.80101156,0.45418602,0.8368506,0.44835278,0.81703675,0.45013303,0.8378531,0.55635345,0.8177375,0.5571521,0.838352,0.65770674,0.82009214,0.6578631
0.8216645,0.24704607,0.8256621,0.23654881,0.8181405,0.23742054,0.8328738,0.24208368,0.8137476,0.24487795,0.84160036,0.30171266,0.809359,0.30819342,0.8515192,0.37139183,0.8042065,0.38706753,0.85210717,0.4339297,0.8008362,0.45544168,0.83660376,0.44915932,0.8163825,0.45120445,0.8379359,0.55820435,0.8176401,0.55908144,0.8382576,0.6606898,0.82067883,0.6607256
0.82127285,0.24535619,0.8252714,0.23463613,0.8173981,0.23581207,0.8321686,0.24104463,0.81237376,0.24457498,0.8411395,0.30217645,0.8077319,0.30945304,0.85178787,0.37287593,0.80221665,0.38807932,0.8521633,0.4370561,0.7989646,0.45473507,0.8366957,0.44961542,0.8157237,0.45226198,0.83831054,0.55888385,0.81768876,0.5603698,0.8378703,0.6618205,0.82094735,0.6628534
0.8193905,0.24340542,0.8233122,0.23241836,0.8153084,0.2342079,0.83024466,0.23959479,0.8102317,0.24474356,0.84011364,0.30242026,0.8059705,0.31167883,0.85136646,0.37395972,0.8006148,0.39071262,0.851782,0.44101286,0.7970825,0.4560449,0.83687115,0.4504411,0.81545156,0.45411232,0.8385431,0.55831176,0.817832,0.5608003,0.8377805,0.66149795,0.8215227,0.66378
0.81790555,0.24277902,0.8216718,0.23144364,0.8135463,0.23382805,0.8284814,0.23868333,0.8082364,0.24523821,0.8392825,0.30294272,0.8042156,0.3132848,0.85083383,0.37738717,0.7990023,0.39297125,0.851155,0.44759914,0.79522574,0.45523968,0.83733606,0.4514814,0.81539077,0.45586345,0.8388325,0.5590561,0.8181154,0.56223905,0.8377808,0.6629462,0.82241577,0.66613823
0.81731033,0.24486877,0.82095015,0.23350953,0.8129547,0.23585397,0.8275405,0.2397435,0.8074767,0.24602713,0.8383667,0.30294022,0.8028802,0.3131743,0.8502235,0.37747762,0.7977032,0.3935638,0.85094494,0.44831854,0.7946535,0.4566854,0.83667946,0.45204267,0.8144674,0.456639,0.8387041,0.55974877,0.81741124,0.56319046,0.8377353,0.6629064,0.8216435,0.66648555
0.81637937,0.24398948,0.82005227,0.23250829,0.81189346,0.23494206,0.8266806,0.23917861,0.806174,0.24567936,0.83707327,0.3024309,0.8017093,0.31347048,0.84886074,0.37608352,0.79640347,0.39458683,0.8506201,0.44495252,0.7936252,0.45718527,0.83614725,0.45094833,0.81395674,0.4561257,0.83858436,0.55842876,0.81729096,0.5624697,0.8379383,0.66070145,0.82139033,0.6650283
0.81485856,0.24155249,0.8184196,0.23019195,0.8103942,0.23261485,0.82474244,0.23746698,0.8045389,0.24391866,0.8353324,0.30146658,0.7994605,0.31310344,0.84782404,0.37483737,0.79426813,0.3950101,0.84971064,0.44344997,0.79147166,0.45767647,0.8347994,0.44891095,0.81228745,0.45470068,0.83812743,0.55682546,0.8167947,0.56162477,0.83742803,0.66041535,0.82101774,0.66575474
0.81291527,0.24462098,0.8166217,0.23323065,0.808582,0.23558144,0.82337505,0.24001928,0.8032037,0.24635993,0.8338752,0.30323273,0.7988036,0.31466582,0.8461723,0.3761321,0.7939751,0.39552617,0.8487217,0.4446098,0.79141307,0.45670256,0.8340382,0.44991255,0.8120691,0.45565483,0.8369951,0.5571116,0.8166858,0.56177676,0.8371343,0.65922856,0.8215484,0.66405696
0.81169635,0.24672058,0.8156349,0.23577599,0.80755275,0.23717032,0.82253027,0.24256021,0.8024816,0.24648057,0.83301497,0.30574572,0.7970784,0.31331745,0.84586924,0.3807898,0.7905158,0.39069757,0.84936476,0.45026234,0.78739583,0.45362493,0.83237803,0.4534923,0.81008595,0.45786324,0.83503866,0.5599493,0.8154416,0.56330556,0.83607876,0.66038084,0.82149106,0.66315705
0.8104543,0.2436822,0.81436485,0.2325445,0.80622494,0.2341804,0.8212895,0.24016795,0.80099803,0.24460898,0.8315632,0.3051132,0.79577345,0.3129186,0.8442003,0.38188598,0.78867245,0.39032677,0.8480644,0.45190567,0.7872733,0.4491679,0.83179533,0.45488128,0.80950034,0.45963305,0.8345249,0.5617234,0.8147467,0.565613,0.8358224,0.6618748,0.82079476,0.6652972
0.80950636,0.2421455,0.8133306,0.23106305,0.80528,0.23259476,0.8200356,0.2389,0.79986084,0.24292897,0.83032554,0.304666,0.7943626,0.3113206,0.84275526,0.38308287,0.78637135,0.3881395,0.846769,0.45456785,0.7848753,0.44622535,0.8307827,0.4555926,0.8084022,0.45997837,0.8338725,0.5636162,0.81390995,0.5672438,0.8355117,0.66476184,0.82017624,0.66778594
0.80900604,0.24154449,0.81265414,0.230444,0.80465555,0.23206373,0.81894475,0.23810166,0.7987549,0.24222252,0.828962,0.30349925,0.79276407,0.31030372,0.8413971,0.381906,0.7838635,0.38712528,0.8454051,0.4533685,0.78258365,0.44524953,0.8296375,0.45473602,0.8071793,0.4594428,0.83281755,0.56464976,0.8136143,0.5687903,0.83381194,0.6660001,0.8198003,0.66990685
0.80802864,0.24003042,0.8115248,0.22893183,0.803679,0.23057769,0.81750935,0.23614058,0.7976536,0.24037054,0.8276438,0.3013264,0.791327,0.30895808,0.8403252,0.37968218,0.78253525,0.38742432,0.8439809,0.45131126,0.7797319,0.4479872,0.828464,0.45242044,0.806094,0.45770082,0.83228415,0.5623145,0.8141409,0.56716365,0.8329652,0.66445696,0.82061386,0.66935354
0.8067651,0.23905641,0.81026,0.22801663,0.8025344,0.22973035,0.816415,0.2350873,0.7969541,0.23957291,0.82685375,0.300475,0.79079175,0.30838773,0.839729,0.37892503,0.7813884,0.38694307,0.84347343,0.4499182,0.7769525,0.44770995,0.8274186,0.451627,0.80549395,0.4569579,0.8307504,0.5611688,0.8145068,0.56611395,0.8311033,0.66503865,0.8215438,0.6699414
0.80592626,0.23754379,0.80948395,0.22653036,0.80160046,0.2284003,0.8154854,0.23426957,0.7957068,0.23917957,0.8263322,0.30077165,0.7893999,0.30897704,0.8386435,0.37743124,0.7811893,0.38701355,0.8417063,0.44816318,0.7765474,0.44818354,0.8266155,0.45063776,0.80401987,0.45564708,0.8309205,0.5618442,0.8136818,0.5658567,0.82965946,0.6671029,0.82033825,0.67117786
0.8053779,0.23653077,0.80893105,0.22546385,0.8009451,0.227301,0.8148289,0.23378484,0.79476184,0.23851949,0.8254385,0.3011764,0.7884279,0.30892116,0.83789486,0.37863266,0.77961,0.3872948,0.8412828,0.44854382,0.7752983,0.447603,0.8255191,0.45244008,0.8029836,0.45724466,0.8289736,0.56606644,0.8129439,0.5699822,0.8271169,0.6742062,0.81983966,0.678239
0.80421656,0.23580909,0.807741,0.22461507,0.799732,0.2266788,0.8137005,0.23271702,0.7936644,0.23806156,0.8245169,0.30029622,0.78786504,0.308085,0.8370573,0.37799627,0.77861214,0.38450047,0.8411674,0.45039618,0.7730442,0.44296387,0.8244921,0.4520473,0.8023343,0.45677105,0.827353,0.5653702,0.8123631,0.56926936,0.8248226,0.67425364,0.81873506,0.67826146
0.8027851,0.23620649,0.80649894,0.22492932,0.7983665,0.22701596,0.81291837,0.23281285,0.79273796,0.23840642,0.82411927,0.30017686,0.787516,0.30824193,0.83674,0.37782067,0.7785025,0.3844386,0.8405549,0.44944692,0.7723504,0.4419114,0.8236845,0.4526044,0.8017352,0.4571467,0.8252201,0.56696624,0.81167364,0.5705984,0.8224155,0.67784977,0.81878006,0.6812578
0.8023348,0.23623292,0.8061013,0.22495964,0.79789704,0.22695804,0.81262857,0.23277865,0.79227567,0.23809901,0.82405394,0.3004039,0.7870531,0.30750987,0.8366503,0.37862504,0.7775113,0.38278222,0.8398408,0.45012334,0.77172786,0.43962082,0.823204,0.45435718,0.80104476,0.4582283,0.82337344,0.5694719,0.80992365,0.5723958,0.8198395,0.6813666,0.8169074,0.68389386
0.801696,0.23693617,0.8058301,0.22568056,0.7975455,0.22721434,0.8128068,0.23366329,0.79202753,0.23779368,0.8230368,0.30265102,0.78611165,0.30840883,0.83557016,0.3791444,0.7759986,0.38128364,0.83825886,0.454298,0.7720493,0.4392323,0.8208844,0.45731795,0.79888994,0.46045431,0.8195252,0.5719593,0.8072664,0.5742382,0.81652784,0.6826545,0.8155217,0.6847198
0.8015899,0.23628612,0.8057567,0.22493072,0.79734933,0.22653368,0.81276894,0.23285651,0.79182,0.23712648,0.8230311,0.30172694,0.7856877,0.30804476,0.83479017,0.37882555,0.775643,0.3836523,0.8371685,0.45195735,0.7734356,0.4435473,0.8207947,0.45729473,0.7985279,0.46053487,0.8186246,0.5746816,0.8065465,0.57695407,0.81356335,0.68690467,0.81363547,0.6889903
0.8009767,0.23363872,0.80526936,0.2225368,0.7967562,0.22368422,0.8124711,0.23197843,0.7913948,0.23529708,0.82250947,0.30134892,0.78560406,0.30697504,0.833456,0.3801107,0.7752153,0.38405,0.8374963,0.45054546,0.77377325,0.44455662,0.821124,0.45712823,0.7991103,0.46039268,0.8175773,0.57473683,0.8067628,0.577094,0.8117463,0.68767387,0.8119898,0.6892573
0.8005106,0.23315091,0.80478334,0.22206265,0.7962661,0.22324143,0.81199116,0.23159118,0.79089296,0.23498149,0.821762,0.30074105,0.78518635,0.30680147,0.8328552,0.37911108,0.77516407,0.38491237,0.83736795,0.4485842,0.7749291,0.4457613,0.82049197,0.45681134,0.7986656,0.4603184,0.8167276,0.57529473,0.8063968,0.5779248,0.81060183,0.68832767,0.8113287,0.6903161
0.8003669,0.23235522,0.8046198,0.22126965,0.7960898,0.22240868,0.8117797,0.23079231,0.7905852,0.23401256,0.82124156,0.29992315,0.7846556,0.30573452,0.83249646,0.37843975,0.7741909,0.384247,0.8367904,0.44809008,0.77531534,0.44676584,0.8199625,0.45709,0.7980936,0.46059108,0.81622,0.57666403,0.8059808,0.57930285,0.80998844,0.69080204,0.81104946,0.69290864
0.7999778,0.23202258,0.80426246,0.22096892,0.7956958,0.22202241,0.81144935,0.23027943,0.79012483,0.23330702,0.82060283,0.29909402,0.784192,0.30454168,0.8318184,0.37799397,0.77429414,0.38281658,0.83582336,0.44802323,0.77556056,0.44483906,0.81898654,0.45674115,0.797162,0.46012813,0.8154065,0.5766257,0.8051681,0.5791815,0.80985975,0.69067276,0.8106108,0.69278145
0.7993645,0.22908425,0.8037799,0.21799444,0.79501194,0.21887232,0.8109774,0.22820261,0.78923005,0.23074663,0.8199027,0.29849437,0.7829756,0.30350354,0.8313969,0.37944698,0.7741347,0.38396743,0.8361481,0.45104152,0.7761231,0.44687968,0.8177431,0.45650038,0.7955044,0.45979014,0.8148797,0.5777133,0.80410236,0.5801747,0.81009954,0.69250023,0.8102054,0.69452465
0.79789895,0.22762357,0.80253583,0.21645573,0.79366773,0.21715833,0.81020176,0.22635153,0.78820324,0.22851905,0.8192126,0.2965778,0.78179586,0.3012924,0.8308854,0.378949,0.7738601,0.3834694,0.8363163,0.4520101,0.776397,0.4477093,0.8163943,0.45489606,0.79381794,0.45800877,0.81387424,0.5769375,0.8025965,0.5791395,0.8106928,0.6926356,0.8102377,0.6941273
0.79723984,0.22820827,0.80206555,0.21664032,0.7933135,0.21707377,0.8098666,0.22466302,0.78825927,0.22653292,0.819376,0.29542235,0.7817812,0.30051145,0.83135813,0.37760568,0.7758667,0.38347602,0.83379287,0.4564076,0.77514714,0.45215076,0.8146287,0.45757493,0.79198545,0.4604228,0.81324923,0.5798032,0.8012604,0.58154786,0.8107807,0.6925848,0.80935776,0.69376194
0.79619867,0.2263145,0.80111426,0.21476983,0.7923817,0.21509737,0.80909014,0.22271606,0.78747654,0.2243105,0.8190179,0.29330668,0.780441,0.29820964,0.8311961,0.37589738,0.7741461,0.3814103,0.83312577,0.45571944,0.77449006,0.4508502,0.81407684,0.45673746,0.790687,0.45948935,0.81283075,0.5799492,0.799316,0.5815907,0.8104626,0.6919582,0.807583,0.6928603
0.7953522,0.22596978,0.8004306,0.21424918,0.7915247,0.2145161,0.80870074,0.22236288,0.7866334,0.22374997,0.819022,0.29414237,0.779257,0.29850176,0.83115816,0.37855664,0.77235,0.38234478,0.8327641,0.46086174,0.77275985,0.45325732,0.81383556,0.46057877,0.7895851,0.46298328,0.81220335,0.5845574,0.7971236,0.58583176,0.8100281,0.6956644,0.8055021,0.6959721
0.79422766,0.22538908,0.7987127,0.21340606,0.7898771,0.21516423,0.8065448,0.22133319,0.7845802,0.22585829,0.8179447,0.29386026,0.7779543,0.2996407,0.830677,0.38250318,0.76946247,0.38564605,0.83385336,0.46366516,0.7707349,0.44848943,0.81406546,0.46484816,0.7895474,0.46747413,0.8128643,0.59256226,0.7946012,0.5941171,0.8099534,0.70886725,0.80238074,0.70989335
0.7920937,0.22473975,0.7967161,0.2123482,0.78760386,0.21406013,0.8048191,0.22016338,0.7822537,0.22465958,0.81685036,0.29415247,0.7762358,0.29937226,0.8309256,0.38580823,0.76910627,0.38640332,0.8334118,0.47191623,0.7691002,0.45103097,0.8127308,0.46597177,0.7878481,0.46829844,0.8119999,0.59305805,0.7935521,0.5942331,0.8100416,0.7109523,0.80249566,0.71144146
0.79119235,0.2238697,0.7956325,0.21148472,0.7866699,0.21331176,0.803391,0.21891867,0.78116816,0.22373143,0.8155247,0.2923745,0.7751949,0.2981542,0.8304307,0.3829768,0.76882213,0.3845092,0.83197033,0.4697458,0.7681181,0.44947448,0.8112292,0.46367106,0.78648967,0.46629313,0.81048054,0.58917874,0.7920098,0.59077483,0.8086569,0.70681417,0.8007227,0.7081102
0.78869736,0.22259189,0.7933396,0.21041058,0.7844154,0.2117809,0.8015429,0.21753632,0.77974385,0.22173715,0.81435233,0.29026213,0.77430505,0.29685664,0.82940483,0.38015085,0.7697769,0.3849246,0.831048,0.46700352,0.7654346,0.45758143,0.8101801,0.46145988,0.7854476,0.46442035,0.809097,0.5866039,0.7889369,0.58839756,0.81002426,0.703438,0.79734343,0.7042107
0.7867716,0.22234868,0.79148585,0.20971096,0.78278345,0.21145555,0.80011433,0.21697237,0.778186,0.22247459,0.8138277,0.29153088,0.7721422,0.30088332,0.8302817,0.3769115,0.76630914,0.38724518,0.82955927,0.46247196,0.7641772,0.45735928,0.8091397,0.46365777,0.7833268,0.4676146,0.8073101,0.58413213,0.7869622,0.5870993,0.8081872,0.692312,0.7965339,0.69473195
0.7840156,0.2225611,0.7885949,0.21013932,0.7803106,0.21207097,0.7980644,0.21582259,0.77690405,0.22166122,0.81237024,0.28702265,0.7719109,0.29608095,0.82765263,0.3752728,0.76566154,0.38678148,0.8263716,0.45469758,0.76094645,0.45669594,0.8080784,0.4581744,0.78284925,0.461394,0.80739206,0.58519506,0.78495884,0.5873707,0.8089361,0.7056879,0.79375875,0.7069794
0.7803175,0.22307222,0.784942,0.21047531,0.77711904,0.21232873,0.79562175,0.21453916,0.77500504,0.22048776,0.8112308,0.28543797,0.77118933,0.29382274,0.8268246,0.3746596,0.7649207,0.3841622,0.8248765,0.45489663,0.7584238,0.45493826,0.8063356,0.46161538,0.7813222,0.4638837,0.80605793,0.5899556,0.78270954,0.5912194,0.8086006,0.7102785,0.79113007,0.7099184
0.77947664,0.22305869,0.7847606,0.21054873,0.7749682,0.21322407,0.7959441,0.21476644,0.772117,0.22100028,0.8077,0.28610256,0.7705981,0.29698607,0.8249323,0.3756833,0.7627073,0.38630947,0.8229227,0.4582952,0.75697035,0.4505473,0.8027735,0.4591606,0.77929044,0.4633239,0.8033438,0.59098536,0.78092325,0.5970881,0.81005996,0.7054629,0.7896337,0.7078837
0.77760714,0.22340223,0.78265893,0.21061182,0.772952,0.21361488,0.7933929,0.21390393,0.76982665,0.22117317,0.8054665,0.28514108,0.76805514,0.29674792,0.82213926,0.37511227,0.75996643,0.38640234,0.8169417,0.4565549,0.7533945,0.4535852,0.80048287,0.45944828,0.7766378,0.46384534,0.8030467,0.5908306,0.7792862,0.5968147,0.81025106,0.7075381,0.78723115,0.71024233
0.77367085,0.22199225,0.77845246,0.2093947,0.7700786,0.21089353,0.7890475,0.21507107,0.7673874,0.22035538,0.8039215,0.28712976,0.7654977,0.2947103,0.8195681,0.37530667,0.759533,0.38445857,0.8172768,0.44999442,0.74706453,0.45075232,0.799085,0.46203503,0.7749086,0.4634706,0.79990137,0.59313273,0.7751319,0.59351754,0.80699664,0.7150696,0.78344136,0.7135207
0.77039444,0.22379005,0.7752196,0.21112506,0.7671594,0.21266611,0.7865587,0.2158206,0.7651966,0.2215276,0.80218667,0.28672343,0.7640676,0.29448915,0.81781703,0.37389153,0.7572493,0.3825781,0.8157635,0.4471169,0.7424196,0.44870955,0.79716724,0.46249154,0.77312857,0.46359745,0.7991721,0.59412795,0.77314365,0.59413964,0.80759346,0.71731305,0.7813194,0.7149217
0.76749295,0.22299907,0.77230644,0.21054462,0.7645294,0.21190003,0.78397286,0.21564722,0.76307094,0.2209823,0.80002165,0.2877832,0.76202905,0.29392594,0.81661475,0.37577823,0.7545821,0.3794467,0.8140902,0.45433286,0.73890156,0.44840708,0.7937295,0.4651526,0.76943654,0.4651506,0.7966568,0.5974225,0.7676063,0.5964708,0.8056321,0.71840334,0.7737507,0.71494895
0.7653184,0.22500062,0.7699916,0.21241881,0.76214707,0.21409361,0.781393,0.21702598,0.7604292,0.22342473,0.79718304,0.28839794,0.76045054,0.29567185,0.8149115,0.37522826,0.7531506,0.37860763,0.8119988,0.45768145,0.7357902,0.44755456,0.7915545,0.46727812,0.7679301,0.46794042,0.79503673,0.60116494,0.76665086,0.6010515,0.8036257,0.7216655,0.77096754,0.71949065
0.7609839,0.22522256,0.76567715,0.21232702,0.75807273,0.21434912,0.77782726,0.21795624,0.7571071,0.22541252,0.79507035,0.29242492,0.7584818,0.2999259,0.8148896,0.3796099,0.75130224,0.3795062,0.8079893,0.46285364,0.73329735,0.44437262,0.79053503,0.47608244,0.7667694,0.47661018,0.79237145,0.6068621,0.7645062,0.60672176,0.80313367,0.72188044,0.7715017,0.71940804
0.7575491,0.22741519,0.7617856,0.21469218,0.7548597,0.21695274,0.7733305,0.21911357,0.75416785,0.22693618,0.79230773,0.2931628,0.7537727,0.3007213,0.81206465,0.382363,0.7452015,0.38033074,0.8020517,0.4695513,0.7279248,0.4496396,0.7894954,0.48037246,0.76483005,0.48142067,0.79036474,0.6098046,0.76410586,0.61000663,0.79908866,0.7230694,0.7729466,0.7210798
0.75524515,0.23063754,0.75964,0.21698281,0.7520662,0.21989734,0.77129096,0.22043025,0.7507334,0.22981112,0.790634,0.2952281,0.75024134,0.3045867,0.81041116,0.38555968,0.7403323,0.3850398,0.79989237,0.47278538,0.7207281,0.45327806,0.7881973,0.4852182,0.7628468,0.48710793,0.7848703,0.6123168,0.7619393,0.61329126,0.79311186,0.7212696,0.7744124,0.7204158
0.7526395,0.23813252,0.75721306,0.22408897,0.7492185,0.22720182,0.7690182,0.22739176,0.7476453,0.23734005,0.7874426,0.30213276,0.74863756,0.3117677,0.80708975,0.39069274,0.7384989,0.38853613,0.7976702,0.48170277,0.71542674,0.45614386,0.785295,0.48963016,0.7614754,0.49166778,0.7783209,0.6118534,0.76119226,0.61315995,0.786644,0.71801436,0.7759232,0.7175821
0.74578995,0.24204192,0.75048846,0.22742617,0.7431175,0.23052064,0.7642769,0.22952937,0.74353963,0.2397477,0.7846634,0.30491716,0.74765664,0.31312397,0.8050272,0.39568296,0.73877996,0.38849282,0.7961366,0.4936175,0.7100699,0.4574601,0.78158087,0.49510983,0.7597073,0.49534,0.7692809,0.61422455,0.75975937,0.6140853,0.7792108,0.7201618,0.7791223,0.7169611
0.7421205,0.25579634,0.7466306,0.24118955,0.73985285,0.24421544,0.7607437,0.24037772,0.74111575,0.2500308,0.78192616,0.31199202,0.745397,0.31843483,0.8007421,0.40518755,0.73574996,0.39409742,0.7926468,0.50576437,0.7054066,0.46494856,0.7801523,0.4988139,0.7588844,0.4981038,0.7645201,0.61362356,0.7565555,0.6124709,0.7769329,0.71901923,0.7793243,0.71401244
0.7387731,0.26571587,0.74311125,0.25053605,0.7361423,0.2539905,0.756942,0.24723664,0.7371657,0.2577243,0.7785349,0.31639376,0.742778,0.3222611,0.797796,0.4133813,0.7335181,0.3975704,0.7892752,0.5177245,0.6996805,0.46615437,0.7779635,0.50305194,0.7572472,0.5019143,0.7579847,0.6172532,0.7512494,0.61565036,0.77278155,0.72180474,0.7758773,0.7163861
0.7340722,0.27996275,0.73903775,0.26298657,0.73083776,0.27021864,0.7547844,0.25355273,0.7345037,0.26909053,0.77280796,0.32376987,0.73980755,0.33933476,0.7924863,0.42155814,0.72330105,0.4212751,0.7855239,0.5170411,0.69951385,0.48904225,0.7755431,0.51181996,0.7575357,0.5168615,0.7510841,0.62395895,0.7466335,0.6360977,0.77417374,0.7285967,0.7762456,0.7330424
0.7307656,0.2938054,0.73486555,0.2771231,0.7281282,0.28383943,0.7491722,0.2659792,0.7329085,0.28030187,0.76926255,0.33338335,0.73748374,0.34544915,0.79062647,0.43446416,0.72211194,0.4277504,0.7812891,0.53378415,0.6985694,0.49470764,0.7726506,0.5190773,0.7554898,0.5216469,0.7480171,0.6338467,0.7437002,0.64026403,0.7710235,0.7496865,0.7723178,0.74662304
0.7257549,0.3043654,0.7289755,0.2878096,0.7243936,0.2948174,0.7427357,0.27673176,0.7318107,0.2913083,0.76552266,0.34158042,0.7358121,0.3542657,0.78911054,0.44407776,0.7197908,0.43562704,0.7773164,0.55438244,0.69707775,0.49888054,0.7704653,0.5266185,0.7547283,0.52948505,0.74511945,0.6374129,0.7419723,0.6473293,0.7681977,0.75653183,0.7696586,0.7582328
0.7231626,0.32950747,0.72637314,0.31385848,0.72194284,0.32001236,0.73950356,0.30131108,0.7294254,0.31338617,0.7623773,0.36058462,0.7352584,0.371433,0.78496915,0.46667162,0.72000146,0.45150515,0.7728944,0.5683943,0.69460386,0.5068285,0.7703248,0.53944653,0.7560316,0.5421158,0.74239016,0.6429384,0.73980385,0.6542518,0.76449335,0.7650263,0.76582474,0.7708556
0.7208237,0.3513469,0.72401375,0.33597496,0.7187812,0.34151685,0.7361583,0.3204262,0.72351587,0.33117396,0.7584009,0.37590793,0.7296828,0.38326517,0.78137356,0.48674065,0.71699905,0.46599475,0.77077264,0.5775848,0.69394606,0.51665986,0.77057266,0.5412825,0.75468564,0.5430672,0.7424952,0.64410734,0.73694086,0.65316296,0.76450425,0.7658656,0.76344746,0.77142215
0.71594644,0.36644593,0.71893185,0.35118237,0.713853,0.35676995,0.7304091,0.34110272,0.7178752,0.3512701,0.75360966,0.39943987,0.72521317,0.4082013,0.77744496,0.51326066,0.7172042,0.49241358,0.7638356,0.61854315,0.69350666,0.53555137,0.77167237,0.55149126,0.75480527,0.553755,0.74456686,0.65452564,0.7321333,0.66186976,0.7706594,0.7687848,0.7608714,0.7701069
0.709675,0.3963913,0.71332026,0.38161832,0.7081727,0.38349566,0.727455,0.3768531,0.71297455,0.37972942,0.752511,0.43225542,0.72212106,0.4237038,0.7691187,0.5502096,0.71512055,0.50196075,0.75462794,0.66169155,0.6922963,0.5643716,0.7739307,0.5700844,0.75492084,0.5643847,0.73768705,0.67083806,0.7283073,0.66415954,0.77115566,0.7714123,0.76758844,0.75600743
0.7067122,0.42019928,0.70915276,0.40482208,0.7054412,0.4082923,0.72224516,0.39440587,0.71207094,0.40065268,0.748913,0.445677,0.723016,0.44038022,0.7644529,0.56612056,0.7165868,0.5183587,0.7460001,0.69782555,0.69454044,0.57751304,0.77851146,0.5819103,0.7609419,0.57878894,0.7384164,0.668235,0.7279829,0.66486245,0.76723176,0.76444966,0.7588916,0.7531719
0.70097035,0.4349058,0.7039298,0.42037305,0.7000846,0.42278916,0.7193624,0.41329488,0.7072029,0.41850236,0.74962366,0.46600756,0.7173669,0.46263164,0.76506376,0.5812717,0.71306545,0.54547447,0.74802464,0.69613785,0.69590753,0.6074597,0.77465653,0.593154,0.7538613,0.58978605,0.74673694,0.65495515,0.7341946,0.65086925,0.75875014,0.76547563,0.75379765,0.75220364
0.69648075,0.4705407,0.6985932,0.45622122,0.69583476,0.45762616,0.7119556,0.44729286,0.70550823,0.44739732,0.73962617,0.4945254,0.7185425,0.4802046,0.75189906,0.62261266,0.71220905,0.5669628,0.73600024,0.7480656,0.69652045,0.6355445,0.7724575,0.6084596,0.75787765,0.6005538,0.7367906,0.6762649,0.72486997,0.6678147,0.75103426,0.7835895,0.7407622,0.764319
0.6914865,0.48897517,0.6946204,0.47419545,0.69100136,0.47520027,0.7106597,0.4684664,0.70076495,0.46766588,0.7391381,0.51601404,0.7127183,0.5027178,0.7472383,0.64452,0.7048523,0.5984992,0.7356445,0.75353086,0.6914957,0.6706102,0.7715104,0.61986774,0.7542705,0.6117694,0.7338346,0.70053977,0.72540295,0.6913678,0.74319154,0.80161875,0.7428973,0.7801996
0.68732256,0.5157284,0.6904829,0.49973154,0.6856467,0.5012307,0.70715064,0.49082643,0.69433534,0.4908115,0.7337286,0.53963554,0.7105504,0.5226381,0.7398973,0.6781859,0.70155936,0.6168448,0.7234385,0.8043783,0.6919223,0.69797343,0.77122444,0.6481301,0.75533324,0.63902926,0.73101574,0.7300751,0.721726,0.7195249,0.7439346,0.8393434,0.7400332,0.81604505
0.6805921,0.5418392,0.68257046,0.52602345,0.6801672,0.5270565,0.69767773,0.51918185,0.6941663,0.5167087,0.72556615,0.5660565,0.71248233,0.54865,0.7323443,0.71300304,0.70232624,0.6612872,0.71661144,0.8373324,0.68999267,0.7566984,0.7719216,0.6728713,0.76138586,0.6636201,0.73006356,0.760862,0.71719545,0.7506154,0.739918,0.8706624,0.7254285,0.8470941
0.6759423,0.5683923,0.67872494,0.55584633,0.6764619,0.5521752,0.6951279,0.5454043,0.6855918,0.5346568,0.7231967,0.6102615,0.70283914,0.5710119,0.7282357,0.7812848,0.6908013,0.6799098,0.7063827,0.9415689,0.68822235,0.79634506,0.7698344,0.71138144,0.7548553,0.69402874,0.73623145,0.82090396,0.72445667,0.80730176,0.7452111,0.8925153,0.7324976,0.8718409
0.6707044,0.5979203,0.67126316,0.5859636,0.672139,0.582214,0.6840731,0.57106113,0.68302387,0.560079,0.71635145,0.6284289,0.7025878,0.5862249,0.7259049,0.8088389,0.6949263,0.7033201,0.70066446,0.9755262,0.69209015,0.8288289,0.7742154,0.7066061,0.76463795,0.6882479,0.7387612,0.8140764,0.7373643,0.79269516,0.753298,0.89306676,0.7532104,0.8585811
0.6620514,0.6328432,0.6628782,0.6198323,0.66346157,0.6173424,0.67869645,0.60490984,0.6754603,0.5973814,0.7152623,0.6589473,0.6972048,0.62722087,0.72982925,0.83134013,0.69114566,0.7540031,0.7077757,0.99043286,0.686039,0.8925688,0.7749991,0.73436385,0.76225686,0.71889997,0.7359931,0.81947434,0.7276449,0.8007475,0.7489898,0.89558727,0.7426085,0.86341083
0.6603089,0.67842484,0.6596702,0.662711,0.6610287,0.664417,0.6735768,0.6344746,0.6726945,0.63600683,0.7153238,0.6767686,0.6956978,0.65724015,0.7370326,0.85452837,0.6923479,0.7973473,0.71088314,0.99927163,0.6834774,0.9370181,0.77535087,0.7734417,0.76194215,0.7607112,0.7187919,0.8590498,0.7096931,0.84700245,0.73528355,0.9283203,0.72633016,0.901831
0.6508516,0.7036999,0.6508245,0.6904741,0.6506811,0.6881664,0.6669266,0.66577786,0.66436595,0.6607061,0.7111334,0.70404947,0.6923589,0.67358226,0.7374449,0.8733174,0.6992766,0.8005335,0.7069639,0.99158573,0.685779,0.9246853,0.7726662,0.7827855,0.76042974,0.7614016,0.7281428,0.9370455,0.7127719,0.90207356,0.73868144,0.9915064,0.72411776,0.9372595
0.6519375,0.74909925,0.65119475,0.7360338,0.650089,0.73301864,0.6643254,0.69953257,0.6580042,0.69460344,0.71012706,0.719715,0.6826435,0.68689984,0.7405411,0.9016598,0.6967763,0.8228521,0.7064724,0.9928105,0.6852353,0.92168146,0.76985806,0.78746027,0.75183135,0.76475173,0.7335333,0.9460395,0.7124352,0.9058999,0.7404716,1.0,0.7230686,0.9543633
0.65209025,0.79161173,0.6512658,0.7770049,0.65008074,0.7760704,0.6641981,0.73784477,0.65674967,0.7370858,0.7098024,0.7495944,0.67840886,0.7264704,0.7424307,0.91833144,0.69445914,0.85767066,0.7090452,0.9953207,0.68102133,0.94412696,0.7655407,0.81184214,0.74459594,0.79342854,0.73391247,0.9659901,0.7057733,0.9286132,0.7485792,1.0,0.72093076,0.95015013
0.64924717,0.8181005,0.648009,0.80661887,0.6477653,0.8011948,0.6565867,0.76929796,0.65469253,0.7576567,0.6864158,0.7805132,0.68260604,0.7373922,0.6981295,0.9405426,0.6978678,0.855383,0.6781488,0.9790749,0.6856935,0.9560531,0.7555806,0.8134447,0.751858,0.79501396,0.73357505,0.9627233,0.7270917,0.9311886,0.7540676,0.96946853,0.7391619,0.9276593
0.6463304,0.8588536,0.64536446,0.84326214,0.64400935,0.8447624,0.65012795,0.8039845,0.659074,0.79871505,0.6726976,0.7780849,0.68197244,0.7672373,0.68140954,0.9019352,0.68973345,0.8885103,0.6818459,0.97479635,0.68044996,0.95195657,0.7442408,0.7871975,0.7518467,0.7863657,0.69340724,0.8965724,0.7218774,0.8933045,0.7115888,0.9661531,0.75093627,0.9485977
0.12688722,0.4675091,0.1266406,0.46146396,0.12613325,0.46246818,0.12668535,0.45968437,0.12240441,0.46181372,0.12916902,0.47418752,0.113194816,0.48155656,0.15152283,0.4798365,0.10982189,0.50215775,0.16638578,0.48584324,0.12251922,0.50126743,0.12084355,0.55268073,0.111342706,0.5585773,0.13462922,0.54993474,0.1290388,0.5577812,0.13549533,0.5887443,0.13382429,0.6013943
0.11381563,0.5018565,0.11359992,0.4918743,0.11130573,0.49734268,0.11646856,0.47811428,0.10739491,0.4921271,0.12532881,0.48114696,0.10329261,0.5057133,0.15002355,0.476748,0.09613892,0.51822835,0.1662484,0.49537638,0.09967305,0.5056129,0.12936595,0.567314,0.116019525,0.5818345,0.14137204,0.5714389,0.12781136,0.58783376,0.14189766,0.6218594,0.12852503,0.6440731
0.023597814,0.5079828,0.02507922,0.50085056,0.023560619,0.5013275,0.03261427,0.4957661,0.02899223,0.4968692,0.04685383,0.5168663,0.03267819,0.521792,0.066043675,0.5504214,0.03352066,0.57313406,0.07107573,0.5502845,0.037686076,0.5864679,0.053837057,0.61883587,0.0452226,0.6198493,0.0597648,0.67137134,0.04862516,0.6714132,0.062496763,0.73715335,0.05007535,0.7324454
0.7488718,0.749982,0.7446934,0.7444832,0.7517942,0.74550325,0.73478144,0.7801757,0.76176256,0.78360945,0.72564715,0.85550153,0.7637112,0.81606454,0.71353674,0.84873724,0.7572312,0.74788034,0.7261111,0.78079057,0.75376153,0.73421913,0.71074027,0.8684517,0.73964614,0.85393673,0.7216951,0.8132131,0.7573492,0.7960832,0.72590035,0.81218624,0.7543767,0.79714555
0.023903353,0.5002061,0.02540703,0.49237594,0.023339504,0.49367923,0.03276104,0.48540697,0.026956832,0.4885643,0.046734583,0.5054142,0.030861974,0.5101148,0.06488713,0.5269973,0.02450828,0.54192275,0.06786865,0.52404416,0.02178216,0.5433466,0.0508178,0.5990874,0.042070463,0.5993122,0.049251657,0.6652231,0.042965166,0.66473526,0.053273834,0.73286575,0.049010664,0.7281347
0.72473043,0.7899862,0.71747524,0.78421724,0.72742337,0.79163927,0.70893383,0.81095797,0.74079347,0.82802194,0.71568114,0.8632779,0.7554357,0.8281701,0.7211155,0.7896114,0.7467451,0.6906811,0.7244551,0.6982241,0.7373213,0.6707984,0.72334677,0.8335948,0.7524812,0.81855357,0.7217986,0.7953649,0.75821924,0.77995265,0.736161,0.7684032,0.7533968,0.7538648
0.68012756,0.8718555,0.67349046,0.86562943,0.68173844,0.877121,0.6750457,0.8882247,0.6973508,0.9141731,0.6939985,0.921463,0.72710663,0.8943747,0.7062747,0.8258582,0.73932207,0.7342211,0.71055436,0.7202737,0.74309516,0.6749035,0.7255692,0.8699556,0.7473483,0.8595065,0.72261745,0.79848623,0.74940896,0.79038805,0.74206686,0.7437681,0.75176203,0.7370114
0.72682214,0.7965944,0.7232482,0.7913514,0.73166513,0.79267895,0.7234075,0.8170738,0.74855095,0.8177731,0.72714967,0.8723189,0.7561409,0.8386506,0.714658,0.87401557,0.7471426,0.7923982,0.7065253,0.8485308,0.73543197,0.8021342,0.73005337,0.8648208,0.7501258,0.8509883,0.7347879,0.8177427,0.7465976,0.808025,0.7437101,0.80777663,0.74212235,0.8082203
0.7381219,0.8151051,0.7339636,0.8060231,0.7416522,0.80843353,0.73293024,0.82596505,0.7551996,0.8305776,0.7309844,0.87635744,0.7645206,0.84892684,0.70299494,0.90052587,0.76086444,0.8326717,0.679908,0.941623,0.74969125,0.90280014,0.7344319,0.87881833,0.75603783,0.86749667,0.7419325,0.8202843,0.75680417,0.81451243,0.7407426,0.85434353,0.7457081,0.858015
0.7390189,0.80915153,0.73542875,0.80195343,0.7422103,0.8025246,0.73518413,0.82191026,0.75576895,0.8219721,0.7308782,0.8600735,0.77018404,0.83675224,0.6982593,0.8786211,0.78128535,0.8224344,0.6679402,0.9460175,0.76744926,0.8795067,0.73825413,0.8775148,0.76298267,0.8661646,0.7408407,0.8218619,0.76371205,0.81370205,0.7264539,0.8748533,0.75323725,0.87665445
0.74500746,0.7938857,0.7420477,0.7906895,0.747716,0.7871163,0.74101967,0.81417507,0.75935936,0.80705696,0.73783976,0.84709316,0.77519864,0.82359594,0.69357735,0.86488944,0.75720197,0.8175094,0.6644353,0.94410497,0.72131824,0.88359135,0.75493693,0.90125966,0.77700806,0.8853176,0.73037,0.80409753,0.7445344,0.7971782,0.688851,0.9137458,0.70313877,0.9145073
0.72865856,0.7961883,0.73051333,0.7868417,0.72635996,0.7874311,0.7413148,0.79309416,0.72694784,0.79348797,0.7558375,0.8268907,0.7338869,0.80938774,0.72194815,0.86486965,0.6922895,0.81283706,0.67892504,0.93988657,0.66646725,0.9240032,0.7830056,0.90679467,0.7672735,0.8948198,0.7288343,0.82582563,0.71733326,0.82979625,0.69308835,0.9432705,0.69375795,0.9597456
0.7320642,0.79805434,0.73187023,0.789316,0.73406535,0.7891592,0.73404944,0.7883924,0.7408829,0.7870341,0.741553,0.8031156,0.75013125,0.8046974,0.69709677,0.840077,0.70442146,0.82986,0.66631603,0.93429744,0.67048687,0.93081224,0.7834665,0.9171961,0.7876066,0.91483057,0.7147037,0.84041905,0.72282714,0.85701466,0.69481575,0.97251236,0.70510405,0.98969746
0.7269692,0.79633236,0.72589207,0.7914078,0.73011297,0.7879882,0.73069537,0.80364263,0.7422418,0.7962424,0.74240804,0.8300249,0.7556422,0.81965375,0.7035109,0.86548245,0.716179,0.84818417,0.6762728,0.9357405,0.681525,0.941683,0.7810874,0.9174382,0.7878721,0.90676767,0.72428036,0.83623016,0.72738326,0.8385875,0.68886167,0.96081424,0.6908731,0.9680314
0.72858363,0.8134372,0.726329,0.80150735,0.72984594,0.8042456,0.72929305,0.79210496,0.7467286,0.7910164,0.74267113,0.8135978,0.75866705,0.7998465,0.7095186,0.86039996,0.72600883,0.8350016,0.68159026,0.93708897,0.68490463,0.9343093,0.77939934,0.90072125,0.78789157,0.8891722,0.72127783,0.8992363,0.72846407,0.8880133,0.6949624,0.95036805,0.6983978,0.93136686
0.025212148,0.50367856,0.026621325,0.4959389,0.024583025,0.49812505,0.0339259,0.48890176,0.027010724,0.49538198,0.048832197,0.5038631,0.028474832,0.51924497,0.06874226,0.5213129,0.026329443,0.56123734,0.07188969,0.51510507,0.03028061,0.570351,0.055851292,0.58832335,0.042048607,0.59454477,0.06643716,0.6431831,0.039707255,0.64874935,0.07484921,0.70110196,0.039501548,0.70431995
0.712323,0.8364203,0.7121609,0.82452315,0.7106506,0.8255412,0.71707594,0.808308,0.72521895,0.80413765,0.7316694,0.8276187,0.7460363,0.8086875,0.7161414,0.9183684,0.7260443,0.87745506,0.6991574,0.9760084,0.6970856,0.93130106,0.7788386,0.9083067,0.78897166,0.8972205,0.7191658,0.91795295,0.7432877,0.905531,0.7066378,0.98425996,0.73511183,0.9589866
0.12121298,0.5138961,0.12336915,0.5045794,0.11864094,0.5077396,0.12794039,0.49738103,0.114294104,0.5061066,0.13078259,0.5077617,0.10799831,0.53398687,0.15490542,0.49817058,0.101628505,0.5644995,0.16729353,0.4822297,0.11240461,0.55948526,0.13046698,0.59324396,0.115515016,0.6080764,0.14065547,0.57749075,0.12258115,0.5939302,0.14333749,0.60867006,0.12453274,0.63084394
0.7158178,0.84491557,0.7159015,0.8398963,0.7170779,0.8368405,0.72215354,0.831212,0.72313416,0.8222519,0.7414599,0.8487875,0.7371553,0.8062142,0.73318905,0.934717,0.71160567,0.8080807,0.7202662,0.9840108,0.6990704,0.81121576,0.79732203,0.854972,0.7944669,0.8385078,0.7487778,0.9379073,0.7527931,0.9293842,0.76353735,0.98592913,0.7641555,0.9760387
0.715862,0.8414831,0.715811,0.8352036,0.7157058,0.8339225,0.721507,0.826359,0.71877456,0.8219272,0.7412707,0.84503686,0.7311486,0.80734736,0.73437005,0.9346728,0.70822704,0.81201303,0.7196626,0.9840263,0.6977024,0.8092209,0.7983341,0.85490674,0.79105616,0.84262145,0.7610376,0.94043684,0.75899833,0.9332871,0.78290987,0.9826251,0.7758016,0.9698545
0.7194801,0.8435503,0.71927416,0.8354775,0.71676797,0.83612674,0.7230026,0.8231183,0.7216503,0.81879115,0.7414232,0.82349676,0.73318785,0.80737734,0.7327561,0.8994467,0.7168632,0.8564926,0.707515,0.96184236,0.69563645,0.9102675,0.7892132,0.83528274,0.7819678,0.8279263,0.7535924,0.9071641,0.7480388,0.8981462,0.7578994,0.9772351,0.7521654,0.95856833
0.7169628,0.8500122,0.7162029,0.84328866,0.7151289,0.8451019,0.72051215,0.83141226,0.72172,0.8305592,0.7412285,0.82776636,0.73064655,0.8081631,0.7336378,0.8899569,0.7114333,0.8238584,0.7107254,0.9503575,0.70024866,0.8403463,0.7785918,0.8460448,0.7687819,0.8367657,0.7451702,0.9112858,0.7330385,0.90101326,0.7439763,0.9797913,0.72999847,0.9598309
0.71688896,0.84741616,0.7153754,0.83995724,0.7162072,0.8401005,0.71810144,0.82839525,0.7305965,0.8225846,0.7372933,0.8287709,0.7473571,0.8034756,0.7310712,0.88689625,0.72546285,0.82128036,0.71112186,0.95072365,0.6988586,0.85827893,0.78539896,0.8577352,0.79046446,0.84585875,0.7492174,0.91093796,0.75587296,0.89783466,0.7478131,0.97594005,0.753063,0.9503309
0.7161576,0.8500425,0.71448654,0.8426842,0.71543306,0.8421926,0.71592355,0.8302708,0.7291885,0.8225093,0.7342159,0.82715976,0.74577725,0.80144304,0.734026,0.89032906,0.7268098,0.82697576,0.7195973,0.9609423,0.7028785,0.87386,0.78622276,0.8479521,0.79364556,0.8375017,0.75150055,0.91050166,0.7664478,0.8981199,0.7585334,0.97180754,0.7766884,0.94655097
0.716705,0.8506108,0.7161453,0.84416974,0.7166629,0.8424848,0.7187347,0.8348783,0.73086536,0.8241259,0.7335454,0.83272505,0.74571687,0.8026687,0.72893095,0.9017804,0.72266996,0.8320237,0.7173628,0.9509328,0.7011854,0.86446655,0.7814838,0.84490734,0.7902943,0.8318285,0.7417329,0.915871,0.7642822,0.90091836,0.74861306,0.9741375,0.7804133,0.9461176
0.71074647,0.85796964,0.70958585,0.850611,0.7102977,0.8501325,0.7119879,0.8353276,0.7229595,0.8262912,0.7296646,0.8289552,0.73981076,0.8027332,0.7282817,0.89513654,0.72120476,0.8387369,0.71192974,0.9502851,0.69704264,0.8864288,0.78350544,0.84327847,0.78986377,0.8319552,0.7405519,0.9257961,0.75979406,0.9124184,0.7541234,0.9846556,0.78000265,0.95820886
0.71062136,0.8537302,0.7100925,0.84625,0.7106183,0.84425485,0.7125265,0.8347964,0.727167,0.8223205,0.7273593,0.83263445,0.7445686,0.804458,0.7208735,0.9053193,0.7257019,0.85103923,0.7087982,0.9581986,0.70046586,0.90648985,0.78261244,0.8546715,0.79484314,0.84241337,0.739612,0.9319069,0.76731867,0.9170221,0.7479977,0.99330956,0.7852853,0.96396506
0.70768946,0.853809,0.7070238,0.8458053,0.7080424,0.84396577,0.7098881,0.8318419,0.7252188,0.81911427,0.72550887,0.8290884,0.7425844,0.80329096,0.7186737,0.90260065,0.72729665,0.85829926,0.7094609,0.9674709,0.7061267,0.9320174,0.78656125,0.8662709,0.79866445,0.85591906,0.74320734,0.94480026,0.7710659,0.93112034,0.75501215,0.9999909,0.79208845,0.970938
0.70529777,0.8506989,0.7040118,0.84481215,0.7088949,0.8445124,0.7080524,0.82929057,0.72076553,0.8276023,0.7267951,0.8325764,0.7360558,0.8159108,0.71291167,0.8931239,0.7156355,0.8408128,0.7055046,0.9500484,0.7080575,0.89891493,0.78799,0.87405795,0.79417986,0.8687343,0.7439223,0.96937513,0.7581297,0.9665341,0.76386684,0.99402344,0.77759117,0.9840925
0.7361412,0.85944337,0.73369706,0.85271114,0.73906845,0.8535481,0.7322574,0.84131956,0.75740856,0.83663744,0.7437507,0.833563,0.7670921,0.81676626,0.7161972,0.836937,0.7395773,0.81155235,0.70303506,0.8500439,0.7034358,0.84492403,0.7749175,0.8890216,0.7885952,0.87579846,0.7126403,0.90672666,0.7321164,0.892608,0.6998411,0.97953165,0.7174509,0.9567157
0.7359812,0.8566482,0.7332781,0.849617,0.7384338,0.850797,0.7316088,0.8370738,0.75533,0.8326326,0.7425054,0.8303054,0.7644816,0.8129866,0.711835,0.838233,0.7358166,0.81188744,0.69943404,0.85099256,0.7014482,0.84489554,0.77467746,0.891569,0.78695947,0.8783305,0.71341157,0.909194,0.7275964,0.89515984,0.69998914,0.99084306,0.7092853,0.96821237
0.7298816,0.8610833,0.72746146,0.8542156,0.73202413,0.8546248,0.7263691,0.84045994,0.74942654,0.8334214,0.7374751,0.82967687,0.76053053,0.80916595,0.70792675,0.8418149,0.73803586,0.81164324,0.69806427,0.85273015,0.7059928,0.8417047,0.7735655,0.88877773,0.78706795,0.8743282,0.70773876,0.91916645,0.7273562,0.9035949,0.6975059,1.0,0.71517396,0.98925203
0.7311575,0.869162,0.72860307,0.8619776,0.73285884,0.862628,0.7273434,0.84655356,0.7501285,0.84023434,0.73962516,0.8331717,0.7617163,0.81297654,0.7092802,0.8404187,0.736602,0.81094396,0.69823706,0.84896135,0.7031519,0.84009206,0.7766067,0.88458455,0.78981817,0.87031746,0.71152,0.9293614,0.7343047,0.91395426,0.69352514,1.0,0.716407,0.98822343
0.7293029,0.8588492,0.7266342,0.85175365,0.73113984,0.8520387,0.72554827,0.83855176,0.74804217,0.83085483,0.7384258,0.8288905,0.7587995,0.8069122,0.7083736,0.8406556,0.73324674,0.8093159,0.69763124,0.8482041,0.7014644,0.83914304,0.7780841,0.8910868,0.7905094,0.87656707,0.7115709,0.93761367,0.73701817,0.92188257,0.6963939,1.0,0.7245281,0.9970098
0.7392992,0.86668307,0.73654485,0.8596969,0.7406335,0.8611392,0.73270875,0.8472731,0.75516146,0.8431387,0.74241555,0.8367302,0.7640047,0.82004523,0.71008724,0.8356661,0.73583454,0.8099409,0.6988744,0.84841573,0.70141566,0.84089696,0.7776846,0.8877007,0.79033005,0.875526,0.71210265,0.93391293,0.7348442,0.9204002,0.69763917,1.0,0.72114885,0.99148
0.7424414,0.8713161,0.7399052,0.86459285,0.7441002,0.86613715,0.7352909,0.85304636,0.7587413,0.8499348,0.74372786,0.8420945,0.76679057,0.827869,0.7102638,0.8429416,0.7386878,0.8204447,0.7001258,0.8485187,0.7044637,0.84192485,0.77649754,0.88356036,0.7897879,0.8720635,0.710674,0.923071,0.73110706,0.9102651,0.6952154,0.9948427,0.7143957,0.97441655
0.7417309,0.87113065,0.73912174,0.8641982,0.7433309,0.8656011,0.73445225,0.8525536,0.7583675,0.84897447,0.7430464,0.84177434,0.76693827,0.8271862,0.710085,0.83929074,0.74078244,0.81732833,0.700626,0.8471645,0.70689046,0.8402615,0.7764067,0.8873964,0.79054004,0.8759053,0.7104422,0.92674595,0.73401994,0.91398144,0.6938599,1.0,0.7178895,0.9813889
0.74360406,0.8671236,0.7409255,0.86002797,0.7452539,0.86156285,0.73594785,0.84907526,0.7601928,0.8460541,0.7441759,0.84026766,0.7683763,0.8270158,0.7110667,0.8328009,0.743772,0.8134008,0.7010387,0.844471,0.7098049,0.8381698,0.77656215,0.89383036,0.79093295,0.8830616,0.71100336,0.93054116,0.73583704,0.91858536,0.6946761,1.0,0.7207369,0.98677623
0.7420992,0.86630064,0.7394454,0.8594808,0.7439801,0.86104333,0.7343293,0.8498893,0.75917727,0.8467169,0.7425558,0.8416572,0.76716083,0.8281159,0.71021104,0.8334419,0.7423547,0.8134758,0.70097685,0.8419646,0.7093608,0.83536464,0.77562505,0.89023596,0.7897525,0.87912,0.7087373,0.9331002,0.7297601,0.9206077,0.69690347,1.0,0.7167359,0.9810002
0.7389983,0.85956025,0.736283,0.8526631,0.7410747,0.8538457,0.73195666,0.8436787,0.75730693,0.8389304,0.7410299,0.8369545,0.7658007,0.8210051,0.7089903,0.83434266,0.74155855,0.81223285,0.70086354,0.84201276,0.70999473,0.8357848,0.7765415,0.8923574,0.7908635,0.8802412,0.70788974,0.936631,0.7298878,0.9231989,0.6966024,1.0,0.7179151,0.9878514
0.731706,0.85345584,0.7290598,0.8464047,0.7339582,0.8468722,0.7273712,0.8365505,0.7514039,0.8294537,0.7391394,0.831083,0.7611641,0.8109799,0.709053,0.83565915,0.7361473,0.8086444,0.7000556,0.843463,0.7060923,0.8367123,0.7766657,0.8960797,0.7896033,0.8820887,0.70901,0.9369223,0.7311658,0.9218533,0.6953922,1.0,0.7179653,0.99737024
0.72992843,0.8485202,0.7273924,0.8411746,0.7326563,0.84135264,0.7275848,0.8293957,0.7509851,0.82185405,0.7409005,0.82521653,0.7606744,0.80402845,0.7104711,0.834066,0.7339172,0.8052087,0.69966286,0.84290856,0.7032252,0.83598894,0.7772643,0.9054484,0.7892024,0.8907965,0.7100181,0.93233246,0.7334704,0.9169078,0.6935694,1.0,0.71895397,1.0
0.7349804,0.8611757,0.7322109,0.85428166,0.7369837,0.85519856,0.7294846,0.84179723,0.7530597,0.8361857,0.7403073,0.83217514,0.7622922,0.8137744,0.7088641,0.8342208,0.7367984,0.8076764,0.6996583,0.84467095,0.7050583,0.8360206,0.77508765,0.8941494,0.78769016,0.8807416,0.7090594,0.9248955,0.72829807,0.91033894,0.6954955,1.0,0.71317655,1.0
0.83409417,0.30396244,0.8413669,0.28232473,0.8310118,0.29001346,0.86268103,0.27701327,0.8370741,0.2908768,0.8862621,0.37494504,0.844419,0.38248616,0.89907837,0.5209044,0.84816927,0.50903237,0.8609772,0.6009391,0.82869035,0.5929214,0.87968016,0.6115616,0.85396737,0.60351855,0.8357903,0.71304774,0.816194,0.6944585,0.8757882,0.8332637,0.8666822,0.79589605
0.83328545,0.30510527,0.8405301,0.28329426,0.8303035,0.2912329,0.86221755,0.2773215,0.8366734,0.29181764,0.88631916,0.37475786,0.84403545,0.3830131,0.8991968,0.52076507,0.84747213,0.50994396,0.86102116,0.6012651,0.828436,0.59394187,0.8796528,0.61173975,0.85369444,0.60384905,0.8357424,0.71338415,0.81616086,0.6947228,0.875622,0.83351725,0.86679554,0.79579085
0.8326141,0.30548802,0.8398455,0.2836729,0.82974464,0.29173672,0.861811,0.27749643,0.83634853,0.29227057,0.88610643,0.37451017,0.8435923,0.38319284,0.89870787,0.5207831,0.84668535,0.5108527,0.8607912,0.60241693,0.8280644,0.59555334,0.87945145,0.61152095,0.8533203,0.60387194,0.8358933,0.7132192,0.81626683,0.69491404,0.8755166,0.83303,0.866879,0.79594046
0.8321161,0.30634588,0.83923197,0.2845603,0.82922965,0.29254726,0.861,0.27763107,0.83584833,0.29234087,0.88581604,0.37422118,0.84307206,0.3821696,0.8989359,0.52193815,0.8461262,0.5105826,0.86140585,0.6025697,0.8278699,0.5961748,0.87958544,0.6115085,0.85334426,0.60352504,0.836135,0.71389276,0.81641716,0.69474125,0.8754878,0.83341986,0.8666679,0.7953838
0.8319028,0.30767372,0.83884573,0.2850561,0.8295085,0.29349416,0.8606877,0.27718025,0.8367311,0.292216,0.88546276,0.37167192,0.84268445,0.38324225,0.8986993,0.5209269,0.84432995,0.51406336,0.8618124,0.60092574,0.8283524,0.6042215,0.87846243,0.6099797,0.8524812,0.60410875,0.83586544,0.7160687,0.8140975,0.6992136,0.8738514,0.83723325,0.8624506,0.798037
0.83161384,0.30928066,0.8384654,0.28646815,0.8290755,0.2950205,0.8600835,0.27730194,0.8361184,0.29277828,0.88519424,0.37109452,0.84213173,0.3827722,0.89905035,0.5207757,0.8441314,0.51377285,0.8616827,0.6001642,0.82838506,0.6050895,0.878166,0.6098923,0.85209286,0.6040235,0.8359705,0.7174852,0.8145199,0.70024145,0.8738042,0.8384175,0.8627672,0.7984964
0.8313181,0.30970925,0.8382298,0.28703982,0.82877034,0.29533076,0.8598048,0.277803,0.83558273,0.29273155,0.88478434,0.3712583,0.84151834,0.38280883,0.89928055,0.520474,0.8436885,0.51342386,0.86185116,0.60131484,0.8281962,0.6056825,0.87805074,0.60853404,0.8518877,0.6028722,0.8365187,0.7180727,0.81518966,0.701975,0.8737175,0.83726585,0.86321634,0.79957944
0.8306004,0.3112048,0.8373694,0.28854245,0.8282342,0.29670316,0.85883266,0.27807683,0.83549273,0.29261124,0.8841041,0.37094876,0.8415424,0.38166004,0.8992552,0.52099204,0.84361696,0.5125225,0.8616066,0.60181844,0.827799,0.6071131,0.8778307,0.60905033,0.8522418,0.6032424,0.83632356,0.7189498,0.81567687,0.70368564,0.8735898,0.8380734,0.86349005,0.8022531
0.82970715,0.31152314,0.83644485,0.28912064,0.8275277,0.29685822,0.85793114,0.27865133,0.8350994,0.29225102,0.8832823,0.37113592,0.84124297,0.3812943,0.8983784,0.52103615,0.843534,0.512678,0.8606202,0.6033334,0.8277182,0.6087643,0.8776768,0.60908335,0.8524069,0.60303533,0.83643675,0.72032815,0.815735,0.7044636,0.87360966,0.83993065,0.863331,0.8032751
0.82895577,0.31336132,0.836012,0.29309058,0.8264119,0.2992927,0.85647374,0.28183752,0.8332432,0.2920793,0.8819143,0.37265334,0.84116155,0.37951204,0.89834434,0.52417713,0.8461146,0.51148003,0.8586235,0.6053755,0.8262413,0.604529,0.8799656,0.61227804,0.8552022,0.60574484,0.83864444,0.72108555,0.8197241,0.70794976,0.8785427,0.834148,0.8708634,0.8071657
0.82811755,0.31489775,0.83517295,0.29446808,0.825624,0.30093503,0.8558731,0.28188065,0.8325723,0.29266852,0.8816511,0.3715897,0.8406361,0.3792012,0.8978569,0.5248755,0.8455338,0.51243424,0.8579608,0.60754794,0.8262617,0.6047661,0.88041174,0.61242694,0.8554822,0.60641116,0.8382875,0.7202582,0.81959724,0.70880455,0.8783212,0.83355296,0.8712536,0.8090877
0.8275326,0.31685296,0.8346264,0.29648608,0.8250931,0.30274528,0.8555216,0.2833954,0.832118,0.293817,0.88152856,0.3725177,0.8402082,0.37977654,0.89757025,0.5247575,0.8450034,0.5123664,0.85745966,0.60635626,0.8259738,0.6056326,0.88056946,0.6130033,0.8554392,0.6066955,0.8384722,0.7215681,0.81950474,0.7091422,0.8783852,0.83348423,0.87116987,0.8077318
0.8270345,0.3172064,0.8342492,0.29675776,0.82458776,0.30302116,0.855429,0.2841666,0.83153135,0.29461578,0.88153315,0.3738328,0.8397193,0.38145667,0.89725393,0.5253922,0.8445961,0.51359874,0.8562338,0.60721767,0.8258483,0.60689265,0.880727,0.61385006,0.8552787,0.60755414,0.8381781,0.721377,0.8192749,0.7088302,0.87796825,0.8328833,0.87155724,0.8069212
0.82639116,0.31757224,0.8336687,0.29726914,0.8239852,0.30328664,0.8550212,0.28557327,0.83097327,0.2954719,0.8809624,0.37526333,0.83944815,0.38262403,0.89665645,0.52537113,0.84452105,0.51370585,0.85579824,0.6071489,0.8256244,0.60641086,0.8806197,0.6135584,0.85524714,0.60718304,0.83876175,0.7221948,0.81945324,0.70943147,0.87823117,0.83316046,0.8712765,0.8069769
0.82606566,0.31860274,0.8333666,0.29836482,0.82357836,0.3042225,0.8545672,0.28648582,0.83036864,0.29601014,0.8805024,0.3757862,0.83899593,0.38269353,0.8965851,0.525676,0.8446113,0.51322734,0.8559945,0.6075166,0.82565117,0.606013,0.8806719,0.6138913,0.85528785,0.6073523,0.8388053,0.7225583,0.81934637,0.709175,0.8785167,0.83243364,0.87155193,0.80538845
0.8253461,0.3194729,0.8326234,0.2994109,0.8229019,0.3050374,0.8537,0.28734007,0.8297329,0.2962996,0.87966835,0.37588826,0.83838177,0.3823141,0.89614975,0.52580917,0.84436494,0.51303023,0.8560406,0.6072513,0.82539207,0.60567963,0.8802821,0.6144221,0.85500395,0.6078093,0.83869505,0.72409636,0.8191891,0.7106075,0.8784235,0.83282465,0.87144345,0.80584174
0.8251559,0.31989208,0.8323731,0.299815,0.82267904,0.3054977,0.85321647,0.28726593,0.82944554,0.29631165,0.8791297,0.37579942,0.8376789,0.38161376,0.895498,0.52694654,0.8438584,0.51270545,0.8551489,0.60842884,0.82510406,0.60579556,0.8790107,0.6150251,0.85364306,0.6082421,0.83802557,0.7256693,0.81885356,0.7118631,0.8779497,0.83250415,0.8713994,0.80537367
0.82462996,0.32000202,0.8319718,0.29982963,0.8220396,0.30549946,0.85288554,0.2870791,0.8285021,0.29603615,0.87844527,0.3754422,0.83698696,0.3813076,0.89425725,0.5278071,0.8433407,0.5130309,0.8537672,0.60998994,0.82487696,0.6060946,0.87914276,0.61464363,0.8536372,0.60823214,0.8378731,0.7251598,0.81852865,0.7127167,0.8782625,0.8319826,0.8713959,0.8068147
0.8241806,0.31981272,0.83153915,0.29956505,0.82157177,0.3053596,0.85235626,0.28678763,0.82787687,0.2959402,0.87776816,0.3752664,0.83631766,0.38157234,0.8935264,0.5283992,0.84258884,0.5136438,0.85272676,0.61070025,0.8246357,0.6065589,0.879035,0.6143767,0.85348475,0.6085972,0.8375807,0.7242983,0.81844807,0.7140749,0.878539,0.8304891,0.8716373,0.8084594
0.8240244,0.31993607,0.8314536,0.29955798,0.82111055,0.30539206,0.8519007,0.28689197,0.8266927,0.29604983,0.87693614,0.37534666,0.8354687,0.38243023,0.8928572,0.5274136,0.8422505,0.5142354,0.85322505,0.61040777,0.82426304,0.60781413,0.8798229,0.614456,0.854253,0.6094649,0.83738357,0.7234679,0.8184225,0.7147046,0.8786003,0.8295245,0.8721177,0.8094277
0.8237583,0.32066596,0.83123773,0.29987904,0.8206257,0.30618688,0.85167783,0.28714693,0.825816,0.2973311,0.8766217,0.37622702,0.834845,0.3845986,0.8922933,0.52810556,0.8416734,0.5160448,0.8530102,0.6110391,0.82414085,0.6076636,0.880248,0.61529887,0.8544688,0.61113995,0.8369843,0.7225808,0.8182198,0.71553046,0.87875384,0.82929707,0.87251264,0.81124675
0.8232853,0.3218939,0.83089125,0.30091637,0.8200874,0.30709243,0.8515629,0.28743383,0.8252861,0.29726535,0.8763361,0.37596586,0.8348765,0.38422373,0.8921167,0.5280213,0.84241056,0.5162748,0.85299605,0.61079997,0.82402754,0.60833347,0.880283,0.6161824,0.8546653,0.6118833,0.8365218,0.7238443,0.8176159,0.7165001,0.8787053,0.8293877,0.87235373,0.8109105
0.82245964,0.32326972,0.8300134,0.30218947,0.81942123,0.30830625,0.8508897,0.2877746,0.8251732,0.29735085,0.8755887,0.37595916,0.8352558,0.38376695,0.8913192,0.52849275,0.8431897,0.51608795,0.8523402,0.6120532,0.82432747,0.60822576,0.8798211,0.6168242,0.8548992,0.61245626,0.836277,0.72533816,0.8176557,0.71847206,0.87899256,0.8294673,0.8722569,0.81169695
0.82162184,0.32705632,0.8289877,0.30605352,0.81874335,0.3122195,0.84988564,0.29006234,0.82498974,0.29977828,0.8747515,0.37613708,0.835216,0.38386747,0.89046496,0.528457,0.8430414,0.5162449,0.8516861,0.6121971,0.8241995,0.6085841,0.87915146,0.61675364,0.85475063,0.61250705,0.8361241,0.7272836,0.8180885,0.72099346,0.87877494,0.83060956,0.87212783,0.81353045
0.82042974,0.3262977,0.82775444,0.30561364,0.8178615,0.31152797,0.8488563,0.29062638,0.82464933,0.29964316,0.8738823,0.37681085,0.8348155,0.38388065,0.88987464,0.52740914,0.8424136,0.5147561,0.8513059,0.6122213,0.82373124,0.607962,0.87845165,0.61523926,0.85438985,0.6107238,0.83596134,0.7273239,0.81844884,0.72033596,0.87869644,0.8296654,0.8727234,0.8115249
0.8198118,0.32876888,0.8269662,0.30794027,0.8170951,0.31433955,0.8477902,0.29211935,0.8238309,0.3021186,0.87306833,0.3767001,0.8349579,0.38484594,0.8890236,0.52782154,0.8428232,0.51564044,0.8507978,0.61373955,0.8237218,0.60734326,0.87982386,0.61530644,0.85624474,0.61151487,0.83566153,0.7244212,0.81817657,0.7192156,0.87918395,0.828836,0.8726112,0.81255597
0.819022,0.32767707,0.82563955,0.30755368,0.8169202,0.31355396,0.8461264,0.2924487,0.82488483,0.30259258,0.8720073,0.37604028,0.8348795,0.3838317,0.8870891,0.5285596,0.8407766,0.51262176,0.8507306,0.61589766,0.82596964,0.60206527,0.8798501,0.6123185,0.85775816,0.60781074,0.8335373,0.72871596,0.8171877,0.72148097,0.875153,0.83488315,0.8683972,0.81365705
0.81751424,0.32836616,0.82402307,0.3083271,0.8154672,0.31425527,0.8446218,0.29350153,0.82392997,0.30339548,0.87119895,0.37644634,0.83518726,0.38385564,0.8871402,0.52732223,0.8417372,0.51101243,0.85099405,0.6145431,0.8264055,0.6009538,0.8810752,0.61272043,0.8595826,0.6078556,0.83376926,0.7284071,0.8172308,0.7205287,0.87530863,0.8367745,0.8678051,0.8141644
0.8155953,0.33005628,0.82192105,0.31008488,0.81353945,0.31599113,0.84219265,0.29502532,0.82232124,0.3048214,0.8695966,0.37751606,0.8342895,0.38490468,0.88741094,0.5284842,0.8420599,0.5121427,0.8502618,0.6155894,0.82564193,0.6022142,0.8803984,0.61432236,0.8594762,0.6092886,0.83322173,0.72959757,0.81698495,0.7212098,0.87500155,0.83767766,0.8679056,0.8140427
0.8141772,0.33114758,0.8204447,0.3112603,0.8121918,0.3171395,0.8407243,0.29627386,0.8213369,0.30572137,0.8679845,0.37855342,0.8340756,0.3851188,0.8861443,0.52947706,0.8421213,0.5112378,0.8494509,0.6153426,0.82514334,0.60060877,0.8800964,0.61480635,0.8600359,0.60985845,0.8327193,0.7296841,0.8171053,0.7226862,0.8749115,0.8376309,0.8678951,0.8163261
0.81359607,0.3312896,0.81992245,0.31138244,0.81111336,0.31709507,0.8395454,0.29669002,0.8192673,0.30579525,0.86660635,0.37887168,0.83272475,0.3852587,0.8852894,0.53011465,0.8421469,0.51096874,0.8480245,0.6173226,0.8242928,0.6023077,0.88061374,0.6151661,0.8604871,0.6103721,0.83279973,0.73049474,0.8168875,0.7236268,0.87498635,0.83830076,0.8680026,0.81726646
0.8122024,0.33287463,0.81855106,0.3127732,0.8096768,0.31846696,0.8385211,0.29673192,0.81812876,0.30579835,0.865821,0.37815383,0.8324949,0.3842155,0.884795,0.5297292,0.8426162,0.50993073,0.84775114,0.6164956,0.8239781,0.60087323,0.88066006,0.61491716,0.8609399,0.6099244,0.8325286,0.7312376,0.81690454,0.7239032,0.87494344,0.8390203,0.86827797,0.8172265
0.81028616,0.33480233,0.8165575,0.31469625,0.80756664,0.3205701,0.8362989,0.2979416,0.8156295,0.3076927,0.864495,0.37751046,0.83042043,0.3856923,0.8847459,0.52870685,0.84145063,0.5125637,0.8473131,0.6168301,0.8227691,0.6021954,0.88090247,0.61308634,0.8607298,0.6089275,0.8327384,0.73061275,0.81683475,0.7239394,0.8747245,0.839474,0.8684327,0.81804395
0.8085562,0.3359129,0.8142905,0.3159529,0.80606526,0.32243544,0.8334724,0.29810283,0.8148986,0.30928734,0.8630293,0.3760757,0.8294757,0.38529843,0.88472366,0.5278761,0.84074795,0.51250803,0.84657145,0.6169223,0.82295555,0.6022919,0.8793575,0.613367,0.8596572,0.6096666,0.83211374,0.73105586,0.8169171,0.7247138,0.87488,0.8410807,0.8684953,0.8189038
0.80662155,0.33517164,0.8121061,0.31545255,0.804282,0.32198814,0.8307166,0.29860967,0.8132407,0.30971524,0.860979,0.3770696,0.8277672,0.38707113,0.8835476,0.52927125,0.8394213,0.5151951,0.8453475,0.6198875,0.82253236,0.6048351,0.879398,0.6123229,0.8600072,0.60939276,0.8315574,0.72980374,0.81711334,0.7251698,0.8744319,0.8391755,0.868864,0.8192872
0.80509484,0.33725086,0.8102841,0.3176727,0.80279857,0.32453734,0.8286344,0.300154,0.81208706,0.3120724,0.8593976,0.37635773,0.82703274,0.38748088,0.88217753,0.52755064,0.83915776,0.51577425,0.84451497,0.62028605,0.82290214,0.6058602,0.87882054,0.61011755,0.85992116,0.6077462,0.8312735,0.72887707,0.8171711,0.72438455,0.87434244,0.840147,0.8684846,0.8193661
0.8026671,0.33953065,0.8076698,0.31998408,0.800614,0.32693943,0.8260657,0.3012489,0.81057596,0.31319344,0.85743135,0.37697238,0.82569474,0.38801667,0.8796979,0.5304676,0.83833086,0.5181252,0.8434389,0.6266085,0.8230834,0.60889834,0.87832403,0.612563,0.85990745,0.6104506,0.8300595,0.7293045,0.8165703,0.7245826,0.87417746,0.8402919,0.86865246,0.8185005
0.8003111,0.342713,0.8055712,0.32141602,0.7976944,0.32983404,0.8242032,0.30363297,0.8066476,0.31668055,0.85532457,0.38102114,0.8261456,0.3920053,0.88090926,0.53144544,0.84165126,0.51979125,0.84268314,0.62740344,0.82181436,0.6145808,0.8807401,0.6125958,0.86248773,0.6113098,0.82820064,0.71940124,0.8152458,0.7194968,0.8790013,0.8330987,0.8739085,0.81804824
0.7974253,0.3494338,0.8025471,0.32851768,0.79514176,0.33651832,0.8216119,0.30765536,0.8051695,0.31940606,0.8512997,0.38149157,0.8254119,0.38817832,0.87288016,0.5315747,0.84105206,0.51306015,0.8400299,0.632992,0.8235364,0.6107595,0.87837756,0.61242783,0.86193734,0.61037695,0.8270343,0.72383267,0.8156729,0.7219962,0.87912697,0.8333544,0.87376827,0.81547856
0.7949228,0.35300517,0.79944736,0.3330827,0.7930608,0.3404767,0.8174964,0.31272295,0.8036923,0.32301033,0.8475008,0.3829607,0.8239315,0.3879143,0.8692934,0.52836144,0.8398511,0.5095317,0.839098,0.63172,0.8241221,0.61202705,0.8775179,0.6104333,0.86240417,0.60827017,0.82732165,0.7255884,0.81675285,0.72229546,0.87941545,0.83459723,0.8734645,0.8137331
0.7924256,0.35684147,0.7959229,0.33600822,0.7912654,0.34454855,0.8140376,0.3138787,0.8040571,0.32768047,0.84464914,0.38371006,0.82471955,0.38819852,0.86449826,0.52750605,0.838634,0.5101914,0.8407146,0.64341706,0.82690424,0.60996825,0.8757742,0.61087114,0.86292857,0.60765475,0.8249652,0.7250466,0.81722814,0.7194551,0.8754272,0.84091926,0.86907357,0.8160014
0.7898471,0.3593733,0.79382676,0.33855712,0.78842765,0.3467415,0.8129182,0.3181087,0.8007197,0.33122343,0.8423157,0.3897322,0.8225954,0.392383,0.86071616,0.5306301,0.8365068,0.5101615,0.83871615,0.64643687,0.8262523,0.61070293,0.87444085,0.6093741,0.86146146,0.60587835,0.8253614,0.72774994,0.81779414,0.72214484,0.87507695,0.8408061,0.8688502,0.8167514
0.7878742,0.36447495,0.7918376,0.34315455,0.7860311,0.35197452,0.8109811,0.3212534,0.7975978,0.33597553,0.840839,0.3913546,0.82021755,0.39506888,0.86042035,0.5321222,0.8354044,0.51111007,0.8373089,0.6482083,0.8260728,0.6092947,0.87372315,0.60560495,0.86010027,0.6026906,0.8247952,0.7259328,0.8173901,0.7217713,0.87477016,0.84010476,0.86890906,0.81797534
0.7839956,0.36555943,0.7876939,0.3455116,0.78272545,0.35365796,0.8065562,0.32658827,0.7950228,0.33962256,0.8378221,0.39480528,0.8180891,0.39885262,0.8590547,0.5312955,0.8338583,0.5128478,0.8376851,0.6497166,0.82681817,0.60925156,0.8751194,0.60628974,0.8618785,0.60372186,0.82537156,0.72608817,0.817653,0.72148883,0.8748003,0.84199876,0.8690397,0.8184871
0.7829353,0.36987072,0.7866003,0.34994954,0.78102607,0.35777608,0.8042796,0.3285611,0.7915337,0.34093803,0.833852,0.39200306,0.8152823,0.39478716,0.8561223,0.5278534,0.8337024,0.5073382,0.83679545,0.6439055,0.82618535,0.60625535,0.8727471,0.5990911,0.8600939,0.5970809,0.8239296,0.72556466,0.8173885,0.7224995,0.8751424,0.8400293,0.87010974,0.8188712
0.7785047,0.37208736,0.78143305,0.35286695,0.77768904,0.3607696,0.7981926,0.3334495,0.79010975,0.34546784,0.8302596,0.39682022,0.8128309,0.4021068,0.85535735,0.52864647,0.83072394,0.51418686,0.8352564,0.64543045,0.82181466,0.60983443,0.8714687,0.6074011,0.859754,0.6062654,0.8217458,0.7294789,0.8155662,0.726236,0.87486804,0.8406751,0.87025565,0.8182386
0.77704465,0.3805094,0.7796579,0.3600849,0.77594894,0.36957642,0.79572576,0.33688763,0.78813934,0.35215965,0.8274973,0.3974791,0.8116843,0.40737936,0.85375684,0.5321094,0.8311189,0.52334964,0.83415157,0.6463703,0.8190786,0.6112105,0.8695981,0.613043,0.8588974,0.6143142,0.8180701,0.7308673,0.8130441,0.7314949,0.87599134,0.8407037,0.87128764,0.8212346
0.772232,0.39274803,0.7742514,0.37215516,0.7720176,0.382045,0.7902724,0.34618655,0.78652436,0.36201924,0.8224907,0.40431,0.81077117,0.41161826,0.8486194,0.5394868,0.82945126,0.525079,0.83379936,0.6544602,0.81870383,0.61424655,0.86595786,0.6174057,0.8578563,0.61833227,0.81581444,0.7347368,0.8126794,0.73487663,0.87729084,0.84001,0.871233,0.8197381
0.7697735,0.39674652,0.77166414,0.3768217,0.7690396,0.38461974,0.7874193,0.34920907,0.7862466,0.36045843,0.8167117,0.4023441,0.80957854,0.4068595,0.843619,0.54020447,0.829033,0.5147962,0.82799405,0.6484557,0.8130866,0.5963021,0.8534851,0.6114329,0.8508753,0.6129183,0.81433374,0.74226606,0.8125095,0.74317116,0.8670623,0.84945774,0.8624102,0.8265191
0.76649946,0.40316698,0.768573,0.384006,0.76604825,0.39035392,0.78434604,0.35874128,0.7834653,0.36618707,0.8126656,0.41419527,0.8076196,0.41112527,0.8360745,0.5590139,0.82237476,0.51079476,0.82145035,0.6566117,0.80101043,0.5608729,0.85445786,0.6100749,0.8532761,0.60931104,0.8134038,0.743947,0.8124426,0.74237067,0.8655926,0.8510306,0.86222076,0.8259802
0.76218593,0.40737417,0.76479214,0.39015055,0.76150405,0.39413583,0.7797377,0.36841133,0.7761964,0.37023228,0.8076342,0.42339823,0.7986352,0.41029876,0.8333688,0.5641993,0.81301606,0.48121136,0.81426424,0.66250503,0.7885392,0.50965136,0.8515534,0.6060831,0.84785527,0.6023545,0.8129296,0.7472932,0.8094603,0.7436915,0.86511767,0.84854794,0.8626264,0.8243252
0.7559966,0.41570342,0.7584989,0.39905632,0.7553544,0.40262383,0.7734498,0.37417522,0.7697732,0.375772,0.80388224,0.42555532,0.7917041,0.4095929,0.83172095,0.56347007,0.8010414,0.46065563,0.8092109,0.6558252,0.7712702,0.46674535,0.85054666,0.6055003,0.8452186,0.6011183,0.81255734,0.7539295,0.8077552,0.75143313,0.865176,0.8491193,0.8608797,0.8264162
0.7497915,0.42412665,0.75257695,0.40797395,0.7488223,0.41067693,0.76863825,0.3843671,0.76343465,0.38379097,0.7962669,0.43530756,0.7908175,0.42306927,0.82260555,0.57470375,0.819773,0.5218261,0.80683213,0.68012416,0.8128977,0.62510836,0.84771264,0.60792404,0.84533006,0.6048915,0.8094498,0.7542938,0.80578375,0.75033116,0.863338,0.84932345,0.8587409,0.8271828
0.74373335,0.4351626,0.7470616,0.42084545,0.7445121,0.4207888,0.7630924,0.39773446,0.760167,0.38912496,0.7883885,0.45165557,0.78732824,0.42747322,0.8085184,0.5935313,0.8121461,0.5320914,0.79425615,0.6913295,0.8001277,0.6512868,0.8456082,0.619844,0.8448971,0.61332864,0.80757016,0.75203454,0.80200195,0.7475097,0.8724727,0.82446027,0.8641302,0.8121972
0.74014443,0.43883452,0.74338573,0.4240135,0.73977,0.42500213,0.7595601,0.40714803,0.7546401,0.4020781,0.783421,0.467179,0.78189987,0.44821957,0.7997746,0.6201371,0.801531,0.56391203,0.7852185,0.7122357,0.78970903,0.68489033,0.8420297,0.6247872,0.84184754,0.6211147,0.8039781,0.75811505,0.8013963,0.7538406,0.8625315,0.8420817,0.85569316,0.82201034
0.7347169,0.44932693,0.7380416,0.43560317,0.7351421,0.43510967,0.75375384,0.42342678,0.75030714,0.4148668,0.7754995,0.48540187,0.7763589,0.46694613,0.7865316,0.63888246,0.791855,0.5906949,0.7718355,0.7297319,0.77485436,0.7186258,0.8393424,0.63304794,0.84022313,0.63096726,0.8042675,0.7624116,0.8003365,0.75858414,0.86627,0.83691937,0.8564734,0.8174542
0.7311284,0.47074646,0.7336438,0.45742872,0.7323243,0.45620528,0.7486753,0.43776247,0.750411,0.42718908,0.7702496,0.49560833,0.778638,0.46678153,0.775113,0.6672656,0.78945583,0.5900349,0.7544113,0.7726343,0.7653386,0.7169062,0.8385507,0.63942945,0.8444542,0.6337548,0.80308735,0.7694023,0.8030906,0.7642133,0.86741745,0.8373243,0.8579503,0.81729406
0.72485465,0.4888089,0.72679514,0.4766902,0.7287139,0.47416463,0.741218,0.45649138,0.7514237,0.4403097,0.7639922,0.51375455,0.77854186,0.47110656,0.7646377,0.6929744,0.78377426,0.57080853,0.7416281,0.79470944,0.7586146,0.6820679,0.8375436,0.65494615,0.848065,0.64523345,0.7993156,0.79195356,0.8058926,0.78509015,0.8647262,0.84934056,0.85910934,0.8330815
0.71672195,0.50038236,0.71925443,0.4892439,0.7212803,0.4848944,0.7349064,0.473817,0.7448367,0.45208436,0.7570505,0.53681725,0.772473,0.48464465,0.75261366,0.73043257,0.7747175,0.5999567,0.7263137,0.8325589,0.7444948,0.743093,0.8352766,0.6685786,0.84614867,0.65506405,0.795865,0.7982981,0.8033741,0.7856201,0.86347145,0.84586805,0.86164665,0.82847625
0.7116403,0.5139186,0.71301067,0.505121,0.71671766,0.498511,0.7251622,0.49529943,0.74078375,0.46886936,0.7471533,0.5570223,0.76764625,0.49775687,0.7436642,0.7442444,0.7713973,0.5990807,0.71138,0.8505669,0.7403663,0.7200016,0.8254997,0.67928016,0.8412306,0.6622683,0.7898891,0.810803,0.81279755,0.78702563,0.8483278,0.8579963,0.8724726,0.8226392
0.70272064,0.5359711,0.70567584,0.52415574,0.70736295,0.518749,0.7181747,0.51170063,0.72710365,0.4889135,0.7395704,0.5772557,0.7570908,0.527306,0.72851014,0.7606881,0.76446754,0.63370574,0.69875395,0.8742799,0.737379,0.7504916,0.8219344,0.69481283,0.8331208,0.68031806,0.79216516,0.8222137,0.8069567,0.79391587,0.8568681,0.8609566,0.8741488,0.8228407
0.6931267,0.5578666,0.6958194,0.5472698,0.6990861,0.5387592,0.7065329,0.53628796,0.71808827,0.50999635,0.7291226,0.60248,0.7441587,0.55277646,0.7118273,0.7882789,0.7457157,0.6762174,0.6830454,0.9320548,0.7216301,0.81578857,0.81776476,0.70159924,0.8252904,0.6864504,0.8009085,0.8361766,0.80252707,0.80578434,0.8599264,0.8618325,0.8637535,0.8314039
0.68446964,0.6041026,0.6856372,0.59702665,0.6893839,0.58615214,0.6959581,0.58542246,0.7085169,0.5557384,0.71977276,0.6383604,0.73337716,0.58047646,0.71067256,0.8248975,0.73165417,0.7036395,0.68337756,0.9352608,0.70134646,0.8414899,0.8096517,0.70840436,0.8183448,0.69233567,0.79989237,0.84691525,0.80625325,0.8182734,0.8502576,0.8716604,0.85804015,0.84231275
0.67337275,0.6544962,0.6725397,0.6450393,0.6761815,0.63842154,0.67981297,0.6258109,0.6908973,0.60785455,0.70712376,0.6682978,0.71431255,0.6279217,0.70708436,0.8498389,0.7231932,0.7661791,0.681406,0.93878347,0.6946849,0.9115488,0.7982766,0.7238706,0.8029577,0.7172496,0.8070182,0.85289407,0.8095004,0.82608443,0.8619218,0.86041486,0.8654413,0.8294536
0.66212976,0.6729114,0.6611652,0.66306055,0.6646767,0.65722674,0.67048323,0.6429451,0.6815235,0.62788904,0.6984473,0.6855656,0.70908004,0.64310986,0.6994655,0.8611673,0.72152495,0.77385783,0.68158466,0.9375337,0.69466174,0.90642285,0.7897788,0.7515356,0.796313,0.74437314,0.8134819,0.8550762,0.81769955,0.8210912,0.86544275,0.8550054,0.8707423,0.81464106
0.6596015,0.7219928,0.6578915,0.71395075,0.66280353,0.70570034,0.6649722,0.6840138,0.6803352,0.66459477,0.6926201,0.713012,0.7070576,0.65939295,0.69344777,0.8787452,0.72082144,0.77357936,0.6814427,0.93836397,0.69682086,0.8952652,0.78139406,0.7817451,0.7905372,0.76824605,0.8065678,0.89554584,0.8120756,0.84648347,0.86027163,0.8715562,0.86431646,0.81013316
0.65305823,0.74858975,0.65048933,0.7430096,0.655224,0.7340211,0.655724,0.70446664,0.67223996,0.683606,0.68106973,0.71165437,0.6978361,0.6673157,0.6944003,0.8791444,0.72578955,0.78908676,0.67969984,0.92756647,0.70749557,0.89539874,0.7720105,0.80030227,0.78482115,0.79617023,0.80670196,0.9097677,0.8220711,0.8773962,0.85676163,0.87637234,0.87731344,0.8282882
0.64834857,0.75855047,0.6446008,0.7536599,0.65194577,0.74457645,0.6476116,0.7188867,0.67075,0.69741327,0.67527217,0.7282863,0.69527996,0.68053746,0.6916598,0.8813313,0.7346918,0.78403157,0.6822379,0.91661507,0.73718137,0.8715082,0.7638666,0.8205133,0.77908945,0.8136709,0.7937342,0.9213288,0.81718,0.8809855,0.84135026,0.8790641,0.8738532,0.8193927
0.6430878,0.7665856,0.6399286,0.7621336,0.647401,0.75312364,0.6433423,0.7342239,0.6654281,0.713941,0.66955006,0.7437649,0.68460184,0.70035106,0.6840998,0.8718472,0.7055767,0.78410304,0.6822091,0.8981565,0.6975824,0.8698944,0.7553696,0.8335811,0.76776457,0.8297201,0.79505503,0.87760603,0.81444323,0.8420683,0.8391084,0.87899417,0.8676055,0.8310432
0.6301533,0.64347124,0.6270481,0.6411716,0.6371738,0.62771684,0.6263878,0.66745806,0.6609687,0.63261735,0.6540107,0.7534423,0.68172735,0.6814593,0.67688054,0.9106719,0.70478237,0.7712211,0.68068737,0.9043298,0.6875785,0.8637534,0.74435484,0.8542254,0.7659634,0.8390758,0.79002357,0.8672302,0.8149312,0.8188679,0.83669233,0.89614904,0.86993164,0.8509933
0.63452643,0.66752875,0.6306047,0.6654356,0.64030933,0.6526344,0.62494844,0.6937756,0.65890354,0.6630879,0.64670587,0.77862895,0.67798895,0.70850044,0.66190284,0.91821945,0.70218223,0.77733326,0.6715476,0.893845,0.6869776,0.8566767,0.73926896,0.8437085,0.7617075,0.8312131,0.80105937,0.8549998,0.816335,0.80715495,0.8508889,0.88355744,0.86509746,0.8433467
0.64581573,0.7125672,0.6402448,0.7084589,0.65032965,0.7010952,0.6283638,0.72899914,0.66095835,0.71272564,0.64356315,0.8078427,0.67796963,0.7474645,0.65198356,0.9251165,0.7521075,0.7787657,0.6698108,0.8991999,0.8308489,0.8196095,0.727255,0.8248795,0.7478685,0.8198294,0.7918145,0.844742,0.80608416,0.8110872,0.84739715,0.86628485,0.8512935,0.8428645
0.67181826,0.7250892,0.664225,0.71106863,0.67558926,0.7166831,0.6421824,0.721608,0.67899424,0.7374578,0.6463004,0.7938509,0.6840459,0.7953091,0.68692917,0.82499564,0.7347105,0.7926251,0.766749,0.81381065,0.78603035,0.81846166,0.70093936,0.83084637,0.72949606,0.85229075,0.76546335,0.79394686,0.78253007,0.7991438,0.83318293,0.8372412,0.83344364,0.84593636
0.67796606,0.73817927,0.668318,0.7257374,0.68036395,0.73135453,0.64467806,0.7394677,0.6831655,0.75459164,0.6506062,0.8098316,0.6917983,0.80037224,0.69183487,0.8505126,0.7601389,0.7974165,0.751493,0.7973562,0.81737846,0.8104903,0.70480424,0.84646165,0.7338187,0.8640092,0.77521753,0.76793,0.79527247,0.77119595,0.8372778,0.8379977,0.83747846,0.84938496
0.69404364,0.7790927,0.68581575,0.7665039,0.6961276,0.776697,0.6624871,0.7678847,0.6910726,0.7921124,0.66803473,0.81304324,0.6929434,0.8195098,0.7016279,0.8298339,0.75341576,0.8071457,0.74482983,0.816242,0.8192711,0.8015095,0.7101463,0.8688408,0.7264305,0.8910776,0.76644415,0.7532823,0.7833442,0.7628361,0.8452169,0.8388083,0.84883463,0.8507715
0.68535846,0.7722177,0.6748176,0.7613167,0.6865993,0.77759,0.64993757,0.7712128,0.6829317,0.81114,0.65359956,0.8083534,0.68661493,0.82535946,0.6748507,0.8039054,0.7452122,0.77613187,0.7102696,0.8103117,0.8100328,0.79557794,0.69847953,0.8372456,0.7196206,0.8662915,0.76233244,0.7292667,0.7837039,0.7480247,0.8439518,0.82514733,0.84528965,0.84255034
0.67974967,0.7582561,0.6697118,0.74779546,0.6805572,0.76479393,0.6469861,0.76242274,0.6768175,0.8028383,0.6545758,0.8036124,0.68124866,0.8219051,0.68004173,0.79837155,0.74320066,0.77513313,0.71421045,0.8138071,0.81169665,0.8008406,0.70076984,0.8412419,0.7173958,0.87042177,0.7587543,0.72154033,0.7775233,0.7411139,0.84169525,0.825624,0.8426547,0.84045315
0.6655685,0.7784754,0.65605885,0.76501757,0.6666297,0.7811233,0.6303317,0.7721147,0.6606793,0.8108419,0.63368076,0.8190331,0.66849506,0.82978684,0.6685562,0.8131987,0.74250925,0.7689567,0.72835976,0.8244736,0.8170687,0.7963257,0.68395215,0.844842,0.7063742,0.8723213,0.7430759,0.74609786,0.7658669,0.7666192,0.83543444,0.8134687,0.8379852,0.8360296
0.6588864,0.79968464,0.6488543,0.7886439,0.6599987,0.8063794,0.62296623,0.7965669,0.6533296,0.8383923,0.62759286,0.82315755,0.6632165,0.8397366,0.6575802,0.8077961,0.7323437,0.77476037,0.70027536,0.82202053,0.80182904,0.79281235,0.68414515,0.82486236,0.7055524,0.8535444,0.7359145,0.7424778,0.7599849,0.7679362,0.83052045,0.8201977,0.83275205,0.8393158
0.6324076,0.8309365,0.62326187,0.8174234,0.6310988,0.83754325,0.6060501,0.8240119,0.6271588,0.8738036,0.6171085,0.8508555,0.63498443,0.885072,0.6359624,0.8382546,0.67426324,0.84342545,0.6760914,0.81212527,0.7239623,0.8130144,0.6827612,0.8359431,0.6949979,0.8740245,0.74308985,0.73471963,0.7549767,0.76299316,0.82504123,0.822383,0.82244885,0.83768684
0.6701242,0.81893754,0.66384083,0.80671436,0.67005116,0.82067835,0.64236623,0.80802244,0.66039383,0.8460331,0.6430902,0.8288633,0.64978933,0.8634396,0.6381883,0.85851926,0.6317743,0.8640146,0.6809413,0.83590335,0.65391016,0.8031858,0.7037697,0.85249764,0.7107874,0.89249367,0.7516231,0.7443159,0.760798,0.7730275,0.82729954,0.83149266,0.8363647,0.8553562
0.6369416,0.845523,0.6327025,0.8387343,0.6385533,0.8472582,0.61509925,0.8520576,0.6304698,0.87487125,0.61723477,0.8683215,0.632164,0.89138025,0.6327645,0.86987126,0.6477408,0.8732528,0.67832774,0.8479737,0.67585486,0.82280666,0.68266106,0.8644796,0.6930868,0.8972664,0.72940165,0.73891085,0.7416503,0.7662249,0.80770934,0.82569414,0.8173935,0.8529198
0.62813014,0.8748394,0.6212956,0.8695382,0.6308438,0.8802118,0.600809,0.8803723,0.62691486,0.90865815,0.5977934,0.88270384,0.64525145,0.894705,0.60950845,0.8481692,0.703686,0.8397561,0.6503944,0.82522655,0.7656519,0.8462071,0.6629878,0.8462336,0.69081515,0.8711385,0.71625334,0.74838555,0.7480511,0.77092,0.79386586,0.8374075,0.80797064,0.8552037
0.71717614,0.8022091,0.70730484,0.7971946,0.7208082,0.80342793,0.67075855,0.81387395,0.710964,0.8324952,0.64500976,0.8428728,0.70987034,0.8342342,0.6287683,0.8519589,0.74381816,0.7914982,0.6503193,0.8987884,0.79063755,0.868731,0.6684727,0.8444436,0.70961493,0.857326,0.7099156,0.7316194,0.75047475,0.7463872,0.77256167,0.854162,0.7877574,0.8749373
0.62429523,0.8279775,0.6106476,0.8171596,0.6224884,0.8378502,0.5813225,0.8337147,0.61444265,0.88939446,0.5885638,0.8676786,0.6294172,0.90208304,0.6076557,0.85937756,0.65424323,0.8612393,0.63746816,0.86484265,0.6576862,0.8914179,0.6539879,0.8588175,0.6823501,0.8918826,0.7126898,0.72757477,0.7460823,0.75247234,0.77740324,0.867864,0.7849465,0.876413
0.6880675,0.7926603,0.6806857,0.79065543,0.69303936,0.79415745,0.6564171,0.81721485,0.6956428,0.8252727,0.64021033,0.8539579,0.70178246,0.8333753,0.6275363,0.8581835,0.7511568,0.79116625,0.63886994,0.88352686,0.79642844,0.8717823,0.6656264,0.8699362,0.70352,0.8744128,0.70752305,0.7420633,0.7416467,0.741902,0.76368666,0.8761577,0.78198236,0.8826752
0.6447666,0.8352985,0.6353829,0.83217627,0.64801973,0.84040666,0.615349,0.856602,0.65294594,0.8746202,0.61565155,0.8922142,0.67826736,0.87622607,0.6264592,0.8715955,0.74620974,0.80785614,0.63841194,0.888944,0.793107,0.8857188,0.67182046,0.8846504,0.7096917,0.89196587,0.7080568,0.7495975,0.7431187,0.7566281,0.7673792,0.8835924,0.7784001,0.89020455
0.6731803,0.91265136,0.6684484,0.9239133,0.67864513,0.91740835,0.65864533,0.9666548,0.688873,0.9543151,0.6339398,0.9806136,0.71010387,0.9303107,0.6143697,0.9294939,0.76914954,0.8076695,0.6170761,0.9431298,0.8017337,0.86801684,0.6587171,0.908503,0.70296824,0.90122783,0.7140389,0.78855485,0.75362056,0.78213376,0.7434254,0.8741274,0.7620043,0.8858501
0.6033254,0.90148145,0.5956685,0.89732766,0.5983985,0.9179226,0.59488624,0.91900104,0.6004788,0.9687063,0.6292077,0.92960584,0.6411364,0.9657197,0.647402,0.8893236,0.66548294,0.9065518,0.623158,0.92681074,0.64728445,0.9156794,0.7242404,0.8824797,0.7303961,0.90835625,0.74056107,0.7588077,0.7642424,0.7797849,0.7797064,0.88128436,0.8039465,0.8885869
0.6032824,0.8902049,0.5932938,0.8878188,0.59738034,0.9026252,0.58443356,0.9147019,0.59339947,0.95373976,0.6120474,0.93714607,0.62342197,0.95881176,0.63215744,0.90461814,0.66062653,0.904891,0.6113404,0.91561955,0.6646566,0.9239105,0.70106477,0.9045661,0.7073702,0.9296583,0.7456998,0.7664891,0.759884,0.7875537,0.7789879,0.86968184,0.78748727,0.8841738
0.6132938,0.9084899,0.60481894,0.9125235,0.61308396,0.9179825,0.59056896,0.94715834,0.61401933,0.959945,0.5974276,0.9682692,0.6563594,0.9438804,0.6259151,0.91645664,0.7516481,0.84267795,0.6255016,0.93343884,0.79809695,0.89596236,0.67146933,0.9225697,0.7039117,0.92592394,0.720776,0.75195843,0.75637513,0.7563731,0.7613937,0.8852487,0.7792947,0.87892336
0.6536967,0.9115348,0.64789116,0.91814,0.65589195,0.91742367,0.6336163,0.9515314,0.65870804,0.94842046,0.62575,0.96747833,0.68765646,0.92611796,0.63433725,0.932321,0.7649938,0.83566195,0.6287392,0.9445106,0.8013924,0.8970896,0.67268467,0.92327577,0.7073536,0.9183363,0.7259193,0.7579829,0.7600376,0.7522479,0.76607674,0.8783518,0.7859792,0.869514
0.12895599,0.5086434,0.12963593,0.5036669,0.12896793,0.5044551,0.12412858,0.4885857,0.12572408,0.49042594,0.11894716,0.47531843,0.11920028,0.47929475,0.12771359,0.47989562,0.13248505,0.48192313,0.14902519,0.49349794,0.15349339,0.48980492,0.10898044,0.5155002,0.108278625,0.51916724,0.11659794,0.5584518,0.11889656,0.5606166,0.11968104,0.6135722,0.12230225,0.6179023
0.81662,0.88369274,0.8208834,0.8790983,0.8163093,0.87214744,0.81101704,0.88602483,0.8058721,0.87056154,0.79301673,0.8937142,0.7914183,0.88042814,0.8007037,0.87573314,0.7931823,0.8607182,0.8186017,0.87893283,0.81470746,0.8767796,0.7650225,0.8782483,0.76229894,0.8728792,0.7694097,0.80449206,0.76499414,0.79712325,0.776738,0.8722661,0.7724044,0.8682797
0.8191137,0.8818708,0.8230633,0.87822884,0.8193056,0.8709675,0.8142352,0.8861267,0.8102254,0.8699714,0.7955454,0.896094,0.79671305,0.88027096,0.80445176,0.88388574,0.79919565,0.86473954,0.8238805,0.8817378,0.82125896,0.8767896,0.761182,0.8829246,0.76076686,0.87546486,0.76415235,0.8092091,0.762953,0.80082554,0.7638497,0.8754559,0.76301986,0.8710865
0.8153116,0.8604437,0.81298083,0.874959,0.820831,0.85999334,0.80249083,0.9065716,0.82183313,0.87714547,0.76010907,0.91167545,0.7979891,0.8581552,0.7266812,0.9041335,0.79899305,0.8109714,0.7061476,0.955689,0.80805475,0.90879667,0.69722265,0.92435664,0.71796536,0.90316355,0.72406906,0.75409883,0.7656022,0.7303466,0.69349915,0.9172777,0.73909825,0.905279
0.59288025,0.90801513,0.58407277,0.91112536,0.5939487,0.9164205,0.5707455,0.9364037,0.59700817,0.94969124,0.5816421,0.94438946,0.63914436,0.9373782,0.6116326,0.89840335,0.72722435,0.8666052,0.59775394,0.9371534,0.7566921,0.9316793,0.66431564,0.92246187,0.69500524,0.93374497,0.7257592,0.74296004,0.75648606,0.75347996,0.76593316,0.9057189,0.778445,0.90191823
0.7876179,0.82935977,0.79129905,0.82744545,0.78779525,0.8226334,0.787654,0.82435256,0.78219295,0.8117643,0.77806216,0.82315296,0.7685113,0.8122597,0.7911112,0.8378431,0.7755289,0.83362347,0.8073288,0.9079896,0.8012454,0.912335,0.75345355,0.8481602,0.74446654,0.84543645,0.75940126,0.7362961,0.75143504,0.73213065,0.7794003,0.8976349,0.77430564,0.8937851
0.78107655,0.8199973,0.7846457,0.81786495,0.7811675,0.8128957,0.7816947,0.81279874,0.7756076,0.79943126,0.77299476,0.8104114,0.7630376,0.79834944,0.78783435,0.83135134,0.7726221,0.82584494,0.805616,0.90407103,0.7994072,0.9070697,0.75180143,0.84008735,0.74261373,0.83737487,0.7620644,0.73600775,0.752176,0.73163944,0.7861383,0.8992073,0.77776664,0.89459765
0.5859255,0.9121353,0.5798573,0.910577,0.5834823,0.91731787,0.57663536,0.9273198,0.5835434,0.94502836,0.59941566,0.93858266,0.6170292,0.94380623,0.6286623,0.90909433,0.67348117,0.89956594,0.6035902,0.91833985,0.6689105,0.9359592,0.6845886,0.9226374,0.6924004,0.9393676,0.7445395,0.7584356,0.757928,0.7699185,0.78087395,0.9000471,0.7910965,0.9024235
0.5907155,0.9140791,0.5847246,0.91124463,0.5867821,0.918965,0.5838586,0.92699987,0.58633435,0.9482692,0.61202824,0.93847454,0.6151536,0.95247895,0.63476604,0.91225666,0.6493475,0.9184542,0.6054852,0.91177845,0.6298682,0.93264097,0.7003469,0.92295176,0.70096487,0.9431136,0.7550613,0.7628214,0.7613048,0.775761,0.78365976,0.88444597,0.793821,0.8954443
0.5915043,0.9052053,0.5863492,0.9081707,0.59122384,0.9119425,0.5833928,0.9339388,0.59552014,0.9438163,0.59863245,0.9472025,0.6346179,0.9351803,0.62447196,0.909804,0.7080033,0.8744733,0.6133642,0.9222644,0.72369426,0.9317754,0.676331,0.9339675,0.6938605,0.9425039,0.73868173,0.75888675,0.76049733,0.7646399,0.77047825,0.9074675,0.785181,0.9030229
0.58964646,0.9188315,0.58254635,0.917395,0.58594567,0.9262844,0.5767024,0.93360037,0.5819308,0.9585212,0.6035262,0.93797255,0.604639,0.9616959,0.6294641,0.90770036,0.6335058,0.9281743,0.61480516,0.9214144,0.623707,0.94383496,0.69600487,0.93248475,0.695641,0.96103317,0.7562338,0.7544452,0.76099455,0.7776681,0.7894885,0.88491493,0.79753345,0.9030427
0.589589,0.9104493,0.5825302,0.9102743,0.5868945,0.9177333,0.5749572,0.9292913,0.58300704,0.95118266,0.598056,0.93556845,0.6048186,0.9569332,0.6254125,0.9064914,0.6353937,0.9264869,0.6150314,0.92061764,0.6253388,0.94883937,0.68720645,0.9312804,0.6901221,0.9592446,0.7539214,0.7524056,0.76127845,0.7758474,0.787422,0.89044446,0.7956113,0.907755
0.81526726,0.8870965,0.81984943,0.8830664,0.8156169,0.87572443,0.8123434,0.8857836,0.8073741,0.8689548,0.79545105,0.8875157,0.79322,0.87168336,0.80364275,0.87300676,0.7927343,0.8534917,0.81977826,0.8796971,0.81220686,0.87296003,0.7664375,0.8747121,0.7635547,0.86813486,0.77056307,0.7996597,0.7665129,0.7912359,0.7815288,0.87717813,0.7777042,0.87109596
0.8139453,0.88721913,0.81842726,0.88259727,0.81400377,0.87566626,0.81010306,0.88440305,0.8048968,0.86878884,0.7938873,0.8846483,0.79086465,0.87097305,0.8015955,0.868071,0.7903856,0.8516269,0.81732005,0.87749106,0.809898,0.87161565,0.7678076,0.87079704,0.7642523,0.86543614,0.7717991,0.79583657,0.7673293,0.78815323,0.7844856,0.8775121,0.780317,0.872049
0.8064089,0.25499207,0.80972624,0.24325311,0.8027018,0.24656284,0.81738627,0.24526457,0.7992983,0.25411123,0.8298194,0.3038575,0.79845065,0.31189606,0.8447399,0.38063413,0.7935658,0.37129208,0.84722614,0.44603807,0.7934444,0.3758724,0.83089226,0.45521846,0.8117694,0.45997456,0.83318037,0.57158345,0.8208327,0.5765051,0.8343417,0.67863643,0.8277855,0.6828997
0.806071,0.2546359,0.8094039,0.24281745,0.8022831,0.24616383,0.81710255,0.24497123,0.7988617,0.25386932,0.8296116,0.30421364,0.79816884,0.31212914,0.84470665,0.38115987,0.79300004,0.37146956,0.846955,0.44705114,0.7930456,0.37671062,0.8307487,0.45595387,0.8116956,0.4605877,0.8317136,0.5722385,0.8205927,0.5770585,0.8316237,0.67998356,0.8273207,0.6841748
0.8057708,0.25484586,0.8090898,0.2429545,0.8019274,0.24638839,0.8168743,0.24513735,0.79856634,0.2541267,0.829966,0.305255,0.7977516,0.31267664,0.84520435,0.38368767,0.79213095,0.3723022,0.846913,0.44991648,0.7931283,0.37689754,0.8312257,0.45724994,0.81167525,0.46151116,0.8308415,0.5726216,0.8193515,0.57702595,0.8295221,0.6791615,0.8256156,0.68287045
0.8056206,0.25319096,0.80901414,0.24155517,0.8017952,0.24433836,0.81679744,0.2444571,0.7985939,0.25179923,0.83032,0.30644438,0.79706234,0.310732,0.84616375,0.3893693,0.79125583,0.3695768,0.84667844,0.4596832,0.79207265,0.37859967,0.82975215,0.4597869,0.8097391,0.46268722,0.82838166,0.57076776,0.8164008,0.574078,0.82609046,0.6772473,0.8222246,0.6795938
0.8055054,0.2518156,0.8089385,0.24012618,0.8016778,0.2428954,0.8167656,0.24343193,0.798483,0.25071168,0.83048105,0.30696332,0.796926,0.31075427,0.8460304,0.39271545,0.7914969,0.3710768,0.8458735,0.46569264,0.7922229,0.38116685,0.8296173,0.46160403,0.809373,0.4641388,0.8273609,0.57233804,0.81482595,0.57526934,0.82528317,0.6788758,0.82089245,0.68082863
0.8056907,0.2499728,0.8091877,0.23843907,0.80191565,0.24090311,0.81704515,0.24237043,0.7987784,0.24891149,0.83036166,0.30712408,0.79777926,0.30894035,0.8458989,0.3942841,0.7932457,0.36758223,0.8446237,0.4679677,0.7928073,0.3759431,0.82817376,0.46273756,0.80849916,0.46413064,0.82564783,0.57513165,0.81378233,0.5770241,0.824656,0.68265545,0.8202602,0.68338746
0.80546933,0.24833894,0.8091237,0.23655666,0.80177975,0.23928694,0.8174014,0.24104196,0.7986959,0.24844426,0.83062094,0.30654538,0.79855496,0.31025207,0.8456783,0.3899158,0.79419494,0.37059918,0.84443897,0.46178198,0.79295033,0.38071772,0.8284442,0.46309674,0.8088593,0.4645898,0.825731,0.579073,0.813816,0.58078134,0.82451814,0.6877788,0.8197425,0.68822426
0.8056345,0.24567816,0.8094477,0.23361154,0.80189335,0.23631117,0.8178548,0.2384101,0.7986902,0.24569811,0.83104324,0.3055823,0.79772866,0.31012157,0.8452628,0.39258614,0.7942206,0.37704113,0.8447549,0.4630605,0.7933243,0.38905793,0.82837677,0.46350822,0.8080365,0.46541724,0.8252775,0.58103323,0.8127864,0.5831205,0.8238509,0.6918202,0.8189053,0.69277173
0.80553454,0.24284704,0.8096572,0.23107779,0.8020422,0.2330533,0.8185095,0.23687027,0.799081,0.24238047,0.8313907,0.30479968,0.7971141,0.308626,0.84453434,0.3908207,0.7930717,0.38064444,0.8443918,0.46036702,0.79376346,0.4078064,0.8280317,0.46341544,0.80717164,0.4647425,0.8255876,0.5818964,0.81259584,0.5829304,0.82360774,0.69445515,0.81934255,0.693719
0.8062647,0.24123749,0.8105888,0.22956419,0.80272144,0.23111577,0.8196004,0.23558773,0.7995479,0.24000783,0.831798,0.30386832,0.797542,0.30559582,0.84448904,0.3895585,0.79243964,0.37534893,0.84460634,0.46196175,0.79297364,0.407304,0.8278336,0.46329516,0.80698776,0.4635937,0.8260798,0.582092,0.8128611,0.5819124,0.8239053,0.6954486,0.81929725,0.6931879
0.806601,0.23915823,0.8110823,0.22763172,0.80322284,0.22864334,0.820271,0.23381883,0.80010265,0.23684327,0.83250535,0.302779,0.79693884,0.30370104,0.8448443,0.38954306,0.7916107,0.3776727,0.8447834,0.46412736,0.79235137,0.42005187,0.82782334,0.4640865,0.80619097,0.4640116,0.82693815,0.5826135,0.8127166,0.5819057,0.8249628,0.69635725,0.8200065,0.6932539
0.80768555,0.23792987,0.8122908,0.22634007,0.8041073,0.2269922,0.82136196,0.23226435,0.80047655,0.23426832,0.8330693,0.30122212,0.7968408,0.30080846,0.84516,0.38915667,0.7913069,0.37633348,0.8448411,0.46494797,0.79204345,0.42400426,0.82774496,0.46384144,0.8056237,0.46311992,0.8268547,0.58338636,0.8116768,0.58190095,0.824567,0.6976037,0.8184701,0.6937153
0.80857813,0.23415357,0.81335604,0.22277895,0.8050278,0.22300641,0.8222562,0.22968942,0.8010365,0.23094341,0.83336705,0.29867876,0.7965256,0.299756,0.8450986,0.38417128,0.79099095,0.3790972,0.8455729,0.46407962,0.7903749,0.44297707,0.82764876,0.46095785,0.8050589,0.4608688,0.82600707,0.57954127,0.8101392,0.5785358,0.82503885,0.69212353,0.81685275,0.6889053
0.80970234,0.23227558,0.8144593,0.22081415,0.8058862,0.2211414,0.8229794,0.22826897,0.80124444,0.22967766,0.833759,0.29829636,0.7963691,0.29972515,0.8455717,0.3844993,0.7903993,0.38060853,0.84565973,0.4648686,0.7884297,0.44731042,0.8280312,0.4617591,0.8050279,0.46182775,0.825336,0.5811006,0.80870384,0.5802348,0.8255833,0.69377875,0.81635743,0.6910789
0.8107759,0.22989497,0.8155034,0.21842344,0.8067957,0.21888344,0.82371265,0.2264559,0.8016524,0.22812939,0.83392125,0.2970001,0.7963909,0.29924905,0.84565157,0.38195965,0.7899838,0.38076562,0.84579605,0.45968476,0.78755426,0.4479691,0.8283047,0.46157178,0.8050933,0.46205142,0.8248324,0.58050627,0.8073536,0.5800337,0.8263895,0.6913306,0.8156686,0.68945724
0.81115067,0.22656414,0.81595176,0.21500076,0.8070165,0.21550936,0.82420397,0.22392468,0.801671,0.22580887,0.8346103,0.2961117,0.79659986,0.298139,0.84654665,0.38278842,0.7900199,0.37975758,0.8463139,0.46074724,0.78435636,0.4457619,0.8283394,0.45986637,0.8046894,0.4599579,0.82424414,0.57901406,0.8053147,0.5782467,0.8265771,0.69043076,0.81310254,0.6884556
0.8115555,0.22556655,0.81634134,0.21407114,0.80745286,0.2144942,0.8245355,0.2227455,0.8020666,0.22443925,0.8348953,0.2944526,0.7965632,0.2966407,0.8470069,0.38058373,0.7897714,0.37924376,0.846549,0.4571916,0.7834999,0.44775087,0.8282098,0.458039,0.8043232,0.45811912,0.82399255,0.5771732,0.8043664,0.57637435,0.8266825,0.6882921,0.81219906,0.6864715
0.81227094,0.2220882,0.81690836,0.21058662,0.80798006,0.21112393,0.8246915,0.21997747,0.8021535,0.22179838,0.83514273,0.29280096,0.79613787,0.29503593,0.8475424,0.37967333,0.78903395,0.37870714,0.8473029,0.45494798,0.78265566,0.4466624,0.82828015,0.45572054,0.8038294,0.45577288,0.8238789,0.57543916,0.80253917,0.5746663,0.82585573,0.68858695,0.8089844,0.68722975
0.8118083,0.22061545,0.8164639,0.20915884,0.8076064,0.20975956,0.8244395,0.21836673,0.8021045,0.22046082,0.8350108,0.29072708,0.7961084,0.29357082,0.847571,0.37676674,0.78875643,0.377398,0.84803677,0.45166785,0.78217703,0.44627827,0.82796663,0.4537024,0.80354035,0.4539209,0.8239509,0.5743296,0.80205786,0.57368714,0.82551384,0.68798476,0.8074357,0.6868406
0.81109345,0.21883473,0.8157069,0.20723096,0.80688345,0.20829132,0.8239547,0.21552761,0.80192024,0.2187523,0.83481675,0.28729904,0.7963616,0.29149088,0.84737015,0.3739301,0.78883773,0.37723505,0.84825057,0.44904488,0.7812214,0.44586378,0.82764465,0.45437402,0.8032654,0.45498145,0.8247471,0.5788819,0.8006281,0.5786913,0.8250128,0.6983058,0.8034453,0.69777125
0.8115144,0.21856904,0.81607646,0.20689087,0.80717057,0.20806003,0.82413495,0.21471587,0.8019125,0.21820556,0.8345255,0.28541228,0.7964246,0.29032648,0.8471136,0.3704022,0.7888345,0.37556273,0.8488302,0.4455248,0.7810382,0.44465247,0.82769996,0.45328242,0.803462,0.45431966,0.82487935,0.57877624,0.8004578,0.579054,0.8247733,0.69955856,0.8019728,0.69982135
0.8112833,0.21889073,0.8158323,0.20696194,0.80682594,0.2082275,0.8239314,0.21376985,0.8014194,0.21750331,0.83421993,0.28341323,0.7961446,0.28858745,0.84707206,0.36817414,0.7884686,0.37370557,0.84930056,0.4446832,0.78059745,0.44357046,0.82741797,0.45200354,0.8031861,0.4531979,0.8249402,0.57785434,0.8003087,0.5783156,0.82441056,0.69973946,0.80100054,0.7002873
0.81008816,0.21815662,0.81460744,0.20611978,0.8057232,0.20755251,0.8229596,0.21256523,0.8006911,0.21679856,0.8339387,0.2823021,0.7956973,0.28819454,0.84739476,0.36676857,0.78825015,0.3734981,0.8497184,0.4429548,0.78037417,0.4423419,0.82739395,0.4518759,0.80304426,0.4532935,0.82502955,0.57793283,0.79985696,0.5785966,0.82460946,0.70113504,0.8003623,0.7017815
0.8088035,0.21726073,0.8141633,0.20609695,0.80414677,0.20694575,0.82399887,0.21243097,0.7994577,0.2141772,0.8338637,0.28762984,0.7950706,0.29032567,0.84931946,0.36989474,0.784744,0.3701121,0.8501302,0.44582394,0.7790834,0.443465,0.8258544,0.45788577,0.8015437,0.45797035,0.8222456,0.5887574,0.7988154,0.5906213,0.8231808,0.70808834,0.8022446,0.7131801
0.8085174,0.21684101,0.8131604,0.20468575,0.80422956,0.2059214,0.82175344,0.2116048,0.79912466,0.2155138,0.83353275,0.28301087,0.7932448,0.28900677,0.8469993,0.36869326,0.7854926,0.37609643,0.84990424,0.442521,0.7792496,0.44430947,0.8264193,0.4544701,0.80109245,0.45598367,0.82387304,0.5836281,0.7997044,0.5842238,0.82336915,0.7112533,0.80184823,0.71150213
0.8073513,0.2139589,0.8121819,0.2015621,0.80293655,0.20291105,0.8211137,0.20960672,0.79782623,0.21385087,0.8332136,0.28326836,0.7921173,0.2896415,0.84667456,0.37100554,0.78425926,0.37857166,0.8498444,0.4457648,0.7787885,0.4470473,0.8264985,0.45544147,0.80062324,0.45713457,0.8243637,0.5857989,0.79981166,0.58645254,0.82354796,0.7138993,0.80230516,0.7140024
0.80656713,0.21232498,0.81145614,0.19983114,0.8020391,0.20124564,0.8204328,0.20858954,0.7968053,0.21302347,0.83263654,0.28338948,0.7911319,0.2902785,0.8461811,0.37203676,0.7836751,0.38065138,0.8496923,0.44666642,0.77845323,0.44847053,0.826251,0.45560783,0.80007935,0.45762914,0.8244886,0.5871419,0.79972684,0.5881171,0.82343477,0.71601754,0.80207664,0.7164719
0.80592626,0.21108422,0.8108298,0.19835363,0.8012676,0.19999169,0.8197398,0.2072246,0.795848,0.2122526,0.8320799,0.28280678,0.7901792,0.29065165,0.845718,0.37249622,0.7832739,0.38214013,0.84918976,0.44881395,0.7783697,0.44967118,0.82611865,0.45584545,0.79969555,0.45845053,0.8244215,0.5874435,0.79974025,0.58897924,0.8232889,0.7155897,0.8025653,0.7167858
0.8052994,0.21110693,0.8101961,0.19833715,0.8006083,0.19994496,0.81903094,0.20701653,0.79510635,0.21196955,0.8314037,0.28256366,0.78931254,0.2904763,0.8450522,0.37306973,0.7828371,0.38272774,0.8488962,0.45073953,0.778032,0.45030072,0.8255257,0.45550585,0.79903865,0.45831263,0.82436687,0.5877671,0.80006295,0.5895459,0.82293063,0.71574944,0.80284786,0.7171826
0.80385077,0.20994571,0.8086284,0.19709691,0.79912007,0.19891725,0.81733793,0.20588171,0.79358757,0.21135202,0.83026475,0.2822537,0.78764,0.2908834,0.8444158,0.37428647,0.78179926,0.38447616,0.84846973,0.4544244,0.7777068,0.45161256,0.82481736,0.45608726,0.7980375,0.4594235,0.82436126,0.5896908,0.8001775,0.59205174,0.8226725,0.7188864,0.80342925,0.7210288
0.8030557,0.20814586,0.8076068,0.19567157,0.7987102,0.19723077,0.8161933,0.20411852,0.793929,0.20852695,0.8300878,0.28099507,0.78739995,0.28831574,0.84481126,0.37768662,0.7812985,0.38369915,0.85084516,0.46652356,0.7758688,0.45582336,0.8247439,0.45918164,0.798384,0.46228933,0.823279,0.59286284,0.7996815,0.5954381,0.82217455,0.72055316,0.8035366,0.7226183
0.8013672,0.2077338,0.80605173,0.19527963,0.79714894,0.19677573,0.81504697,0.20376763,0.792742,0.20808604,0.82891047,0.2803316,0.78652966,0.2877641,0.8438713,0.37677327,0.7802521,0.38330683,0.85077584,0.46848664,0.77575797,0.45808002,0.82386535,0.4591099,0.79774094,0.46227702,0.82235557,0.5932966,0.7994449,0.5959365,0.8216546,0.72259027,0.8038761,0.72451
0.7994911,0.20579988,0.80451643,0.19332437,0.79510087,0.19430783,0.8135911,0.20300318,0.7902491,0.20620792,0.827147,0.2817,0.78412706,0.28802276,0.8433577,0.37612942,0.77850914,0.3860266,0.8469987,0.45983294,0.7738523,0.4610352,0.82135296,0.4586078,0.7948076,0.4606382,0.82143515,0.5992868,0.79892904,0.6001726,0.8217201,0.7328906,0.8061229,0.73284525
0.79809326,0.20552789,0.8031441,0.19287948,0.793586,0.19387929,0.81211007,0.20175272,0.7883489,0.20495276,0.8252225,0.2792766,0.78217465,0.2857073,0.8411441,0.37341452,0.77600574,0.3835374,0.84478396,0.45677862,0.77189773,0.4593804,0.8201377,0.45773754,0.79343915,0.46003306,0.82063055,0.5984077,0.7974214,0.59948087,0.82134837,0.7313237,0.80445814,0.7314282
0.7964228,0.20144849,0.80134946,0.18883017,0.7919221,0.1901145,0.8101228,0.19839768,0.78660053,0.20227909,0.8232237,0.27716842,0.78045183,0.28440115,0.83928436,0.37092453,0.773676,0.38146317,0.8438331,0.45634347,0.7693401,0.45723632,0.81895536,0.4569708,0.79240113,0.45986566,0.81967753,0.5974446,0.7964476,0.59919566,0.8214769,0.7299488,0.804093,0.7308088
0.7946086,0.20068052,0.7996809,0.18808684,0.79024094,0.18934558,0.80885506,0.19716865,0.78517365,0.20110482,0.82171917,0.2749333,0.7789328,0.28223345,0.8373396,0.3672022,0.77082413,0.3774457,0.8426752,0.45293772,0.76676285,0.45443693,0.8174187,0.45565745,0.79086363,0.45863447,0.81916106,0.5966727,0.79558444,0.59838897,0.82133865,0.7295051,0.80346346,0.730163
0.79260564,0.19886735,0.79758006,0.18609221,0.78826934,0.18763676,0.80682415,0.19464637,0.7833516,0.19927715,0.82065976,0.27226818,0.7765106,0.28162736,0.8361843,0.36405304,0.767732,0.38031837,0.8411312,0.44977084,0.7643658,0.46224684,0.81740505,0.45439968,0.78998107,0.45842227,0.8193411,0.5953486,0.79477406,0.59802985,0.82020646,0.72872865,0.80217135,0.73027796
0.7915353,0.19644964,0.79628676,0.1834415,0.78686076,0.18537626,0.8048841,0.19240619,0.78124684,0.19788891,0.8190986,0.2708629,0.77407116,0.28186113,0.83520633,0.36376482,0.7659434,0.3824846,0.83953774,0.45040742,0.7623376,0.46377593,0.81741524,0.45179203,0.78932196,0.4570274,0.8197617,0.59353054,0.7943868,0.59744847,0.8205201,0.72736424,0.8017234,0.7307072
0.79138434,0.19713575,0.79593074,0.1838185,0.78635615,0.18624981,0.8040531,0.19238321,0.7800494,0.19906938,0.8182971,0.27047002,0.77293533,0.28260136,0.83452576,0.3635175,0.7645115,0.3819889,0.8381902,0.45105085,0.7606543,0.46013618,0.81735295,0.45136935,0.7889179,0.45734707,0.8203044,0.59340644,0.79407245,0.59814703,0.8205129,0.7267498,0.800672,0.7314737
0.7904795,0.19514102,0.79498816,0.1817155,0.7853462,0.18435517,0.8031222,0.19075188,0.77899516,0.19801067,0.81785005,0.270128,0.7718509,0.2825805,0.8337774,0.36478448,0.76219076,0.38243768,0.83674556,0.4515372,0.7561541,0.46031457,0.8172371,0.45048073,0.78841734,0.45654216,0.8200769,0.5941652,0.79349965,0.5989677,0.8198251,0.7288999,0.79969186,0.7337867
0.7890956,0.19523264,0.79376143,0.1819628,0.7841879,0.18440188,0.80242825,0.19113465,0.7784436,0.19790371,0.81755084,0.27110064,0.7713873,0.28191513,0.83329946,0.36571848,0.7605011,0.37898365,0.8361816,0.45315582,0.75517833,0.45654777,0.81645125,0.45207232,0.78763723,0.45721143,0.8196207,0.59434146,0.793303,0.59807897,0.8189589,0.72889024,0.7998473,0.73204845
0.78754646,0.19346078,0.7923832,0.18026397,0.7828273,0.18250422,0.80158395,0.18931238,0.7776325,0.19565104,0.8169265,0.26949713,0.7709483,0.27904406,0.8322328,0.36504975,0.75907713,0.37447804,0.8350045,0.45276874,0.75295115,0.45091847,0.81574935,0.4511268,0.7873177,0.45557305,0.81765693,0.59487474,0.7936911,0.59789515,0.8167704,0.7317788,0.80127805,0.7337075
0.7871484,0.19127011,0.7920112,0.1782369,0.78244185,0.18021362,0.8010643,0.18768422,0.77708405,0.19337003,0.8165377,0.26884207,0.76998675,0.27711707,0.83253783,0.36466014,0.75747406,0.3703773,0.8344801,0.45148322,0.7496125,0.44433913,0.81466573,0.45266128,0.7861107,0.45657927,0.81608075,0.5982057,0.7938613,0.6008086,0.8148692,0.73699725,0.80242634,0.73853487
0.78619945,0.18877356,0.79119915,0.17572387,0.7816145,0.17740065,0.80051833,0.18515164,0.77643263,0.1901381,0.8161208,0.26706117,0.76911366,0.27436873,0.8318903,0.36436734,0.756098,0.3686055,0.8336628,0.44943544,0.74704,0.44253278,0.81336755,0.45306417,0.78484964,0.4564509,0.8141699,0.6013171,0.7941683,0.6034275,0.81242466,0.74395424,0.8038066,0.74467945
0.78605574,0.18712534,0.79100925,0.1741094,0.7815389,0.17570338,0.8001942,0.18318805,0.77631193,0.18791465,0.815652,0.26518282,0.7687323,0.27186623,0.83153814,0.36241224,0.7547753,0.3647624,0.8331585,0.44727588,0.7450854,0.43725532,0.812469,0.4535895,0.78417414,0.45675173,0.812313,0.6028116,0.7936728,0.60485846,0.81038505,0.7468658,0.80365413,0.7475591
0.7849236,0.18610924,0.7900118,0.17297159,0.78047633,0.17453083,0.7996307,0.18190084,0.77557784,0.18663788,0.81524754,0.2647156,0.76843625,0.2709537,0.83110327,0.36294368,0.75422007,0.36337644,0.83293027,0.44928223,0.7431698,0.43555006,0.8116293,0.45574299,0.78354156,0.45855978,0.810864,0.6056438,0.7934124,0.6073772,0.8090746,0.7499614,0.8037783,0.7501069
0.78399956,0.18396819,0.7892527,0.17065583,0.7795697,0.17225659,0.7993747,0.17987238,0.7749316,0.18477745,0.81531554,0.26403582,0.76797307,0.270034,0.8309353,0.36398265,0.7531897,0.36283597,0.8327784,0.45069522,0.7418105,0.43342322,0.8111607,0.45787805,0.7827927,0.46040556,0.80986613,0.6098,0.79273814,0.6112965,0.80755454,0.75546116,0.8030532,0.75515294
0.7844844,0.1819327,0.7897516,0.1686676,0.77993196,0.17013156,0.79963976,0.1786564,0.77489346,0.18312092,0.8150832,0.26405066,0.7678028,0.2688401,0.83056736,0.3662951,0.7532894,0.3617177,0.83249104,0.45527282,0.7416555,0.43175504,0.8102132,0.45832637,0.7818679,0.460328,0.8084569,0.6118764,0.79164785,0.6129703,0.80659765,0.7598099,0.80228835,0.759252
0.7847783,0.18004197,0.79004294,0.16676612,0.7801488,0.1681917,0.7997908,0.17722505,0.7748897,0.18159771,0.81505823,0.26365364,0.7678095,0.26803902,0.8306082,0.36712605,0.7538729,0.36096966,0.83203316,0.45812115,0.7421396,0.43093312,0.8097761,0.45906714,0.78135353,0.46088994,0.8081673,0.61310893,0.7910205,0.6141082,0.8064486,0.7614327,0.80142206,0.7609306
0.78566784,0.17557845,0.7914128,0.16181654,0.7810622,0.16275859,0.80143374,0.1732923,0.77537334,0.17647052,0.81578857,0.26322672,0.7667045,0.26717514,0.8302647,0.3676286,0.7523257,0.3616728,0.83442825,0.46197566,0.7425453,0.43324637,0.80919343,0.4642933,0.77972025,0.46643698,0.8083901,0.61697847,0.7909895,0.6182935,0.80586225,0.76240534,0.8006663,0.7620531
0.7865705,0.17284527,0.79243124,0.15905587,0.7819253,0.15978019,0.80240244,0.17153728,0.77594966,0.17408213,0.8162988,0.26359525,0.7669398,0.26639697,0.8306362,0.37020054,0.7527866,0.36136273,0.8348299,0.46775538,0.7428442,0.4336358,0.8089599,0.4665652,0.77923745,0.46823126,0.8077693,0.6195142,0.79012966,0.62049514,0.8058886,0.7648768,0.8001912,0.76426274
0.7874182,0.17149284,0.79340345,0.15772948,0.7828058,0.15813847,0.80349535,0.17049758,0.77670896,0.17206934,0.8172063,0.26355797,0.76707464,0.26471832,0.830742,0.3731783,0.7526674,0.36141792,0.83443415,0.4731167,0.74348885,0.4363537,0.80930513,0.46774957,0.77896845,0.4686189,0.8074126,0.6219218,0.78864765,0.62212044,0.80621165,0.7680616,0.79927605,0.766444
0.78907436,0.1688588,0.79494137,0.15510443,0.78436726,0.15540425,0.80451024,0.16785839,0.777725,0.16899453,0.8177535,0.2614736,0.7672917,0.26233,0.8310887,0.37310764,0.7534149,0.36182317,0.83429223,0.47547534,0.7448562,0.4407153,0.80930775,0.46705714,0.7787448,0.46798992,0.80746835,0.62303513,0.78867203,0.6234047,0.8067185,0.77108157,0.8000801,0.76997703
0.7899251,0.163449,0.7957267,0.14962277,0.7851305,0.15005153,0.80516547,0.16355926,0.7782683,0.16488916,0.8184453,0.2595042,0.76731783,0.26108158,0.8313778,0.37335727,0.7536182,0.36516592,0.83486146,0.47746158,0.7462738,0.44916055,0.8098467,0.46669316,0.7788663,0.46796432,0.80793875,0.62504756,0.78896016,0.62577116,0.8063003,0.7764162,0.80020475,0.77589744
0.7905492,0.16029009,0.7965664,0.14631714,0.78565013,0.14663169,0.8062957,0.16021106,0.77881265,0.16139439,0.8192407,0.25669628,0.7683963,0.25799108,0.8320662,0.37098178,0.75534326,0.36237085,0.8353378,0.47786215,0.74827254,0.44948098,0.8102277,0.4653876,0.7793487,0.4663455,0.80811864,0.62413734,0.78901315,0.6244208,0.806246,0.77530533,0.79969144,0.7742645
0.79241574,0.159583,0.79848784,0.14547418,0.7872392,0.14552107,0.80774546,0.15878245,0.77946883,0.15904908,0.81961197,0.2542345,0.76850295,0.25479472,0.8328008,0.36708048,0.75567263,0.3595315,0.83598655,0.47255322,0.750885,0.4493615,0.81083626,0.4666056,0.77950925,0.46735504,0.80780375,0.6249594,0.7868851,0.6248685,0.80723906,0.77398354,0.79796004,0.7727538
0.79303604,0.15594532,0.7993724,0.14157665,0.78783906,0.1414438,0.8090543,0.15434256,0.7800986,0.15410383,0.8207675,0.24995194,0.76882493,0.25011727,0.8336754,0.36298117,0.7561142,0.35606882,0.8372059,0.47104788,0.7526325,0.45019576,0.81158537,0.46629462,0.77942324,0.4666797,0.8081414,0.62333167,0.78420967,0.6227247,0.80799574,0.77005905,0.79436564,0.76811224
0.79409975,0.15381369,0.8002314,0.13918073,0.7886352,0.13939753,0.8094601,0.15157048,0.78020996,0.15205187,0.82110703,0.24685118,0.7687082,0.24860072,0.8353228,0.3583257,0.7565393,0.35627404,0.8388144,0.4671078,0.7540476,0.4544016,0.8125424,0.4666993,0.779921,0.46781784,0.80803156,0.6238587,0.78261447,0.62392694,0.80900115,0.7701218,0.79342663,0.76948464
0.79643214,0.14895605,0.8023142,0.13418125,0.7906989,0.13438842,0.8107873,0.14754693,0.7812421,0.14766751,0.8220522,0.24518456,0.76877415,0.24673845,0.8368586,0.3585182,0.75693583,0.35723358,0.83994716,0.46928066,0.75512224,0.4575015,0.81328785,0.46783242,0.77998775,0.46913463,0.8081183,0.62508434,0.7820202,0.62570435,0.8083111,0.77033615,0.7919911,0.770935
0.79749507,0.14433445,0.8035079,0.12930095,0.7915453,0.12920542,0.81228906,0.14359322,0.7815437,0.14317223,0.8234111,0.24283352,0.76983935,0.24384573,0.83708066,0.35996866,0.75906175,0.3583289,0.84085035,0.46707192,0.7568045,0.45603734,0.8131321,0.4660518,0.77963376,0.46689257,0.80715895,0.6307175,0.7816534,0.6313445,0.8072072,0.78366566,0.79026204,0.7839702
0.79820704,0.14127728,0.8043772,0.12605187,0.79218817,0.12585297,0.81331027,0.14029583,0.78211343,0.1396034,0.8244743,0.24046502,0.7701765,0.24122268,0.8383973,0.3586309,0.7593656,0.35686928,0.8430986,0.4678755,0.75693643,0.45637462,0.8135762,0.4661758,0.7795417,0.4667998,0.8076709,0.632181,0.7809567,0.6325736,0.806925,0.785825,0.7882511,0.7858737
0.79847187,0.13890557,0.8047239,0.12353961,0.7924058,0.12320392,0.8136352,0.13730727,0.7821665,0.1362326,0.8246086,0.23721394,0.7697039,0.2385172,0.83871377,0.35436764,0.7588059,0.3554707,0.8448327,0.4654699,0.756332,0.45799997,0.8136609,0.46566737,0.7792042,0.4666882,0.8079013,0.6324882,0.78042597,0.63339645,0.805587,0.7861292,0.7855436,0.7868462
0.7983838,0.13306281,0.80483526,0.11752123,0.7923185,0.11711582,0.81407326,0.13147348,0.78229964,0.1304184,0.82528967,0.2322019,0.76989144,0.23456895,0.8398703,0.34838828,0.7592115,0.35376424,0.84653646,0.4574301,0.75623965,0.45827252,0.81378984,0.46405396,0.77901024,0.46530917,0.80802375,0.63330287,0.7800639,0.6343907,0.80414146,0.78880507,0.7832379,0.78964496
0.7968448,0.13574322,0.8037049,0.12287096,0.7905007,0.12200776,0.81320965,0.13786183,0.78083247,0.13653906,0.8242468,0.23846583,0.76933724,0.24169478,0.841674,0.34752518,0.75663626,0.36108643,0.8477444,0.45131403,0.7536189,0.45813054,0.8125728,0.46818513,0.7779073,0.46712917,0.8083602,0.6394533,0.77699065,0.63203,0.8039613,0.7926796,0.78133893,0.7868571
0.7964041,0.13265836,0.80352783,0.11969443,0.7905168,0.11909247,0.8136347,0.13352026,0.7811881,0.13166857,0.8250254,0.232884,0.7699478,0.23958611,0.84340876,0.34352732,0.75814456,0.36193708,0.8494522,0.44990796,0.755045,0.45719808,0.81277657,0.46743727,0.778085,0.46876508,0.8090172,0.6368289,0.7752256,0.6362266,0.8051855,0.79557383,0.778495,0.79900235
0.79590875,0.13161819,0.803111,0.11802684,0.78991526,0.11774884,0.813508,0.13064522,0.7805267,0.12958568,0.8247908,0.23053516,0.7698626,0.23811376,0.8441329,0.34340346,0.7575342,0.3628348,0.85047007,0.44715407,0.75436294,0.45867229,0.81283724,0.4685975,0.77829266,0.470841,0.8083014,0.6390736,0.7753476,0.6430724,0.8048386,0.80172545,0.778197,0.81170034
0.79519105,0.13036846,0.80243313,0.11644154,0.7891859,0.11642241,0.8130209,0.12834986,0.77990067,0.12788732,0.82461625,0.22834407,0.7694149,0.23705737,0.8447215,0.34210882,0.7569124,0.3634594,0.8509577,0.44627833,0.7536804,0.46002322,0.81273615,0.47045195,0.77806336,0.4732934,0.8076149,0.6423897,0.7750703,0.64838755,0.80448925,0.80865157,0.7783006,0.8212494
0.79431725,0.12943237,0.8017557,0.11531065,0.78830355,0.115456685,0.8129031,0.12702972,0.77935344,0.12680563,0.82467854,0.22766575,0.7689803,0.2365338,0.8452836,0.34264603,0.7556476,0.36312428,0.85196704,0.44813055,0.7532196,0.4611027,0.81282026,0.4708006,0.7778444,0.4743806,0.80847055,0.64226896,0.7754305,0.6522557,0.8043909,0.8080234,0.77755666,0.82770777
0.7937671,0.12858182,0.8011239,0.11422523,0.7873431,0.114247166,0.81244946,0.12487862,0.7787181,0.12496911,0.82455015,0.22683269,0.7692227,0.2321407,0.84674895,0.34642982,0.75510716,0.35807362,0.8513023,0.4476057,0.75292134,0.46340716,0.813467,0.46978736,0.77850807,0.47197583,0.8097394,0.64543104,0.7767476,0.6570313,0.80389684,0.8098108,0.7795102,0.83465976
0.7928107,0.1270721,0.8003535,0.11263621,0.78644586,0.11236427,0.81195354,0.123194285,0.77788514,0.12256633,0.82391405,0.22585854,0.76842636,0.23114727,0.84676,0.3467986,0.75454205,0.35824442,0.8518087,0.45057908,0.75208175,0.46372098,0.8130989,0.4704614,0.7780337,0.47303483,0.8103242,0.64553577,0.77675647,0.65919846,0.80421704,0.8119137,0.7793328,0.8407461
0.7920534,0.12612855,0.7996889,0.11202716,0.78585094,0.111335635,0.81139916,0.12298829,0.7775039,0.12146216,0.82306176,0.22493227,0.7682266,0.23112705,0.84629434,0.3443729,0.7542313,0.35874394,0.85188687,0.4503043,0.75100386,0.46476138,0.8129631,0.4702693,0.77828807,0.47365788,0.8110633,0.6455787,0.7773592,0.6623244,0.8039404,0.8141893,0.7787718,0.8482767
0.7908789,0.122532055,0.79886335,0.10857137,0.7848776,0.10831598,0.8110437,0.12257414,0.7763083,0.12142719,0.8220698,0.22604556,0.7676086,0.23637092,0.84307736,0.34363353,0.7539027,0.3658996,0.85053235,0.45287466,0.7483693,0.46569702,0.812523,0.47390732,0.7781843,0.47947288,0.8100516,0.64622796,0.77726954,0.66532314,0.8034859,0.8186662,0.77699035,0.85511297
0.7894988,0.120760605,0.7974737,0.10671022,0.7835041,0.10671556,0.80969685,0.12097556,0.77509135,0.12030396,0.8210005,0.22543418,0.766524,0.23655744,0.8420583,0.34401584,0.75264317,0.3681153,0.84902614,0.45155305,0.74728954,0.46926016,0.81241745,0.47526142,0.77804506,0.48155284,0.81027776,0.64810985,0.77766556,0.6689531,0.8044254,0.8198352,0.77807814,0.85912836
0.7890325,0.119197406,0.7969012,0.104324505,0.7825989,0.10539011,0.808834,0.11806422,0.7734163,0.119653136,0.8200492,0.22409034,0.7650153,0.23766398,0.8415651,0.34411424,0.7512738,0.37080243,0.8493919,0.4487074,0.7460131,0.46870396,0.8122427,0.47759447,0.7774926,0.4858269,0.8105785,0.6502747,0.7780413,0.6759173,0.80527765,0.8186229,0.7787377,0.86467224
0.7868749,0.11456039,0.7947127,0.09965293,0.78046787,0.10098684,0.80670387,0.11438351,0.77153224,0.116399705,0.8188841,0.22261818,0.763035,0.23616321,0.8408293,0.34468478,0.74937403,0.36824593,0.8481781,0.45345137,0.7446022,0.4659476,0.81181186,0.47882795,0.77657837,0.4872429,0.8102479,0.6526137,0.7773614,0.67795384,0.8060264,0.8177979,0.7793754,0.8626046
0.78606546,0.11138551,0.7940406,0.0965697,0.77953655,0.097950876,0.8059845,0.11223094,0.7700745,0.11396304,0.8177182,0.2212048,0.7612477,0.23443529,0.83949596,0.34517395,0.74703854,0.36625502,0.8469623,0.45722628,0.7426314,0.46531337,0.8115966,0.47701177,0.77591723,0.4862434,0.8100023,0.6527078,0.7768263,0.68139803,0.80607337,0.81628776,0.7796095,0.8665792
0.78400487,0.106919676,0.792071,0.09149234,0.7772793,0.09349493,0.8043465,0.107209526,0.767832,0.110177554,0.8165044,0.21843609,0.7593995,0.23236829,0.8386688,0.34622067,0.7452504,0.36612287,0.84666175,0.46201256,0.7410286,0.46764857,0.8108482,0.4764492,0.7748257,0.48649034,0.80945903,0.6526599,0.77656925,0.6833433,0.8062647,0.8144613,0.780231,0.8674013
0.78292835,0.10126092,0.7909648,0.085541345,0.7762453,0.0874391,0.80282444,0.100988045,0.7665111,0.103580005,0.81464213,0.21381287,0.75728655,0.22740868,0.83672637,0.34545827,0.74292684,0.36417684,0.8447062,0.46254176,0.7394926,0.4669034,0.8091747,0.47600672,0.7729277,0.48660365,0.8092373,0.65440357,0.77602714,0.686395,0.80732983,0.81564784,0.78039736,0.86998755
0.7819921,0.09596723,0.7897624,0.07976303,0.7752057,0.08247217,0.8014768,0.09513385,0.76560366,0.09938266,0.8141331,0.21025957,0.75640404,0.22298232,0.8361804,0.3447742,0.74085975,0.3588079,0.84133494,0.45967332,0.7369156,0.46642867,0.80875236,0.475971,0.7721984,0.48641503,0.80875236,0.6551966,0.7757332,0.6884739,0.8079476,0.8159214,0.7797632,0.8724451
0.7800001,0.0916509,0.78754044,0.07468523,0.7724143,0.07908427,0.79950666,0.0900781,0.7622971,0.09827013,0.8132459,0.20731425,0.7535734,0.22441229,0.8342037,0.3416922,0.7378448,0.36110294,0.83956665,0.4594086,0.7354538,0.46729678,0.809655,0.47693774,0.7715966,0.48984858,0.8100727,0.6578638,0.775026,0.6945154,0.80795634,0.813928,0.77986985,0.87497485
0.778268,0.087300844,0.7860629,0.07025579,0.77050066,0.07498958,0.7984418,0.08673522,0.76027745,0.095540784,0.8124623,0.20501475,0.7514276,0.22454575,0.8333978,0.3373528,0.7347232,0.36150825,0.83884394,0.45673913,0.73237896,0.46918654,0.80993557,0.47814804,0.7709894,0.49286038,0.81036395,0.66052866,0.77420753,0.7013535,0.8087026,0.8086254,0.780197,0.8753795
0.7779834,0.08349289,0.7856325,0.06627824,0.76997596,0.0709281,0.79746026,0.08271364,0.75869024,0.09134716,0.8112132,0.20125934,0.7492544,0.22214818,0.83249485,0.33516666,0.73236877,0.3641324,0.8379925,0.4550961,0.7301637,0.47689733,0.8100028,0.47756928,0.7703719,0.49370992,0.8121134,0.6595248,0.7747204,0.703842,0.8089406,0.8057995,0.77956647,0.87802565
0.7773184,0.082787804,0.7850445,0.06547124,0.76932853,0.06976157,0.7967162,0.08130201,0.7575256,0.088785656,0.8100069,0.19865991,0.74745655,0.21936242,0.83198273,0.33323938,0.72984093,0.3609528,0.8374306,0.45432433,0.72859764,0.47130978,0.8102705,0.47587588,0.7700669,0.49334118,0.8144377,0.6568289,0.77511615,0.7065968,0.81065905,0.79967934,0.77927774,0.8807029
0.7769639,0.08027678,0.78438395,0.06266728,0.76855737,0.067101136,0.7959072,0.07861373,0.7560918,0.08685221,0.8100492,0.19757825,0.7458973,0.21654035,0.8313891,0.33411798,0.72725433,0.35940439,0.83739626,0.4536365,0.72447556,0.47539458,0.81064576,0.4764149,0.76945823,0.49246034,0.815769,0.6600359,0.77567405,0.7029939,0.8112904,0.8099069,0.7790182,0.88014835
0.7769622,0.07830859,0.78434134,0.06063055,0.7685426,0.064529106,0.7957143,0.075832434,0.7558185,0.083001584,0.80977076,0.19568218,0.7451918,0.21135226,0.8307291,0.3338114,0.725663,0.35321605,0.8376073,0.4517789,0.7210497,0.47142625,0.8101122,0.47608536,0.76871765,0.4901775,0.81614083,0.6653935,0.7760444,0.7014545,0.812915,0.82075846,0.78016907,0.8807667
0.7767168,0.0759875,0.7839432,0.05799885,0.76775855,0.0626854,0.79546154,0.070111945,0.7553167,0.08103425,0.810536,0.1904786,0.7444499,0.20563018,0.83174914,0.33256614,0.72485375,0.34621793,0.83842623,0.45394146,0.7186037,0.46375924,0.80837816,0.4756854,0.76650375,0.48756507,0.81523293,0.6646757,0.7761099,0.6945041,0.8122716,0.8293938,0.78057635,0.88264585
0.77787226,0.07206116,0.7842962,0.054039005,0.7686683,0.0590828,0.7945571,0.06638025,0.7553845,0.07870363,0.81026757,0.1881953,0.7439949,0.20270647,0.8309073,0.32961994,0.7241955,0.34219348,0.8379402,0.4530514,0.7172056,0.46048093,0.8080064,0.47873735,0.76611614,0.48905858,0.8146303,0.67719465,0.77688247,0.6972342,0.8124258,0.85207266,0.7815353,0.88673586
0.77915066,0.06862336,0.78532404,0.05024176,0.7696085,0.055220194,0.79500735,0.062460776,0.75517315,0.07484128,0.8104973,0.18628658,0.7430653,0.19963704,0.8305028,0.32891345,0.7232005,0.34092155,0.837935,0.45133522,0.7158908,0.46131137,0.8080317,0.48129916,0.76541334,0.4906625,0.81518567,0.684253,0.77724594,0.6989378,0.81279606,0.86368537,0.7820796,0.8893506
0.7799341,0.06476177,0.786226,0.04665483,0.7704469,0.050773367,0.7957818,0.059962913,0.7557833,0.07048664,0.8107678,0.18531369,0.74309164,0.19653404,0.8299312,0.32834604,0.7229573,0.33968854,0.83779716,0.44924504,0.7156081,0.46042317,0.8084202,0.483159,0.7655368,0.49109602,0.81582326,0.6909094,0.77742,0.699411,0.8145463,0.87926316,0.78365153,0.89508545
0.7810894,0.06139457,0.7874684,0.04312172,0.7716061,0.046613503,0.79685855,0.0566295,0.75647634,0.06572107,0.81140244,0.18336074,0.7432803,0.1925543,0.830094,0.3271362,0.72307616,0.3367494,0.8384313,0.44918108,0.7150218,0.4585712,0.8093255,0.48381296,0.7659587,0.4901659,0.816555,0.6971313,0.77688724,0.69819,0.8182187,0.89496094,0.7855094,0.8980652
0.7825758,0.05976455,0.7889492,0.04086164,0.7729606,0.044184305,0.79801226,0.0540899,0.7569513,0.06256778,0.811833,0.18330307,0.7430675,0.19028778,0.83039516,0.3295228,0.7231179,0.33501226,0.8394343,0.44977003,0.7147011,0.45828554,0.80973893,0.4864161,0.7657632,0.49183184,0.8171053,0.70174235,0.7758503,0.6992129,0.8223696,0.9022352,0.78648204,0.8988184
0.7847807,0.05585798,0.7906653,0.035641864,0.774749,0.03834941,0.7972292,0.053782277,0.75811976,0.06158079,0.8107813,0.18559921,0.7425265,0.18957965,0.82777613,0.3300365,0.72248405,0.33484417,0.83649445,0.4501605,0.7132432,0.45530754,0.8102409,0.48536664,0.7655212,0.48819005,0.81662416,0.70343673,0.7738983,0.6929909,0.82169515,0.9078028,0.7810473,0.8900986
0.78691787,0.057021018,0.7926853,0.036506973,0.77677494,0.041535698,0.8006782,0.048851587,0.75912297,0.06132692,0.81394875,0.1808323,0.744317,0.1907891,0.8315635,0.32895854,0.72405666,0.338698,0.8413066,0.4483823,0.71544325,0.46260205,0.81109524,0.4890219,0.766118,0.4954926,0.8177482,0.7037589,0.77398247,0.6996145,0.8287241,0.9089156,0.78661317,0.89800054
0.7904359,0.05502981,0.795505,0.034603756,0.78033316,0.03994319,0.8021232,0.048159793,0.7616106,0.061286356,0.81574696,0.18117219,0.7454546,0.19065937,0.8346742,0.33149922,0.72504604,0.3382507,0.8428035,0.45467797,0.7159335,0.4645514,0.8123585,0.4885121,0.76682514,0.49447444,0.81813973,0.70403177,0.7733918,0.6989927,0.8300666,0.91120905,0.7857393,0.8973874
0.7926318,0.05205552,0.79759425,0.03143438,0.7823331,0.036637817,0.80416054,0.0448556,0.76329154,0.057994783,0.81841916,0.17861904,0.74694675,0.18770766,0.8368643,0.33115846,0.72646147,0.337286,0.8446913,0.46055663,0.7168118,0.46597397,0.8142096,0.48821282,0.7680493,0.49304444,0.81871176,0.70867145,0.774183,0.70006263,0.8272195,0.9175277,0.7844907,0.8985187
0.7954444,0.048991967,0.80010456,0.02837588,0.78482014,0.034444112,0.8066978,0.043490093,0.7658828,0.05903581,0.82260114,0.1786344,0.74957246,0.18852969,0.8401123,0.33100072,0.72865623,0.3369996,0.84603053,0.4618025,0.71872014,0.46855983,0.8174677,0.49136478,0.7702133,0.49549964,0.820236,0.71287954,0.77495587,0.70231926,0.8263214,0.92153174,0.7831139,0.899643
0.798103,0.033193797,0.80317336,0.017850082,0.7875795,0.021110011,0.80973476,0.04481079,0.769088,0.053940125,0.82501394,0.18173307,0.7526654,0.18605667,0.839923,0.3340996,0.73287886,0.33298647,0.8479581,0.46521106,0.7220227,0.47422165,0.82097,0.4927016,0.77426916,0.4973963,0.82527316,0.7126266,0.77586865,0.7110317,0.82458466,0.91019344,0.7795173,0.90546614
0.8020377,0.03283612,0.80638754,0.014631145,0.7920451,0.018223828,0.8124226,0.037682027,0.77275723,0.04682665,0.82927793,0.17838593,0.754646,0.1827027,0.8447483,0.33531702,0.7355065,0.33564737,0.85190624,0.4646354,0.728449,0.4672669,0.82484764,0.4920172,0.77662843,0.49363583,0.82708085,0.72068423,0.77809066,0.70317113,0.82657146,0.9297393,0.78064173,0.8970987
0.808064,0.022247745,0.81173944,0.0065546515,0.79776865,0.008423615,0.8153868,0.031909943,0.77632064,0.0380277,0.8307974,0.17060977,0.7570402,0.17160928,0.84696245,0.33274373,0.73953754,0.32968396,0.8550337,0.47272548,0.7294761,0.4827319,0.8267588,0.48577058,0.77915853,0.487543,0.8293481,0.7093041,0.77768534,0.69989586,0.823156,0.91204923,0.775425,0.89479834
0.81013024,0.01633846,0.8147715,0.0007034461,0.799581,0.0017165185,0.820018,0.026815273,0.7784276,0.03096072,0.83475125,0.16634065,0.7597338,0.1662828,0.8490432,0.32896197,0.7429921,0.32654673,0.85802525,0.46981645,0.7347566,0.47703794,0.82973284,0.48439482,0.7812094,0.48542106,0.8313451,0.7100301,0.7783282,0.699378,0.8230916,0.9089357,0.7759566,0.89077693
0.81374276,0.017194305,0.81871814,0.0017067115,0.8033398,0.0025221827,0.82372326,0.028275874,0.782906,0.031165538,0.8386526,0.16319129,0.7626986,0.16309966,0.8531117,0.32075626,0.7444842,0.325095,0.8636349,0.45784262,0.741275,0.47669962,0.8336236,0.48142976,0.7838256,0.48227376,0.83447045,0.71381694,0.77960914,0.7025371,0.82572824,0.9102689,0.7769846,0.8902873
0.8170344,0.017731206,0.821571,0.00059313775,0.8061616,0.0024019561,0.82637805,0.024856886,0.78519416,0.03046384,0.8422602,0.15982267,0.76534456,0.1604658,0.85712427,0.31755534,0.74668896,0.32281268,0.87002754,0.45565754,0.7465181,0.47855645,0.8373783,0.48324353,0.7869501,0.48410082,0.8363765,0.7169547,0.782594,0.70355934,0.8270487,0.9168271,0.7783045,0.8889306
0.82144684,0.01350778,0.8242483,0.0,0.81201786,0.0,0.825823,0.018379848,0.79196185,0.02555453,0.84317607,0.15629765,0.7681455,0.1579506,0.8608616,0.3096245,0.7485944,0.3197487,0.8756987,0.4578778,0.7501591,0.47162166,0.83662003,0.48281354,0.7875847,0.48120463,0.83227056,0.7258634,0.78471065,0.7024272,0.8260068,0.93372965,0.7784525,0.8895865
0.8267421,0.016031394,0.8291713,0.0,0.81747293,0.0,0.8291106,0.022549123,0.7958296,0.0277895,0.8447842,0.1590635,0.7708041,0.15941404,0.86434156,0.3134791,0.751075,0.32344738,0.88026446,0.4588186,0.7554392,0.4757943,0.839705,0.48133606,0.791291,0.48051193,0.8330289,0.727136,0.78760004,0.7106636,0.82506466,0.9429058,0.78023374,0.90988505
0.8294881,0.018715668,0.83256704,0.0009538015,0.82053435,0.0014469147,0.8329148,0.02390016,0.7989947,0.025944775,0.8468051,0.15627582,0.77447754,0.15566419,0.86876005,0.30929497,0.7547055,0.31701225,0.8860483,0.45785335,0.75863075,0.47247174,0.8429084,0.47758672,0.7957443,0.4784238,0.83564055,0.72680897,0.7933023,0.7227588,0.82578564,0.94357586,0.78488684,0.93226475
0.83238345,0.019753521,0.8361568,0.0014701209,0.82371753,0.00048567457,0.83685637,0.01948115,0.80203193,0.017543793,0.84832954,0.14821343,0.77667683,0.14530984,0.86940765,0.30180743,0.7562723,0.31168923,0.88848895,0.4431145,0.7596659,0.47285914,0.8449686,0.4772222,0.79847765,0.47866836,0.8377864,0.72538316,0.7981789,0.72740155,0.8260712,0.9394076,0.7906633,0.9422486
0.8334842,0.015834492,0.8378124,0.0,0.8242904,0.0,0.8401615,0.017560642,0.8012473,0.014510092,0.8521658,0.14642105,0.7755887,0.14183003,0.8734543,0.31003553,0.75576895,0.3116264,0.8936613,0.43549058,0.76132756,0.47441116,0.8474428,0.48383263,0.7981323,0.48747155,0.8429064,0.73202837,0.7987981,0.73848957,0.82664436,0.94382465,0.7952318,0.9542871
0.83809197,0.017070293,0.8419669,0.0,0.8293213,0.0,0.84239733,0.017948724,0.8049631,0.01095686,0.8531205,0.1456985,0.7764078,0.13724847,0.87534755,0.3107614,0.75569785,0.3087407,0.89695245,0.4283519,0.76427895,0.47119874,0.8495838,0.48856217,0.8009154,0.49207225,0.8455222,0.74011856,0.80543834,0.7487498,0.824959,0.9479602,0.8016893,0.9639421
0.8405263,0.020752527,0.8450802,0.001953125,0.8315984,0.0,0.846336,0.015291914,0.8082927,0.0075540864,0.85454744,0.14014259,0.7802339,0.13034758,0.87482053,0.30304128,0.75818604,0.30661482,0.89855665,0.4229338,0.7662484,0.4687639,0.85005516,0.4872765,0.8024003,0.4897095,0.845081,0.739082,0.81196177,0.74815255,0.8242995,0.94675463,0.8077308,0.9637846
0.8441269,0.0369257,0.8480226,0.01762031,0.83630896,0.014010907,0.84731466,0.020013237,0.81335765,0.010397784,0.85404986,0.13379113,0.7830207,0.12365467,0.87529993,0.30347455,0.75831425,0.30589667,0.90020955,0.4256193,0.76694804,0.4688146,0.84988594,0.48947006,0.8047784,0.49354902,0.84460604,0.7441192,0.81658775,0.7614884,0.82297176,0.943375,0.81210655,0.9731936
0.84684354,0.021883076,0.8501032,0.0033870381,0.8392007,0.0,0.8480995,0.011196073,0.81635284,0.0028143567,0.85493785,0.12808129,0.78479844,0.12090838,0.87448466,0.29701558,0.75832313,0.30676445,0.90057653,0.4230532,0.7674307,0.47249293,0.8510257,0.48371118,0.80713457,0.4892887,0.844425,0.7434749,0.8226032,0.7630088,0.817372,0.94260716,0.81644785,0.9740273
0.8480911,0.022772886,0.85173845,0.0033778828,0.8401839,5.7474776e-05,0.85023624,0.008688418,0.81709194,0.00077130005,0.8553902,0.12527841,0.7861585,0.11812519,0.8735328,0.29604954,0.7589924,0.30546832,0.9011219,0.42211503,0.76812,0.4754112,0.8518216,0.48114318,0.808716,0.4877162,0.8456108,0.7436114,0.82635367,0.76572955,0.820147,0.9476581,0.8218792,0.98276275
0.85272247,0.024423346,0.85505384,0.0069483444,0.8460972,0.0024616243,0.85011417,0.013242691,0.8230278,0.0027482035,0.8550493,0.1232885,0.7888132,0.114499606,0.8734724,0.2930862,0.75992215,0.3003531,0.9005308,0.42320472,0.7684859,0.47492644,0.85304993,0.47563753,0.81190205,0.48189637,0.84843695,0.7395931,0.83112544,0.76138496,0.821237,0.9485149,0.8249365,0.984013
0.853288,0.027417662,0.85620993,0.010225932,0.84740895,0.0044292454,0.8516578,0.011909931,0.8259862,0.0,0.8552203,0.120133564,0.79122543,0.10725308,0.8722636,0.29337764,0.7617484,0.2960642,0.89969295,0.42320663,0.7699086,0.47767395,0.8508443,0.47917032,0.81228924,0.48313177,0.8435671,0.7561276,0.83423454,0.7714258,0.8182685,0.966282,0.8339567,0.9941335
0.85740834,0.023406887,0.85970443,0.0066513065,0.85191214,0.0005417824,0.85301155,0.008560848,0.8297144,0.0,0.8558756,0.11518903,0.79345685,0.10327351,0.87112886,0.2927697,0.76461905,0.29927048,0.89823264,0.42397973,0.77110577,0.49065867,0.85353726,0.47976753,0.8159105,0.48413298,0.8450699,0.76480895,0.837104,0.77839357,0.82136995,0.97442466,0.8386966,0.9994438
0.861825,0.027267966,0.86239576,0.008560594,0.85680753,0.0057167374,0.8530165,0.0018715224,0.83469296,0.0,0.85884124,0.10114877,0.7968308,0.0948118,0.86873084,0.29402512,0.7645937,0.29163092,0.89689845,0.43364555,0.77488464,0.501893,0.85545486,0.4756128,0.8202056,0.48122,0.8470561,0.77043974,0.8436748,0.7798851,0.8199796,0.9917241,0.845067,1.0
0.86137694,0.022340108,0.8620989,0.0031226478,0.85660726,0.0009740512,0.85358155,0.0,0.8363885,0.0,0.859439,0.09152248,0.8002594,0.09045417,0.86589426,0.28570065,0.7692477,0.29405716,0.8912587,0.42872357,0.77568465,0.5086422,0.854753,0.47622466,0.8211735,0.48330945,0.8480604,0.7689687,0.8472126,0.7813086,0.8187624,0.98879045,0.846826,1.0
0.867773,0.034677412,0.86876506,0.016439311,0.8633488,0.011642997,0.85829514,0.0012429873,0.8411786,0.0,0.8599639,0.092814416,0.80430216,0.08624974,0.86368656,0.29407993,0.77474874,0.2907277,0.8884484,0.44082567,0.7812861,0.5009966,0.8571936,0.48099628,0.82572025,0.4862918,0.85065776,0.78138965,0.85060817,0.7929712,0.8196842,0.99543726,0.85036653,1.0
0.8663279,0.02083556,0.86762327,0.0019352596,0.86203164,0.0,0.8591857,0.0,0.84391785,0.0,0.86194485,0.08698486,0.8108366,0.07960775,0.8603479,0.29576412,0.7797496,0.2831184,0.8860199,0.4490293,0.78499526,0.5025332,0.8584531,0.48834768,0.83022004,0.49273628,0.8502998,0.7881089,0.8563468,0.80019474,0.81566143,0.9931262,0.8523469,1.0
0.86839277,0.016374208,0.86931866,0.0,0.8641698,0.0,0.85835755,0.0,0.8454611,0.0,0.8609473,0.08315135,0.8145587,0.08007209,0.8571537,0.30391833,0.7843628,0.2869095,0.88336927,0.48155326,0.7903945,0.49802014,0.863591,0.4920231,0.838458,0.49816105,0.852821,0.79874367,0.8592591,0.81510395,0.8142568,0.98634654,0.85104793,1.0
0.86901057,0.019691532,0.87102634,0.0032358172,0.86544067,0.0,0.8614535,0.0,0.84698147,0.0,0.8603522,0.08018739,0.8162757,0.0701053,0.8570222,0.30983126,0.7941374,0.30000818,0.8824019,0.48392648,0.80234396,0.5070665,0.8659565,0.48696083,0.84026843,0.49209848,0.8555626,0.7901468,0.85800666,0.8128691,0.8158205,0.9773073,0.8512153,1.0
0.87099516,0.038906608,0.87082434,0.020628389,0.86802113,0.017104246,0.8552127,0.0,0.85112774,0.0,0.8540668,0.069953665,0.8268043,0.0652916,0.84486574,0.28121567,0.80257463,0.25871414,0.87633866,0.4553675,0.8088024,0.4852816,0.8631334,0.4791581,0.84915704,0.4822774,0.8532025,0.79987276,0.8612305,0.8103844,0.81720847,0.98634386,0.84514266,1.0
0.8759411,0.017283376,0.87557364,0.00023632051,0.87434006,0.0,0.8594467,0.0,0.8602962,0.0,0.85587895,0.057671994,0.831762,0.046528343,0.84397376,0.2859789,0.81061643,0.26470298,0.87076294,0.46232015,0.81846505,0.4939878,0.86025923,0.47829035,0.84658813,0.4806712,0.8531271,0.7851996,0.8606042,0.79975355,0.8176567,0.9842878,0.84659606,1.0
0.87709516,0.031591546,0.87684745,0.0138362255,0.87580407,0.011069362,0.86234,0.0,0.86438483,0.0,0.8603485,0.06957741,0.8358784,0.060602,0.85069656,0.2685585,0.81466573,0.2398102,0.87900984,0.46115464,0.8301032,0.46452054,0.86258775,0.47227558,0.848701,0.47548684,0.8512845,0.7937358,0.8560383,0.8100859,0.83106965,0.97703403,0.84510726,1.0
0.87955964,0.025355754,0.877308,0.008466466,0.879733,0.003935337,0.8560549,0.0,0.86753935,0.0,0.8531963,0.04163437,0.8369219,0.03795236,0.84581137,0.25740573,0.8254588,0.24817207,0.87491035,0.4302121,0.8476952,0.45140898,0.85772574,0.46318078,0.8475642,0.46851283,0.8560705,0.7901917,0.8580389,0.8066699,0.8300795,0.99660903,0.84245986,1.0
0.88084644,0.030760322,0.87815124,0.013407326,0.8829383,0.00885938,0.8516049,0.0,0.87407464,0.0,0.8430584,0.049769342,0.8449974,0.047715824,0.8363228,0.2489551,0.8368449,0.23271248,0.8708598,0.4372911,0.8650972,0.45658955,0.84620804,0.45883292,0.84785455,0.465044,0.850818,0.7846862,0.856131,0.80355066,0.8406311,0.9872839,0.84191716,1.0
0.8829261,0.029743958,0.8796509,0.011608633,0.8862095,0.005703227,0.8500824,0.0,0.8799182,0.0,0.83778757,0.042607438,0.8531119,0.03816236,0.8315938,0.2536102,0.85215056,0.23028608,0.8737942,0.43856207,0.88211673,0.45063537,0.839379,0.47027844,0.84867936,0.4757929,0.8523566,0.7957777,0.8571866,0.81382483,0.84449464,0.9899781,0.83875334,1.0
0.88664055,0.022645045,0.8819108,0.002491204,0.88822937,0.0,0.8519411,0.0,0.8799332,0.0,0.8400283,0.03365579,0.85711163,0.02968429,0.8422592,0.2600852,0.8645281,0.23680253,0.8938385,0.43354353,0.9045922,0.4325447,0.83746415,0.4741501,0.84707946,0.4810746,0.85195875,0.820383,0.8640439,0.8402963,0.8382897,1.0,0.83953947,1.0
0.8818825,0.013958185,0.87463516,0.0,0.8856592,0.0,0.84205467,0.0,0.885036,0.0,0.83356375,0.019226393,0.86551476,0.014997515,0.84580487,0.2410982,0.8759722,0.21490517,0.90437126,0.42500597,0.91668856,0.42198673,0.8325742,0.47300893,0.8529238,0.47986925,0.8440978,0.81943697,0.8703193,0.84032714,0.8364253,1.0,0.8457699,1.0
0.87343216,0.024852278,0.8653833,0.0029245378,0.8775188,0.0017024041,0.8261491,0.0,0.87745184,0.0,0.81113225,0.038914777,0.86611205,0.02214187,0.81508046,0.27040407,0.8852707,0.20648633,0.8697605,0.4095612,0.9335252,0.4052384,0.8222044,0.482514,0.85694486,0.48520058,0.83543026,0.80682415,0.8732485,0.82178414,0.83431864,1.0,0.85194045,1.0
0.88463116,0.03396201,0.87565863,0.011695847,0.8903686,0.009993093,0.8293354,0.0,0.88830453,0.0,0.809354,0.0320955,0.8740531,0.013488913,0.8059227,0.2772168,0.89985603,0.20512712,0.85761386,0.40553343,0.9524776,0.4022155,0.81421006,0.47717893,0.85517734,0.4762046,0.83019346,0.8184488,0.8726452,0.82843465,0.8310399,1.0,0.8530664,1.0
0.89068747,0.023610054,0.88156575,0.0038589798,0.8982977,4.2565665e-05,0.8331761,0.0,0.8941061,0.0,0.8081196,0.02841441,0.8794565,0.010987569,0.8107692,0.25898254,0.91299117,0.2028675,0.8646707,0.37939093,0.9698717,0.41505152,0.81073904,0.47642228,0.8544537,0.4761703,0.8304103,0.8180479,0.8721222,0.83192277,0.8366537,0.9931708,0.8521051,1.0
0.88795084,0.025391962,0.87743753,0.005681261,0.89564717,0.0016965867,0.82629395,0.0,0.8922931,0.0,0.79892415,0.03841359,0.8820397,0.012037723,0.79688627,0.2739031,0.921092,0.19797559,0.83956164,0.38501418,0.9773801,0.40936512,0.80548936,0.47786653,0.8559896,0.47426516,0.82605785,0.81387436,0.8737052,0.82463026,0.8361058,0.9877671,0.8507045,1.0
0.8860699,0.03954972,0.8759314,0.016980538,0.8914998,0.016346646,0.8257112,0.0,0.8892452,0.0,0.79991645,0.04943015,0.8799799,0.0197186,0.78538364,0.28231743,0.91753,0.17727344,0.8197252,0.400276,0.9775897,0.3791414,0.8072759,0.47146863,0.85680956,0.46623474,0.81993914,0.81291807,0.8757458,0.8192624,0.8278796,1.0,0.8585394,1.0
0.88040525,0.040370975,0.87062734,0.017709605,0.8858864,0.016878955,0.82174,0.0,0.8854071,0.0,0.7963125,0.05615152,0.88002026,0.027650246,0.7793914,0.2914825,0.9225262,0.18597844,0.80561143,0.42787385,0.9844519,0.374839,0.8069934,0.47757795,0.85825866,0.47275862,0.81821966,0.8124564,0.8749629,0.8212873,0.82687634,0.99862826,0.85805047,1.0
0.8818595,0.037508648,0.8715545,0.018182501,0.888878,0.014126333,0.82190686,0.0,0.88548833,0.0,0.7931201,0.059630048,0.8810591,0.027141191,0.77926916,0.29657653,0.93317455,0.1921391,0.7931061,0.46738416,0.9936746,0.38944077,0.80268806,0.48243216,0.8553503,0.47562584,0.81513655,0.80780756,0.8718471,0.8202559,0.82729495,0.99225444,0.8544092,1.0
0.8750672,0.034364797,0.8648626,0.014982288,0.8821999,0.010640049,0.81565696,0.0,0.88004905,0.0,0.7870262,0.056690853,0.87953895,0.025630858,0.7753082,0.29244372,0.935306,0.19472963,0.79395115,0.45134524,0.9943118,0.38567677,0.80145264,0.48644358,0.8570712,0.4803838,0.81399053,0.8121755,0.87136155,0.8237555,0.8264699,0.9908541,0.85423815,1.0
0.86454755,0.028732238,0.8547357,0.009110261,0.8717274,0.004913585,0.8086948,0.0,0.8719447,0.0,0.7814486,0.06366924,0.8763836,0.029845558,0.76826847,0.3043899,0.9350404,0.19937705,0.78142715,0.489909,0.99304056,0.39339793,0.8003769,0.50165486,0.8568019,0.49474636,0.81193936,0.81702876,0.86955434,0.82970417,0.8250351,0.99442804,0.852503,1.0
0.8663422,0.02658644,0.85673904,0.006390254,0.87334055,0.0023580552,0.810334,0.0,0.87271464,0.0,0.7812544,0.061855923,0.87715006,0.033953384,0.7663302,0.30662897,0.9367952,0.21408877,0.77643186,0.49820527,0.992044,0.39713287,0.79801816,0.50018376,0.8547186,0.49526843,0.80970305,0.8145118,0.86565363,0.8312125,0.8231551,0.99848014,0.84799284,1.0
0.85369825,0.025353465,0.8441586,0.00521431,0.8609681,0.001269436,0.80149215,0.0,0.8638057,0.0,0.77566093,0.068473406,0.8738598,0.03410114,0.7604386,0.31213215,0.933355,0.21239425,0.7666081,0.4984591,0.9856769,0.40947077,0.79971755,0.516132,0.8576355,0.5087674,0.80774134,0.82989717,0.8669845,0.84162384,0.8218536,1.0,0.85030574,1.0
0.84987944,0.025880244,0.8423988,0.002418677,0.85654116,0.0,0.80110276,0.0,0.86598986,0.0,0.7783169,0.06559582,0.8737795,0.0371652,0.7565433,0.31002584,0.9232336,0.20995083,0.7684961,0.4982204,0.9713587,0.40623295,0.8017394,0.5154259,0.85880584,0.50981915,0.81572115,0.83194196,0.8646475,0.8427814,0.82326365,1.0,0.8474065,1.0
0.8328056,0.027470082,0.8255994,0.0045314156,0.8402718,0.001741918,0.79170483,0.0,0.8562851,0.0,0.7762952,0.075620145,0.8690761,0.042309,0.7590582,0.32292214,0.9181064,0.21233293,0.76739085,0.4986406,0.9575119,0.4029623,0.80331355,0.5125463,0.86017114,0.50522894,0.8138148,0.82222813,0.86387014,0.82775354,0.823641,1.0,0.84887975,1.0
0.83680886,0.026286952,0.8302401,0.0039133076,0.8443538,0.0,0.7939801,0.0,0.8571474,0.0,0.7755806,0.07441582,0.86669046,0.049729317,0.7567833,0.3244759,0.91102564,0.23089226,0.76833206,0.49643767,0.94695586,0.4021119,0.8017761,0.50824964,0.85803807,0.50400543,0.81356317,0.82058656,0.8627459,0.8290449,0.82230395,1.0,0.84994584,1.0
0.83780587,0.024316058,0.83125305,0.0012494406,0.84422725,0.0,0.79093146,0.0,0.85257494,0.0,0.767083,0.075114384,0.86340266,0.05178032,0.7480723,0.32341397,0.9019734,0.23805556,0.766065,0.49509323,0.93220866,0.40498176,0.7956447,0.5148515,0.8550105,0.51098865,0.81346077,0.81790954,0.86406463,0.829575,0.8199254,1.0,0.8475742,1.0
0.8198043,0.032680817,0.8142039,0.007563496,0.8240553,0.005342643,0.7819563,0.0,0.83980817,0.0,0.7623945,0.08754934,0.85831374,0.060326196,0.7425168,0.3304827,0.89544374,0.24319662,0.7617844,0.4894407,0.9225955,0.4085623,0.7934274,0.50582844,0.8544566,0.5017537,0.80885184,0.8186605,0.86575776,0.82242066,0.8175936,1.0,0.8549496,1.0
0.81217337,0.027258875,0.8073865,0.0047370596,0.8190716,0.0,0.7766038,0.0,0.833974,0.0,0.756789,0.0958005,0.8538869,0.06168232,0.74127567,0.3371661,0.8875809,0.2440007,0.7629916,0.4905959,0.9048726,0.4138819,0.79189616,0.51219916,0.8526862,0.5032633,0.8114749,0.8155281,0.8642117,0.815933,0.82088226,1.0,0.8526327,1.0
0.80346406,0.02943694,0.79960835,0.0077716196,0.81099176,0.0010131518,0.77234995,0.0,0.8285475,0.0,0.75361884,0.10261312,0.8497893,0.070154324,0.7368511,0.33410835,0.87993556,0.25176165,0.7568125,0.49755615,0.89009315,0.4317415,0.789216,0.5132854,0.8499386,0.5042434,0.81168455,0.81543225,0.8655128,0.81102073,0.82102746,1.0,0.8575994,1.0
0.7987671,0.023573685,0.79491436,0.0025896393,0.8059163,0.0,0.7697469,0.0,0.82328874,0.0,0.7524538,0.11131128,0.84441596,0.07523251,0.7382378,0.34719405,0.8752481,0.2544887,0.7511658,0.5093731,0.87679905,0.45033494,0.7869391,0.51079583,0.84550697,0.50135994,0.8111502,0.80993783,0.8660311,0.8029822,0.8236187,1.0,0.86215764,1.0
0.7880792,0.034242503,0.785828,0.009413211,0.7919641,0.0044101398,0.77091724,0.0018672944,0.8177824,0.0,0.75161165,0.12361238,0.84512085,0.09215419,0.73233455,0.35361105,0.86869234,0.27007768,0.74316233,0.5216357,0.84337264,0.4308965,0.7826179,0.51013803,0.84400475,0.50513434,0.81010133,0.80816483,0.8602959,0.8032264,0.8199615,1.0,0.8582794,1.0
0.77191013,0.033699006,0.77138567,0.00993592,0.7777432,0.0044460935,0.7659766,0.0073472345,0.8105553,0.0,0.750225,0.1359875,0.8414699,0.097873345,0.7289955,0.36491433,0.8651151,0.26725847,0.73989207,0.52812475,0.8453204,0.41063145,0.78225946,0.51293504,0.84210473,0.5057114,0.8085408,0.80816126,0.85954684,0.80342036,0.81958455,1.0,0.86113024,1.0
0.76715815,0.038051195,0.76706475,0.0147069935,0.77299446,0.008997219,0.7624583,0.015676627,0.80605143,0.00043722792,0.74766,0.1473889,0.8379709,0.11042913,0.72767687,0.37798947,0.86135054,0.28407046,0.7400866,0.53696245,0.8405204,0.41644317,0.78210974,0.51914114,0.8415333,0.51198554,0.8073082,0.8092623,0.85788536,0.80247146,0.81890696,1.0,0.86191094,1.0
0.7634791,0.04173298,0.7630874,0.01949657,0.76860857,0.013230547,0.75710374,0.026473714,0.8003235,0.00940946,0.7435629,0.16164263,0.8329676,0.12027754,0.72706866,0.3824531,0.8591933,0.2762556,0.73691934,0.5369088,0.8374459,0.39655843,0.78101844,0.5241126,0.84005547,0.5153307,0.80677044,0.8093398,0.85811585,0.7981133,0.8170873,1.0,0.8624687,0.99861616
0.7596254,0.040348627,0.75976664,0.018772826,0.76454467,0.012024753,0.75448745,0.031623587,0.79564404,0.014104176,0.74087965,0.17187996,0.8293239,0.1332173,0.72486335,0.39154327,0.8544445,0.30107054,0.73729914,0.5527121,0.831518,0.44265923,0.78091073,0.528441,0.83952,0.5199796,0.8064995,0.81012094,0.85730153,0.7967854,0.8165246,1.0,0.8631202,0.99668294
0.7612793,0.094807886,0.76076037,0.073447965,0.76530427,0.065298975,0.750996,0.06926658,0.79321384,0.049258616,0.73615193,0.18790469,0.8259203,0.142797,0.7238638,0.4074405,0.8522404,0.3027847,0.7377368,0.5617786,0.8311356,0.4443837,0.7774369,0.5353021,0.83754396,0.5245817,0.80519736,0.808666,0.8588562,0.78914607,0.81470025,1.0,0.86463636,0.9907676
0.7610918,0.111739956,0.76166576,0.09170005,0.765938,0.081523515,0.74671304,0.08706996,0.78929824,0.06339258,0.7307457,0.20674856,0.82250804,0.15138713,0.71820164,0.43133253,0.8459267,0.29812056,0.7377896,0.5718294,0.8314843,0.43206128,0.7759635,0.5423831,0.8365405,0.52467597,0.8064909,0.8069038,0.8594341,0.77827585,0.8106515,1.0,0.8628666,0.9978368
0.7589954,0.12656021,0.75925845,0.10724132,0.763874,0.09661793,0.7435322,0.106180705,0.7864342,0.08164641,0.7282181,0.22805469,0.81878227,0.16937995,0.7179112,0.44787043,0.8414776,0.30905035,0.73794806,0.5837296,0.82901996,0.44121066,0.7734,0.5520245,0.8334503,0.53267515,0.80522346,0.8040786,0.85944426,0.7711445,0.8088276,1.0,0.8626005,0.995095
0.759133,0.14969191,0.7592995,0.13042317,0.76350325,0.119514376,0.74254113,0.12743242,0.7837693,0.1040301,0.7268407,0.24792536,0.8156843,0.19180249,0.71717656,0.46746638,0.83635676,0.3356976,0.73859835,0.5950952,0.8269135,0.46086392,0.77169853,0.55691266,0.8310391,0.5381192,0.80407256,0.79268646,0.86011976,0.758373,0.806096,1.0,0.8612737,0.98952246
0.7597641,0.17185304,0.75948757,0.15219143,0.76352507,0.14210193,0.74264324,0.14512238,0.7821882,0.1250208,0.72778124,0.2624558,0.8131797,0.20875537,0.71726465,0.4821804,0.83364743,0.35358915,0.7378027,0.6031549,0.83010656,0.4678507,0.7701506,0.55974364,0.82709455,0.54178184,0.8051853,0.7881853,0.8606724,0.75379354,0.80519754,1.0,0.8571746,0.9837108
0.7505706,0.1930874,0.7501022,0.17467391,0.7538993,0.16360173,0.7390956,0.17275989,0.7773511,0.148723,0.7271038,0.28869382,0.807399,0.23176894,0.71722066,0.49683997,0.8309847,0.37131518,0.7347933,0.6233615,0.8280539,0.48162568,0.7686113,0.578644,0.82311594,0.56126815,0.8015156,0.7881772,0.85605764,0.7509302,0.7996102,1.0,0.85325557,0.96558654
0.75736135,0.21327668,0.75446576,0.19616926,0.7593948,0.18588328,0.7321758,0.19923484,0.77027136,0.17943059,0.7209089,0.319683,0.7974394,0.25518352,0.7136186,0.52109367,0.8281397,0.37359673,0.7297303,0.63983977,0.8409236,0.49694806,0.76482576,0.59357226,0.81482506,0.5691944,0.8017672,0.7867298,0.853599,0.73137,0.79786414,1.0,0.8457242,0.9523493
0.7459434,0.24628198,0.7444064,0.2292666,0.74895746,0.21791926,0.7312202,0.23064752,0.77061886,0.20686583,0.71967447,0.3457366,0.8006366,0.28085178,0.71034807,0.54408467,0.82754594,0.39585015,0.7322762,0.66360205,0.8295297,0.5142582,0.76085335,0.60066754,0.8154697,0.57860655,0.79882926,0.7843622,0.85145456,0.72415406,0.8010144,1.0,0.8495777,0.9185742
0.7416238,0.28304067,0.73968226,0.26485062,0.74397653,0.2542799,0.72967064,0.26141065,0.76789796,0.23910734,0.722019,0.37880924,0.7996906,0.30642027,0.7093949,0.57915163,0.8263938,0.42528385,0.7303061,0.6803622,0.8280992,0.543368,0.75963515,0.6298377,0.81179184,0.6025532,0.80010027,0.78070104,0.84772885,0.7070558,0.79912204,0.9888433,0.83825445,0.8855218
0.73995197,0.3111137,0.7378521,0.29322648,0.7423583,0.28292418,0.72850436,0.29185805,0.76714563,0.27010754,0.72356147,0.4088907,0.7978182,0.33647144,0.7078996,0.6003363,0.8209095,0.44843704,0.72678727,0.6999468,0.8171486,0.5517564,0.7593078,0.6564543,0.8095252,0.6265058,0.7968046,0.79008603,0.84158486,0.7047759,0.7957372,0.98162705,0.8333627,0.85875833
0.73767775,0.34919313,0.7357994,0.33473355,0.7410229,0.32227534,0.7262891,0.3348854,0.76449126,0.30637878,0.7197191,0.44616458,0.79371995,0.36776406,0.7063031,0.6305304,0.82046205,0.45622885,0.72541326,0.720187,0.80946505,0.5564007,0.7572983,0.6754526,0.8070879,0.6457675,0.79505557,0.8176866,0.83588594,0.74263245,0.7941795,0.9697559,0.8266029,0.870825
0.7369708,0.37911573,0.73542327,0.36415744,0.7412376,0.35409713,0.72547626,0.3627142,0.76171106,0.34041923,0.72338337,0.46444747,0.7885255,0.3959675,0.710493,0.6295046,0.8124303,0.478346,0.71721464,0.7126389,0.8114562,0.5520086,0.7567568,0.688905,0.7977947,0.65965396,0.79462093,0.81762075,0.8269853,0.7558615,0.7925897,0.9674745,0.81670254,0.89805144
0.7345793,0.40915498,0.73196423,0.3957873,0.7380884,0.38573226,0.7261774,0.39871994,0.7613197,0.37424073,0.72006613,0.49151576,0.78443927,0.43005875,0.7086853,0.65059716,0.8081197,0.49726385,0.7093962,0.75512886,0.7915307,0.5603526,0.7511166,0.6924446,0.79353875,0.67372614,0.78656846,0.818005,0.81902087,0.77576756,0.78852195,0.96061367,0.8098132,0.901578
0.734428,0.43431583,0.7319217,0.42146662,0.73700607,0.4119516,0.72554845,0.42512655,0.75679535,0.4030075,0.71945876,0.51663315,0.77786136,0.45787096,0.70696205,0.6732298,0.80047035,0.52327937,0.70560074,0.7776611,0.79013467,0.58211815,0.74834466,0.7011485,0.7871048,0.6830619,0.78144366,0.82482916,0.81507206,0.7827373,0.780558,0.9625549,0.805507,0.90178126
0.7317664,0.4532512,0.72919315,0.44248724,0.7346878,0.43219733,0.7222087,0.45508862,0.7538681,0.43077734,0.71648574,0.5489735,0.7734149,0.48686865,0.7058217,0.70711976,0.79722846,0.5493285,0.70114493,0.81358707,0.7920762,0.60492194,0.7451445,0.7226478,0.78233606,0.7040973,0.78139955,0.8110231,0.8139206,0.77318865,0.7775206,0.95929563,0.80242777,0.9079974
0.73370224,0.489815,0.73045945,0.47738045,0.7349135,0.46755582,0.7198706,0.48430344,0.749082,0.46161658,0.7146094,0.57230335,0.7694204,0.5070363,0.70692295,0.727166,0.7878551,0.57146424,0.7011442,0.837201,0.77980226,0.63209337,0.74833393,0.7404634,0.7837062,0.7202202,0.7848579,0.7864593,0.8136856,0.75381494,0.7773334,0.9488636,0.79479766,0.90864813
0.7459674,0.5052661,0.73923105,0.49365664,0.7442915,0.48380458,0.71772045,0.5067326,0.74369967,0.48786032,0.705312,0.5963444,0.7593841,0.531978,0.7004482,0.74629194,0.7759377,0.5835189,0.69173807,0.8532212,0.7542934,0.62688464,0.73860484,0.7568492,0.7729258,0.737884,0.79355586,0.79067767,0.82064867,0.7582937,0.77495706,0.9610906,0.7881679,0.9130267
0.7361464,0.5322041,0.73106474,0.52103364,0.7351855,0.51248246,0.7139767,0.5322429,0.7397378,0.51676536,0.70506084,0.6108353,0.7554665,0.56258184,0.6989302,0.74365556,0.76995784,0.6315252,0.6969846,0.8367503,0.7485453,0.68103266,0.73533136,0.7725432,0.7685808,0.7587154,0.78944623,0.799532,0.8192341,0.7670263,0.767355,0.9661423,0.79413664,0.922665
0.7376969,0.5627223,0.7322292,0.55063075,0.7365952,0.543819,0.71068454,0.5559785,0.7357802,0.5467804,0.6977355,0.62605876,0.748167,0.5927254,0.68623155,0.7509203,0.7634218,0.66457015,0.6889823,0.8485712,0.7519837,0.72155446,0.7300472,0.7905421,0.76274604,0.78370327,0.78768194,0.79985535,0.8174639,0.77497405,0.76721513,0.95803547,0.79433334,0.92283505
0.73811907,0.5870575,0.73262733,0.5737709,0.73756355,0.5689783,0.7066091,0.57287246,0.7330045,0.56975216,0.69073707,0.6483206,0.74310935,0.60871303,0.674118,0.78804606,0.75297207,0.67426115,0.68442136,0.84711003,0.737573,0.7099585,0.7170285,0.82874024,0.75072885,0.8177301,0.7726197,0.79017675,0.8073083,0.76429033,0.76071566,0.9468618,0.7933946,0.92780423
0.73412484,0.5983373,0.7287981,0.58368415,0.73402596,0.5802169,0.7020306,0.5803405,0.73023576,0.58060354,0.68541664,0.65846455,0.73758453,0.6262893,0.66610175,0.8084797,0.7432999,0.71943694,0.6800117,0.8520661,0.72763884,0.78019446,0.70915306,0.8572145,0.7429632,0.8495822,0.762579,0.788258,0.7991895,0.76411784,0.75932974,0.95194566,0.7926468,0.93490756
0.710978,0.6165401,0.70570546,0.60690767,0.71263,0.60006833,0.68371546,0.61492026,0.7147307,0.60416204,0.67503655,0.69484204,0.7273721,0.6419112,0.6648454,0.83586425,0.7406241,0.7164149,0.67947006,0.8627895,0.72189295,0.7908291,0.71141946,0.88325965,0.7447201,0.86846024,0.7596478,0.77593863,0.7930291,0.7478384,0.76284903,0.95208,0.79412335,0.94270504
0.67836255,0.6343456,0.67484313,0.6259941,0.68193865,0.61697745,0.6629406,0.637788,0.69317734,0.6173865,0.6603311,0.71859795,0.7170574,0.65095735,0.6566224,0.8577622,0.7400727,0.7083958,0.66981936,0.84827256,0.71308106,0.7472972,0.70714647,0.87645966,0.7441434,0.8556481,0.7452866,0.77236277,0.78647447,0.73667693,0.7506154,0.9514033,0.7978189,0.9407026
0.6764786,0.6460644,0.6729561,0.6375374,0.6803507,0.6287692,0.66083694,0.64466697,0.6906554,0.6262424,0.6578101,0.7172782,0.71233666,0.65841156,0.65068096,0.8517635,0.73149365,0.72813064,0.6643984,0.8445898,0.705378,0.7822332,0.7052474,0.8675101,0.74085534,0.8495675,0.7420331,0.77413046,0.78204656,0.73771393,0.7498259,0.9508229,0.795654,0.9363411
0.67754406,0.64307237,0.6729259,0.63576925,0.68060076,0.6281635,0.65727854,0.6487964,0.6871516,0.6328069,0.65489995,0.72630155,0.7051891,0.66314954,0.64990807,0.85589886,0.7295162,0.7108225,0.6613659,0.8394471,0.7121712,0.7430592,0.7003582,0.8734553,0.732551,0.85518926,0.7419209,0.7713912,0.7793645,0.7355305,0.7525856,0.9422162,0.7935276,0.92841804
0.695431,0.6594927,0.68851864,0.6519056,0.69740516,0.6450676,0.66383356,0.6597687,0.6937922,0.64777577,0.6572955,0.73064893,0.6988977,0.67235637,0.65400046,0.85196203,0.71909183,0.70225865,0.66381764,0.8475018,0.7033118,0.7254953,0.6941828,0.8714451,0.72068644,0.85719496,0.7498853,0.78143907,0.77871394,0.7444823,0.7672864,0.94744813,0.79195064,0.9253872
0.71515185,0.6572935,0.70844805,0.64891696,0.7153057,0.6410437,0.6789851,0.6483303,0.6980613,0.63542604,0.6684708,0.7062726,0.68651503,0.670683,0.6882941,0.7936515,0.71423936,0.7152953,0.7183487,0.7491926,0.7194342,0.7110145,0.6876616,0.8608952,0.7004226,0.8560373,0.7527651,0.7935335,0.7685761,0.7531564,0.7733851,0.94901174,0.7911888,0.9116417
0.70691293,0.66905445,0.7001163,0.66013384,0.70792645,0.65371054,0.66977763,0.6598791,0.69217,0.6493554,0.6610317,0.7181155,0.6783087,0.6852148,0.67753696,0.80609614,0.7036541,0.7292302,0.7054449,0.76432914,0.7132887,0.7289509,0.6849385,0.8667761,0.69711566,0.86430854,0.74761575,0.7953342,0.76171964,0.7559929,0.7824789,0.93835837,0.7976617,0.89937216
0.68605566,0.65150523,0.679259,0.64227796,0.68687207,0.6401181,0.6538841,0.65175486,0.67589074,0.6488642,0.65650886,0.72061455,0.66453844,0.69921756,0.67761683,0.7931802,0.693607,0.73599845,0.69577086,0.73180985,0.6997542,0.7055485,0.6875483,0.86793953,0.6944796,0.870265,0.7431621,0.7971163,0.7562758,0.7592466,0.79076123,0.914766,0.8087024,0.87115127
0.6825578,0.6641365,0.6760683,0.6541684,0.6827209,0.6545484,0.65293634,0.66528475,0.67155474,0.66647136,0.65734786,0.7352838,0.6614422,0.72053546,0.68397,0.78997093,0.69427556,0.7390859,0.69730586,0.7393605,0.6971297,0.70603704,0.68890446,0.86578244,0.6932816,0.87194335,0.7431275,0.7949781,0.75189537,0.7653473,0.8014412,0.8911354,0.81296486,0.85608894
0.66981536,0.6356608,0.66287845,0.6230922,0.6695682,0.62804747,0.6392005,0.6408143,0.658513,0.65288407,0.64719623,0.72336614,0.64885646,0.72892076,0.6785142,0.7793381,0.6788862,0.7605394,0.69567335,0.7364633,0.68889916,0.7188936,0.6863889,0.8437487,0.69046134,0.8618818,0.74033844,0.7819635,0.7492962,0.7701748,0.8088059,0.8593296,0.81836385,0.83861536
0.6626932,0.6704106,0.65547544,0.66145074,0.66214883,0.6690777,0.63688976,0.6793304,0.65727204,0.696305,0.6478452,0.7460836,0.65169114,0.7550881,0.67903435,0.76862353,0.68245316,0.7521633,0.6881475,0.72476315,0.681293,0.7084526,0.6870185,0.8315747,0.69337124,0.85062844,0.73864144,0.7651131,0.7469211,0.7657737,0.80327064,0.8044559,0.8101263,0.8038251
0.6541045,0.59297323,0.6463329,0.5829444,0.65512323,0.58741254,0.62215203,0.6098092,0.65330946,0.62248445,0.63425016,0.7058685,0.6512751,0.71880096,0.68051404,0.78196466,0.6969821,0.7831957,0.7228288,0.74402165,0.7312809,0.7317129,0.6766936,0.83648556,0.6918618,0.85815495,0.7308744,0.7381465,0.74640477,0.7474451,0.7763266,0.77976996,0.7901602,0.79313827
0.65195113,0.61611897,0.64395076,0.6044796,0.65272653,0.60651296,0.61870795,0.6261086,0.64614326,0.635762,0.627367,0.7176116,0.648212,0.72557473,0.66985595,0.79481894,0.6784114,0.79179347,0.7124234,0.7509115,0.7126233,0.7470177,0.6776199,0.8352992,0.6941316,0.856394,0.7356249,0.7489956,0.75157744,0.75524044,0.7719059,0.76322377,0.78446794,0.76830703
0.65091753,0.62735647,0.64323664,0.61710286,0.65299815,0.6196311,0.61861545,0.6402141,0.65164363,0.64953876,0.62268955,0.73369795,0.6651303,0.7214802,0.66940933,0.79789954,0.7302188,0.7471094,0.73509973,0.7647627,0.8018754,0.72514707,0.6698162,0.8494421,0.69802535,0.86084104,0.7237583,0.7545297,0.7523924,0.7504638,0.7657421,0.77494633,0.786385,0.77434593
0.6634969,0.69538176,0.65848804,0.68612725,0.664329,0.68874615,0.64025635,0.697784,0.66230315,0.7072814,0.6375448,0.76399904,0.6752686,0.75751525,0.6668812,0.78256553,0.7411886,0.7572471,0.71514475,0.7538185,0.8052393,0.73499167,0.6756307,0.8333053,0.6993217,0.84486586,0.72743094,0.7701997,0.7519093,0.7738963,0.7685072,0.7839108,0.78948766,0.80311954
0.6456945,0.6292932,0.64002913,0.6197879,0.649409,0.6193192,0.61763537,0.6379644,0.65111464,0.6373165,0.6172199,0.73124975,0.6615605,0.6982539,0.6341316,0.8277825,0.7279324,0.7333797,0.6716829,0.80441797,0.80571955,0.72164,0.66092455,0.8470977,0.68780524,0.8490038,0.714181,0.7757926,0.7407419,0.75547457,0.7687888,0.79851574,0.78750384,0.7837257
0.6516249,0.643351,0.64835685,0.6352945,0.654437,0.63204694,0.6288538,0.6513788,0.65324336,0.6442949,0.62528765,0.7439161,0.65869015,0.7052804,0.63956314,0.8277879,0.7234699,0.7411854,0.6778452,0.802626,0.79449624,0.7386353,0.66125184,0.859574,0.68146104,0.85706925,0.7098475,0.7824268,0.73097646,0.7512724,0.7750799,0.8011653,0.79513663,0.7750301
0.65546405,0.6211763,0.649644,0.6151117,0.6583663,0.6107127,0.62147516,0.63578117,0.65362865,0.62673914,0.6191058,0.7192027,0.6492459,0.682341,0.64087737,0.8121879,0.6983395,0.7120226,0.67993903,0.77787393,0.73362714,0.7057621,0.65122306,0.8611374,0.6717102,0.8569729,0.70505214,0.81790364,0.7223868,0.77241534,0.7626881,0.880215,0.7763662,0.82783806
0.65752155,0.63641614,0.65242046,0.62899834,0.65826505,0.62735105,0.6308288,0.64329726,0.65178233,0.63960385,0.6321611,0.7189949,0.6426782,0.68879896,0.65734285,0.7782476,0.6809497,0.7018307,0.68422836,0.744746,0.683929,0.7081182,0.65524304,0.8530061,0.6640708,0.850796,0.7147881,0.82155937,0.7219748,0.7774817,0.77975637,0.88921195,0.7860083,0.8413417
0.6580663,0.64155984,0.6528744,0.6336637,0.6594258,0.63172215,0.6312608,0.64443725,0.6536488,0.64053744,0.63316077,0.7148575,0.6419403,0.68427044,0.6539882,0.77613044,0.6747135,0.7019846,0.67865413,0.73820055,0.6783414,0.7175191,0.6555754,0.84016997,0.6635849,0.83757925,0.7153186,0.82643473,0.72280115,0.7797884,0.7802666,0.8882907,0.7872724,0.83652925
0.65032095,0.6373189,0.64508915,0.63023055,0.6515474,0.6284728,0.62488806,0.6451078,0.6471346,0.6419738,0.6311337,0.71952325,0.6388685,0.6878389,0.6531173,0.78034467,0.67255086,0.7019188,0.68047386,0.73867375,0.6817898,0.7133994,0.6629458,0.8324071,0.67063886,0.82964915,0.71902484,0.83713335,0.7270338,0.786578,0.785943,0.89287466,0.79402083,0.83306456
0.64749765,0.60157883,0.6418933,0.5925219,0.6490464,0.5908027,0.6184687,0.6109115,0.64524823,0.60785216,0.6234158,0.70311296,0.63752437,0.67899513,0.64737767,0.76987517,0.6686256,0.70226747,0.66925615,0.7220138,0.6650834,0.68953276,0.6572551,0.8368374,0.67003924,0.8375793,0.7170347,0.8361299,0.7285896,0.7913853,0.78491175,0.8967071,0.7947652,0.847329
0.6412417,0.63386333,0.6356956,0.6250118,0.6420286,0.626603,0.61862004,0.6397464,0.6398687,0.64295954,0.62870973,0.7126792,0.6344682,0.6997797,0.64886016,0.74500173,0.6622473,0.7028943,0.65210444,0.6856049,0.6525535,0.6787946,0.6684278,0.8200307,0.6749407,0.82606184,0.7264411,0.8400165,0.7331075,0.80510473,0.79489756,0.90030766,0.8006973,0.8597474
0.6303266,0.6499886,0.6251248,0.63976645,0.6311248,0.64494175,0.6116742,0.6482102,0.6303653,0.66016173,0.625321,0.7092874,0.625124,0.70538104,0.6416422,0.7230268,0.64691085,0.6907418,0.64835,0.67879367,0.6504184,0.67902714,0.6695141,0.80657786,0.6719515,0.8187953,0.7274173,0.8365368,0.73262876,0.8135206,0.7971463,0.8926856,0.80150837,0.8632222
0.6431684,0.6653474,0.6390214,0.6519591,0.6451496,0.6567694,0.62584025,0.65471095,0.6444683,0.6661475,0.63309777,0.7152489,0.6398431,0.71511376,0.6436156,0.7543135,0.6567907,0.7315698,0.6509901,0.7170941,0.6609134,0.7147431,0.669113,0.81437933,0.67501926,0.8280746,0.7251448,0.8316041,0.7335873,0.8160593,0.7994434,0.892148,0.80184746,0.87526995
0.6480427,0.632655,0.6438049,0.6186053,0.65032494,0.62205637,0.62771624,0.62620264,0.6492036,0.63539785,0.6329021,0.7052206,0.6419258,0.7040611,0.64283055,0.7621873,0.6563681,0.73682904,0.65526456,0.7193589,0.66093284,0.71280265,0.6670483,0.82273114,0.6753511,0.8365525,0.7273542,0.8354383,0.7371029,0.8169847,0.80022496,0.90123624,0.80395615,0.882758
0.6255378,0.64822686,0.6214243,0.638082,0.6260037,0.6441532,0.6093945,0.646384,0.62384665,0.6610347,0.62320566,0.70401037,0.6157363,0.70133054,0.63165957,0.7263868,0.62694496,0.6910464,0.6458257,0.67918205,0.64734805,0.67975223,0.6738507,0.80235827,0.6712253,0.8188595,0.7297775,0.8390313,0.7323654,0.82496035,0.8011074,0.9001109,0.8059002,0.8795264
0.626038,0.6537212,0.62182707,0.6429633,0.6269964,0.64915663,0.609162,0.64831376,0.6248514,0.6639903,0.62201726,0.70398486,0.61426896,0.70335406,0.6261247,0.7242351,0.62167704,0.6928656,0.6426886,0.6755167,0.64395785,0.6794724,0.67177844,0.8020441,0.6692075,0.819803,0.73023033,0.8408903,0.73281115,0.8268175,0.801259,0.90095353,0.8058195,0.8794298
0.6239598,0.668986,0.6196478,0.6584343,0.6242516,0.6661372,0.60598606,0.66289777,0.6194488,0.6836837,0.618196,0.7109321,0.6074009,0.7163445,0.6161837,0.728481,0.6061293,0.70285213,0.64089155,0.678988,0.6387296,0.6805976,0.6756754,0.7989829,0.6709666,0.82217324,0.73280513,0.8393883,0.733676,0.83304757,0.8041795,0.9032812,0.80791587,0.8857427
0.62641877,0.6605781,0.62261003,0.64929837,0.62664604,0.6562007,0.60966456,0.651003,0.6211619,0.66969305,0.6220824,0.6990069,0.60486317,0.7006854,0.61751646,0.733227,0.5994653,0.70241535,0.64214313,0.6819519,0.63734865,0.6791336,0.6764661,0.80497336,0.6673569,0.82741016,0.7336898,0.8400152,0.7319829,0.83316326,0.8020264,0.912328,0.8067528,0.89366764
0.6256537,0.63902575,0.62201756,0.6259414,0.62542945,0.63429976,0.6105773,0.6271954,0.62039006,0.6483495,0.62504286,0.6800521,0.6028569,0.6851103,0.62267554,0.7314253,0.6006817,0.7075804,0.64470536,0.6881074,0.6385752,0.68403584,0.6744995,0.80691403,0.66191584,0.83038664,0.7341251,0.83434874,0.7307988,0.8273017,0.8005134,0.91237783,0.80695933,0.892583
0.6191795,0.61679876,0.6157314,0.6028742,0.618216,0.61139435,0.60570186,0.6051744,0.6118194,0.6253326,0.6230728,0.66346884,0.5948528,0.66976225,0.62917626,0.7221187,0.60009044,0.7036385,0.64675725,0.6878498,0.6418619,0.6852956,0.6738087,0.7973707,0.6572424,0.822169,0.73269373,0.8285923,0.7279391,0.82586014,0.7987439,0.9163426,0.8065222,0.9008912
0.6254331,0.65941215,0.62283397,0.64625096,0.6262099,0.6516186,0.6122959,0.65215117,0.6225316,0.6654212,0.62202454,0.7078518,0.6086997,0.7068919,0.6210914,0.745225,0.6060134,0.7141167,0.63871795,0.7005387,0.6406142,0.6917014,0.67122185,0.81319267,0.66407984,0.8336328,0.7296508,0.8366644,0.7296776,0.82939935,0.7948012,0.9193292,0.80291015,0.90123606
0.6269515,0.6755172,0.62331367,0.66152847,0.62724394,0.669401,0.6098713,0.66755897,0.6208714,0.68772155,0.61661214,0.7210082,0.6072957,0.726987,0.61361593,0.75169533,0.60213196,0.7238279,0.6340097,0.7054381,0.6352129,0.6970632,0.6668236,0.80514556,0.66247356,0.8300928,0.7232043,0.830666,0.7249643,0.8362825,0.7925388,0.90838957,0.79660314,0.90615493
0.61391747,0.6548515,0.60925263,0.6415685,0.6137229,0.6488002,0.59117216,0.6505616,0.6043143,0.6705929,0.5991048,0.70951176,0.592391,0.71673316,0.60023147,0.7624593,0.5925382,0.7351396,0.6320362,0.7133496,0.6364936,0.7050025,0.6631629,0.8124108,0.66049945,0.8405131,0.7231801,0.8255136,0.725544,0.82918346,0.79342693,0.9089694,0.80030197,0.9021192
0.6039589,0.6536573,0.5985274,0.6408814,0.6035175,0.64817584,0.5801766,0.6499764,0.5939647,0.67046833,0.59209806,0.70990056,0.5861211,0.72094315,0.60296446,0.75937194,0.59222966,0.7396429,0.63634294,0.7211645,0.6385697,0.7118014,0.66599256,0.81372565,0.6638395,0.844792,0.7307557,0.8314811,0.7327946,0.8375126,0.80051166,0.92362356,0.80580646,0.91784763
0.6051838,0.6610722,0.59966093,0.64911425,0.6048127,0.65579987,0.5812796,0.6586813,0.5954347,0.67802405,0.59354347,0.71566594,0.5866209,0.72812796,0.60285264,0.76058733,0.59004533,0.74670905,0.6341359,0.72189915,0.63675416,0.7119192,0.66802484,0.821895,0.66533875,0.85338366,0.7319368,0.83256495,0.7339962,0.83838457,0.7972267,0.930257,0.8047447,0.9233529
0.6003954,0.66969365,0.5954433,0.65857804,0.6002831,0.6656898,0.58086836,0.67121387,0.59430784,0.69082814,0.5964907,0.7289273,0.58849216,0.7396557,0.6059569,0.76208264,0.5903174,0.74544686,0.6352646,0.7211123,0.6357663,0.70963204,0.6725708,0.8283474,0.66895515,0.85839224,0.7345745,0.8351793,0.73542804,0.8408705,0.7983286,0.9365591,0.8041548,0.93128103
0.61239916,0.7029431,0.6076171,0.6936636,0.6126072,0.6994644,0.59317124,0.70415956,0.60687274,0.7212774,0.60611546,0.7478412,0.5979503,0.75573426,0.60770345,0.7627166,0.5908227,0.74281025,0.6317808,0.7192816,0.6309788,0.70421886,0.6771907,0.833724,0.6733414,0.8611718,0.7362789,0.8403281,0.73657984,0.84232736,0.7955324,0.9394056,0.8018001,0.92923015
0.6097565,0.69938225,0.6047741,0.6895937,0.6096296,0.6956975,0.5903705,0.69891495,0.6035301,0.7173456,0.604554,0.7436044,0.5957357,0.7543979,0.60781604,0.7611765,0.589935,0.7458406,0.63321435,0.72034365,0.63136446,0.7036076,0.6782208,0.8340367,0.67408675,0.86301756,0.73817515,0.8470576,0.7390097,0.85088724,0.7949495,0.94292253,0.80209684,0.9332038
0.6153921,0.70080584,0.6106059,0.69117373,0.615362,0.69654226,0.5955828,0.6999587,0.6089192,0.7173832,0.6076356,0.7432937,0.5989461,0.75275856,0.6055159,0.7595845,0.58869654,0.7427729,0.6303114,0.71747273,0.6297126,0.70232564,0.6780289,0.8338837,0.6739442,0.8617024,0.73790914,0.85233414,0.7385085,0.8538027,0.7917374,0.94506574,0.79885185,0.93218654
0.83206034,0.33473462,0.8378172,0.31312677,0.8286893,0.32190374,0.85737,0.2981064,0.8353015,0.3154272,0.8852337,0.37553963,0.8483721,0.38758376,0.8976569,0.51747966,0.8533732,0.51251024,0.85074675,0.59474957,0.8339848,0.5926532,0.88910675,0.6121347,0.8658027,0.6032447,0.8311106,0.70078003,0.81157535,0.6809498,0.8672924,0.870445,0.8555366,0.82609767
0.8293724,0.33637023,0.83445597,0.31465858,0.8263335,0.32405937,0.85335344,0.29805982,0.834325,0.31650057,0.8823061,0.37325808,0.8484311,0.3863796,0.89580774,0.5138387,0.85433245,0.5116648,0.8505122,0.588169,0.8354775,0.58982444,0.88859063,0.61266786,0.86726,0.6045009,0.82879955,0.70141363,0.81121695,0.6826159,0.86706144,0.872215,0.85512275,0.82729685
0.82584953,0.33522695,0.8311449,0.31322142,0.82283133,0.3227475,0.8508045,0.29730132,0.8310895,0.31571943,0.8798275,0.37291878,0.84707767,0.38794208,0.89325684,0.51265556,0.8537864,0.5141664,0.8484896,0.59046304,0.8343644,0.59241706,0.8899391,0.61081064,0.8692091,0.6038304,0.8274154,0.698095,0.81024593,0.68230164,0.866741,0.86995643,0.8554363,0.8284751
0.82553977,0.34704116,0.83049244,0.3249234,0.8221051,0.3343342,0.84826726,0.30132356,0.83019334,0.3203243,0.87725395,0.3692344,0.84770966,0.3853413,0.89272034,0.5120569,0.8533884,0.5080136,0.8475569,0.58570665,0.83514357,0.5883286,0.89142,0.6096672,0.87314856,0.60519993,0.82579434,0.6990775,0.81093115,0.69559556,0.8653057,0.8588831,0.8539675,0.8352845
0.8232431,0.35196966,0.8281416,0.32970327,0.8194723,0.33924258,0.8457697,0.30452004,0.8272033,0.32373682,0.87500346,0.3701247,0.8464041,0.3864234,0.891253,0.5121481,0.8541016,0.5079904,0.8470074,0.58616006,0.8356587,0.5893338,0.8923292,0.6093755,0.8746492,0.6053263,0.8250825,0.6975675,0.81092566,0.694964,0.86512226,0.85964257,0.85473794,0.83701575
0.81948704,0.3516229,0.824549,0.3298798,0.8161476,0.33929694,0.8428936,0.30849382,0.82440853,0.32731903,0.87273043,0.37625605,0.84347945,0.39328653,0.88945884,0.513357,0.85028154,0.5103929,0.84712124,0.58659923,0.83412963,0.5880123,0.89165,0.6115444,0.87345594,0.60817057,0.8254391,0.6992286,0.81062746,0.69778377,0.8653309,0.8592188,0.8541476,0.8382105
0.8146125,0.3568497,0.8192381,0.3352592,0.8115204,0.34510055,0.8373397,0.3122456,0.82049084,0.33245492,0.86996996,0.377547,0.83978367,0.39725864,0.88955784,0.5120777,0.8469743,0.5126465,0.84613657,0.59076667,0.8324566,0.5938905,0.8909689,0.6152219,0.87244004,0.61282223,0.8253474,0.70235544,0.81066793,0.70180917,0.8651377,0.8616079,0.8538217,0.84033304
0.81061774,0.36257517,0.81509393,0.34161186,0.8076211,0.35090223,0.8331157,0.3178001,0.8167669,0.33690664,0.8669217,0.38001272,0.8366753,0.39828664,0.88801605,0.5168503,0.84640783,0.51404107,0.84291613,0.5959384,0.8330993,0.59390247,0.88975143,0.6139136,0.8710319,0.6108758,0.8264584,0.70441884,0.81091416,0.70206165,0.8651659,0.8628956,0.85378027,0.83998865
0.80568737,0.36563924,0.80977505,0.34488115,0.80276126,0.35391256,0.8274943,0.3202696,0.8126173,0.33866873,0.86279356,0.3821181,0.8337981,0.39852938,0.88555795,0.5233733,0.8459318,0.51735175,0.84031594,0.6024274,0.8332533,0.59808606,0.8888208,0.6149229,0.8710659,0.61137515,0.8264003,0.7073248,0.81221193,0.7032414,0.86461383,0.86483264,0.85516495,0.83980525
0.80175155,0.37221906,0.8050992,0.35035738,0.79876834,0.36130354,0.822234,0.32725683,0.808863,0.34776422,0.85773766,0.38910022,0.8335174,0.40470913,0.883262,0.52915746,0.84781533,0.5226737,0.8371636,0.6073468,0.83370733,0.5996844,0.8877325,0.61083585,0.8719732,0.6079475,0.8234398,0.6993777,0.8124203,0.69682646,0.86808217,0.8689438,0.8593733,0.84240776
0.7966784,0.38572598,0.799053,0.36416703,0.7945902,0.37378982,0.81613,0.3366058,0.8082386,0.35468587,0.8510585,0.39143512,0.8333942,0.40453672,0.8732738,0.5298335,0.8505277,0.52551264,0.8349617,0.60711104,0.83310854,0.6098718,0.8841139,0.61502475,0.8733763,0.61063457,0.82248,0.7077037,0.8111154,0.69617146,0.8643945,0.8701593,0.85393155,0.8308708
0.7906857,0.3904973,0.7934833,0.36822188,0.7884545,0.37887162,0.8123358,0.34392175,0.80136406,0.3631692,0.84723085,0.40320107,0.830816,0.41457632,0.86763537,0.5383463,0.8465328,0.53261495,0.83204097,0.61972153,0.83051056,0.6049542,0.888042,0.61101323,0.8769018,0.6065162,0.8198738,0.70030415,0.8122453,0.69396454,0.8634804,0.87155926,0.855872,0.843247
0.7871348,0.40461457,0.78936386,0.3831395,0.7847158,0.39289808,0.8065465,0.3558604,0.79644984,0.3733359,0.8409525,0.40699318,0.827203,0.41710582,0.8634022,0.5352839,0.84488946,0.5285879,0.83255243,0.61863345,0.82932484,0.6002256,0.88795614,0.60720676,0.87842077,0.6035593,0.8199032,0.70189613,0.81381196,0.6971487,0.8633469,0.8710685,0.8563024,0.8445388
0.783189,0.41333354,0.7849166,0.39236706,0.78106946,0.4028856,0.80077726,0.3630068,0.7916279,0.38324517,0.83763295,0.4113484,0.8189506,0.41645113,0.8606009,0.53499264,0.81694615,0.4844798,0.8296118,0.6279466,0.79091185,0.4911768,0.88821954,0.60914606,0.8763181,0.60508937,0.8187438,0.69625145,0.8134605,0.6976287,0.86473465,0.8663827,0.85556936,0.84601206
0.7788741,0.42564914,0.7794925,0.40619707,0.77758044,0.41507173,0.7929246,0.3754417,0.7888637,0.39125013,0.8295952,0.41550472,0.81748927,0.4230433,0.85692436,0.53807956,0.8238432,0.51122427,0.8293473,0.6292928,0.799849,0.5537735,0.88687736,0.60622466,0.87907356,0.60454386,0.81767064,0.69893014,0.81427574,0.7041631,0.86355144,0.86551404,0.8554692,0.85243356
0.7703916,0.44165906,0.77138877,0.41975182,0.7684882,0.43085653,0.78741956,0.38336137,0.78046316,0.4036355,0.82435673,0.4216447,0.8129681,0.43472344,0.84955215,0.552221,0.83006155,0.5473679,0.82604104,0.63298726,0.8168958,0.61927724,0.88378984,0.6088084,0.87560475,0.6099459,0.81443816,0.6975655,0.81042165,0.7040073,0.8637908,0.8657068,0.8551081,0.8554214
0.7675634,0.44584772,0.7685926,0.4281759,0.7652711,0.435027,0.78294766,0.39588663,0.7784061,0.40767303,0.81669897,0.42844748,0.81140655,0.43984112,0.8438868,0.55510455,0.83317596,0.5586623,0.8226658,0.634441,0.8182381,0.63227874,0.87676924,0.60269386,0.8735548,0.60448676,0.81888163,0.71347696,0.81374246,0.7167664,0.8620548,0.86055106,0.85477465,0.8415539
0.7658376,0.46794257,0.7656461,0.45268154,0.76446795,0.45740584,0.77687323,0.41512465,0.77771926,0.42186674,0.81105345,0.43634918,0.80863523,0.43853626,0.83788157,0.5665252,0.83108896,0.5563688,0.8212428,0.63836586,0.82024527,0.6338052,0.87610024,0.6006033,0.87497634,0.5997761,0.8157956,0.71253693,0.81385356,0.7119476,0.8601331,0.85740197,0.8556199,0.8362064
0.7590193,0.4741379,0.75928247,0.45984888,0.7577905,0.46210927,0.7714228,0.422327,0.7716133,0.42298058,0.80430967,0.44216153,0.8063038,0.43668088,0.8315784,0.56871974,0.83209145,0.55035114,0.8175958,0.646159,0.81945753,0.6426571,0.8753568,0.59566027,0.87679225,0.5920463,0.81599855,0.7158461,0.81429094,0.71078277,0.8599116,0.8577093,0.8560924,0.8333858
0.75330484,0.48273757,0.7538129,0.4676776,0.75168717,0.47060168,0.7664258,0.43211472,0.7648992,0.4340987,0.7983641,0.45399547,0.80081815,0.4513999,0.8269213,0.57601374,0.82875234,0.5617426,0.8076771,0.66342,0.8144456,0.65983427,0.8689709,0.59863466,0.87047285,0.5967122,0.81460065,0.7249984,0.812338,0.723288,0.86064225,0.8581318,0.85598576,0.8372826
0.7499548,0.49500751,0.7504565,0.48157653,0.74879956,0.48251128,0.7620354,0.44703695,0.7616261,0.44391736,0.79120535,0.46670243,0.79750246,0.4558844,0.818491,0.5863107,0.8228721,0.5589146,0.80100507,0.68101704,0.80576533,0.6770367,0.8649912,0.59640044,0.8691006,0.59266585,0.8111125,0.7284961,0.8124874,0.7267778,0.85858077,0.8564666,0.85756046,0.83908015
0.7480841,0.50803745,0.7482516,0.49113265,0.7468966,0.49532574,0.7603162,0.4559037,0.75860184,0.4607531,0.7909537,0.47800452,0.7930749,0.4676855,0.8119224,0.61960423,0.81217414,0.5788297,0.7912233,0.7169077,0.794794,0.6993584,0.865029,0.58843267,0.8666586,0.5851137,0.8083839,0.721794,0.81312656,0.7241252,0.8590555,0.86070377,0.8593566,0.85223776
0.74330395,0.51377326,0.743329,0.49663022,0.742366,0.50149184,0.75507,0.46076086,0.7542294,0.4671931,0.7858073,0.48501408,0.7883862,0.4770906,0.8046953,0.6307595,0.8045021,0.5914558,0.7871759,0.733393,0.7876385,0.7137038,0.8629641,0.59716636,0.8653057,0.5961438,0.8049862,0.72206146,0.81279105,0.7286217,0.85705703,0.8525809,0.8607008,0.84913605
0.74202275,0.52457714,0.7418581,0.51032054,0.7406552,0.51250005,0.7527251,0.47397998,0.7530244,0.47410038,0.7802364,0.4953346,0.78630555,0.48298025,0.7960575,0.6641341,0.7978055,0.6217839,0.77718234,0.7633962,0.7760647,0.75291634,0.86123514,0.59950227,0.86570215,0.59913844,0.80471706,0.73032063,0.8109466,0.7379512,0.85292166,0.86940044,0.8533018,0.86243063
0.73769945,0.54269046,0.7376147,0.5296551,0.7373419,0.5300584,0.7493298,0.48717335,0.75291145,0.48263973,0.774883,0.5034765,0.7881848,0.48153925,0.78443897,0.6795919,0.79851764,0.6217715,0.7669354,0.7859888,0.7735196,0.76893675,0.8587244,0.6067297,0.86819285,0.60316265,0.80142975,0.7355455,0.81201184,0.73974097,0.8520865,0.8677712,0.8564712,0.8599622
0.73049784,0.5490363,0.73087996,0.53497237,0.73171026,0.53644526,0.7430286,0.4932756,0.746569,0.48908284,0.7720315,0.5137297,0.7811097,0.49129564,0.77934444,0.702446,0.78734106,0.6272698,0.755768,0.8114,0.7669909,0.7499147,0.85895646,0.6144889,0.86463684,0.61085874,0.800068,0.7477303,0.81022704,0.75077575,0.85679895,0.87073183,0.8592068,0.8626055
0.72855943,0.55855715,0.7277799,0.54561037,0.7298183,0.5465082,0.73878264,0.5070718,0.7471778,0.50177306,0.7678241,0.5276274,0.7804349,0.49421602,0.773767,0.7146741,0.7833756,0.6113073,0.7471151,0.82705176,0.7614422,0.7461931,0.8565035,0.62036353,0.86473197,0.612397,0.79817426,0.741168,0.8054453,0.739235,0.8565378,0.8732294,0.848172,0.8563394
0.72667927,0.5716744,0.7266161,0.56024474,0.72987634,0.55833435,0.73609966,0.5208734,0.74548364,0.506546,0.7634994,0.5413773,0.77691436,0.49175355,0.7626504,0.7335578,0.774745,0.59030956,0.73488647,0.8383882,0.7527649,0.7066782,0.85664713,0.62359285,0.8637619,0.6096643,0.79308003,0.7393733,0.7983385,0.7315566,0.85940784,0.85922456,0.84938765,0.843709
0.71942014,0.5761112,0.7208696,0.56593657,0.7220163,0.5613632,0.7316422,0.5341448,0.73519367,0.5151926,0.75654566,0.5654029,0.7665342,0.51109505,0.75002503,0.75514007,0.7644731,0.62296915,0.7202472,0.86549866,0.7433712,0.76773864,0.85193723,0.6258244,0.8560667,0.6093726,0.7926723,0.74564415,0.79563665,0.7326639,0.86103076,0.84777033,0.85499746,0.8328239
0.72307867,0.6035754,0.7216225,0.59128195,0.72471213,0.58837694,0.72762454,0.55329746,0.73951197,0.54102206,0.74929386,0.5715648,0.76782125,0.5332407,0.74582213,0.7623578,0.7690652,0.6549216,0.7164226,0.87702703,0.7434873,0.77952874,0.8419587,0.6253991,0.8546793,0.6179774,0.79843116,0.7432802,0.8094241,0.7362958,0.856438,0.84983337,0.85619766,0.8265571
0.71739006,0.6126056,0.71622956,0.5994223,0.71938944,0.5968366,0.7223362,0.56748134,0.7349426,0.554325,0.7404593,0.59279215,0.76597613,0.5469161,0.73566496,0.78252155,0.7724297,0.6580807,0.707188,0.902184,0.74448425,0.7815776,0.8308676,0.65557086,0.84711164,0.64520293,0.7924743,0.7578068,0.804464,0.750676,0.8559682,0.852222,0.8564176,0.8333536
0.70847076,0.62789965,0.7070088,0.6173634,0.71269745,0.6121599,0.7104678,0.5783587,0.7240745,0.55775833,0.73613876,0.597492,0.7502141,0.53534055,0.72874254,0.80753845,0.7527385,0.6513966,0.6993561,0.91035897,0.7369292,0.79306966,0.8337078,0.64043546,0.8416462,0.62136567,0.7812611,0.7881431,0.7923953,0.75948256,0.85016626,0.8663995,0.85403234,0.8299401
0.70786226,0.6486029,0.70729655,0.64296967,0.7109286,0.63253087,0.7114968,0.6076053,0.7224034,0.58014506,0.7311782,0.6213941,0.7471306,0.5573809,0.7123356,0.82202387,0.7474069,0.68111396,0.68217295,0.9417186,0.72832084,0.8262737,0.82864076,0.6453706,0.8378094,0.6263441,0.79115015,0.79300016,0.80010074,0.7665317,0.84534615,0.8656731,0.85163605,0.83492005
0.6977597,0.66951686,0.69719476,0.6646358,0.70155853,0.6530116,0.70066065,0.6272337,0.7118434,0.5966861,0.72328275,0.640582,0.7320627,0.5728783,0.7071486,0.8538853,0.72621316,0.70610017,0.6757192,0.97177076,0.70352936,0.878444,0.82437384,0.6609379,0.82916516,0.64229673,0.78749007,0.81492007,0.7916395,0.7930178,0.8480193,0.85796636,0.8489197,0.8392394
0.6881227,0.6812075,0.6869282,0.673805,0.69010556,0.66749245,0.69189256,0.6401056,0.6993668,0.62130994,0.71359867,0.6491285,0.71875167,0.6013951,0.7042534,0.86033773,0.71534777,0.73916364,0.6790284,0.9649218,0.69606674,0.89835894,0.81782913,0.6749595,0.8209487,0.6702844,0.7970132,0.83038706,0.80006295,0.82502735,0.85861856,0.85950196,0.8554131,0.851413
0.6791925,0.68388855,0.67530006,0.67843604,0.68381745,0.66999745,0.677335,0.64480096,0.6996204,0.62190753,0.7062292,0.64780974,0.7168881,0.5988279,0.7049103,0.854908,0.7192751,0.7460178,0.6805853,0.94902426,0.6966168,0.8996553,0.80802023,0.70164394,0.81534356,0.69377255,0.79943544,0.861358,0.80529416,0.8418351,0.8501896,0.87828195,0.8514971,0.8511003
0.66490036,0.67593896,0.6615643,0.66736823,0.669353,0.662974,0.6666029,0.64208937,0.6867456,0.62954676,0.6978505,0.65947384,0.70392424,0.6281989,0.69513464,0.87103736,0.70461404,0.79482955,0.67859215,0.95576775,0.680993,0.9388268,0.7995318,0.7357486,0.8038358,0.73703164,0.803552,0.8782851,0.809024,0.86673564,0.8530764,0.865612,0.8598053,0.84813696
0.65152204,0.6943719,0.6485991,0.6867096,0.6541862,0.6780571,0.6541889,0.65661496,0.67216426,0.63373435,0.68441504,0.67399615,0.7034468,0.62823427,0.6902322,0.87718725,0.7254479,0.7893749,0.67369074,0.96278554,0.6994216,0.9386389,0.7924852,0.7487011,0.8055995,0.74007875,0.78513944,0.93712425,0.8011412,0.9056391,0.82728237,0.9206381,0.850589,0.874674
0.64536303,0.65777445,0.64488107,0.6490658,0.6479582,0.639341,0.65401524,0.6369999,0.6666092,0.6103217,0.68144345,0.68723416,0.700748,0.6367894,0.6911537,0.8895318,0.7199723,0.7925718,0.67029667,0.9740681,0.68615156,0.93641114,0.7873851,0.7747346,0.79915786,0.7651003,0.7863628,0.9406163,0.7929829,0.9194109,0.8367198,0.8937132,0.8460955,0.8686919
0.63952655,0.66429,0.63693947,0.6576649,0.64502907,0.6473476,0.6443961,0.6490253,0.6699515,0.6198924,0.6752744,0.70238453,0.70642304,0.64310724,0.69016904,0.8917908,0.7671398,0.7797487,0.668887,0.9700777,0.7918838,0.89842445,0.77420115,0.8141495,0.79069436,0.7989622,0.77772623,0.97204405,0.7877154,0.9396735,0.8274822,0.9032664,0.8369438,0.8621102
0.63355,0.6507277,0.6304824,0.64651364,0.64037555,0.6325852,0.6360776,0.64895844,0.668475,0.6112627,0.6681504,0.7204585,0.7083876,0.6432668,0.68642396,0.92101055,0.77293473,0.7821961,0.6665627,0.9706574,0.8106648,0.9011302,0.7663667,0.85453296,0.78930336,0.8303904,0.75997114,0.9941293,0.7858108,0.95434415,0.79791725,0.9122468,0.828014,0.8668739
0.62387216,0.62651116,0.62043303,0.62322795,0.63154715,0.6054886,0.62466496,0.6376346,0.6625818,0.5909392,0.66080993,0.73963845,0.70600045,0.6396212,0.6861138,0.96183336,0.77746946,0.7816108,0.66661215,0.94284457,0.8294531,0.866302,0.7622896,0.88574135,0.7890185,0.85222757,0.7559762,1.0,0.7923773,0.9679741,0.78800863,0.916632,0.8278189,0.87077475
0.62817496,0.6172295,0.62471914,0.61529917,0.63518226,0.59705687,0.62421036,0.64157957,0.6607796,0.59598374,0.6548869,0.7565729,0.69318885,0.65432984,0.6747603,0.9624585,0.7693671,0.77681583,0.6721572,0.93087,0.82649755,0.8678397,0.74660414,0.8878135,0.7686938,0.8563017,0.77363473,0.95824295,0.79451597,0.89492244,0.820429,0.9176149,0.83667403,0.85655874
0.62105894,0.6102444,0.61859596,0.6072727,0.629625,0.5892648,0.61875975,0.6395701,0.65927553,0.5909484,0.64626884,0.7643265,0.6927525,0.66363215,0.669296,0.95127153,0.7755456,0.7670371,0.6731395,0.93144375,0.8376183,0.86089724,0.732406,0.89976186,0.7621693,0.86875194,0.7598511,0.9347298,0.79391086,0.86840004,0.7998113,0.92336875,0.83901626,0.8631694
0.6214018,0.6072852,0.61847967,0.6008629,0.6278239,0.5890211,0.611168,0.6297843,0.6450013,0.6011221,0.6310111,0.7575694,0.6787163,0.68887603,0.64587015,0.91487545,0.7592734,0.78266627,0.6701931,0.92529696,0.8316029,0.87617046,0.72302884,0.8908713,0.750799,0.8752385,0.7706011,0.9176981,0.7935767,0.87307984,0.80297965,0.9204882,0.8251428,0.8938939
0.6582904,0.669787,0.6500913,0.6579152,0.66217095,0.6599846,0.6262149,0.6793586,0.66587055,0.68879014,0.63837516,0.77760214,0.68602425,0.78184986,0.7002147,0.84031737,0.7665965,0.832843,0.780992,0.85123724,0.83159506,0.87236637,0.7044585,0.86094356,0.7375903,0.8779378,0.7595306,0.83179295,0.7830228,0.8310882,0.8049844,0.8873862,0.8156533,0.8968482
0.6484889,0.59354204,0.6395503,0.5760042,0.65083045,0.57963336,0.61176765,0.59791887,0.65247184,0.61191785,0.62218964,0.7382262,0.67793113,0.7589791,0.70953685,0.8200053,0.76638997,0.8405376,0.80702287,0.85331833,0.82712394,0.86366975,0.69356006,0.9047927,0.7335176,0.93391705,0.7539627,0.77411455,0.78263503,0.8029473,0.8048216,0.8487197,0.8171431,0.89511603
0.73606884,0.79465723,0.7276807,0.7762299,0.73738325,0.78866786,0.6916772,0.7774945,0.72542495,0.8134451,0.6663669,0.82683337,0.7204207,0.85904354,0.67402154,0.83437896,0.7634251,0.845593,0.7375054,0.8441949,0.819914,0.8489649,0.67792505,0.8808396,0.71452755,0.9122304,0.73193234,0.7500622,0.7647439,0.7850088,0.7919549,0.83550674,0.8047838,0.87714064
0.123193204,0.49743482,0.12316246,0.48835033,0.12124777,0.49049023,0.1194511,0.48409626,0.11503714,0.48945004,0.11589793,0.50042975,0.10839436,0.5183905,0.1403488,0.49313423,0.1187719,0.54063004,0.16224591,0.48795038,0.14487967,0.527336,0.111688256,0.5965364,0.106613316,0.60966563,0.13390663,0.59356457,0.13405621,0.6084668,0.13380983,0.6345744,0.13576706,0.65705687
0.6956036,0.8067101,0.6880509,0.79587597,0.69737154,0.80307174,0.6635116,0.8083839,0.69699866,0.82378775,0.6480064,0.85971504,0.7068974,0.83845794,0.63585275,0.87922436,0.77602094,0.779074,0.6419104,0.8716134,0.8272486,0.8080325,0.68699425,0.8417665,0.7221781,0.8519511,0.7437753,0.75448817,0.7666723,0.7587601,0.8190302,0.80820894,0.8162511,0.82728505
0.70131034,0.8045394,0.6928325,0.7961332,0.7051168,0.80458057,0.6649268,0.8075699,0.705926,0.8262066,0.65006495,0.8542248,0.717767,0.8309815,0.66126996,0.8453857,0.77655447,0.7457567,0.69619656,0.8571878,0.81932306,0.8012971,0.67990476,0.8344503,0.7226111,0.84030163,0.7252838,0.7808592,0.75761217,0.7798091,0.8136217,0.8076476,0.8107144,0.81757486
0.6795745,0.82550746,0.66898984,0.8207893,0.68230283,0.8304609,0.6380877,0.8357461,0.68323004,0.85928285,0.6248011,0.8713952,0.7084018,0.85219,0.65108806,0.842303,0.7737823,0.74768,0.69580925,0.84488326,0.81442803,0.7869947,0.6649418,0.8236069,0.71871233,0.83024156,0.701237,0.7842049,0.74966383,0.79011893,0.77768874,0.8010079,0.7917302,0.8217393
0.66326684,0.84021753,0.6533962,0.83622766,0.66690916,0.8497032,0.62886775,0.8575273,0.67488104,0.89070594,0.6175114,0.88653684,0.7093795,0.87486476,0.62751335,0.845384,0.76847243,0.76109403,0.66630656,0.842239,0.8071473,0.7742093,0.6616455,0.82739353,0.7200394,0.8341805,0.68805456,0.7712136,0.7470564,0.78430444,0.75701255,0.80108976,0.7847798,0.8224615
0.7055187,0.80548275,0.6986427,0.8051172,0.71152765,0.8101543,0.6728334,0.83727485,0.71821964,0.84854907,0.646841,0.8790213,0.73646903,0.8397365,0.62673455,0.8682432,0.7750515,0.7404072,0.64725506,0.8761009,0.80408585,0.7672507,0.66039443,0.83260787,0.7201759,0.8228541,0.6619786,0.76750284,0.74135077,0.76344603,0.70801646,0.8114942,0.78183496,0.82166004
0.6765327,0.81351906,0.6673233,0.81895196,0.68028677,0.82433844,0.6421876,0.8719038,0.68607706,0.885377,0.62349933,0.9231725,0.708293,0.8831068,0.6122776,0.88289475,0.7672824,0.7484166,0.6334534,0.8819267,0.79973274,0.7766165,0.6519469,0.8767846,0.70671505,0.8716705,0.6804804,0.75055903,0.7406005,0.7468896,0.73007977,0.8317584,0.7748689,0.84238845
0.6466052,0.8412688,0.6394892,0.8493273,0.6508395,0.8529658,0.62430996,0.8987293,0.6603138,0.9049307,0.6171887,0.9312145,0.690544,0.89032596,0.61881,0.86534697,0.7602355,0.7444351,0.6274098,0.88125616,0.79377306,0.787644,0.65691584,0.8892178,0.7012414,0.8820909,0.68577445,0.734536,0.7338619,0.7310392,0.72660035,0.855684,0.76116985,0.8642623
0.5685706,0.89802784,0.5578,0.90022576,0.56703985,0.91305596,0.54066104,0.9305661,0.5659672,0.96096975,0.5572967,0.947169,0.60919094,0.9586243,0.59725064,0.8629886,0.7163668,0.8406634,0.60902464,0.85789704,0.7880549,0.8006097,0.65256166,0.89745027,0.68158853,0.9209232,0.6980072,0.7253781,0.7278953,0.74680066,0.76035374,0.8271981,0.77405757,0.8456817
0.56290627,0.89742213,0.55196774,0.8982969,0.56215775,0.91410106,0.53409445,0.9298289,0.56194204,0.96699405,0.5525577,0.950514,0.6023744,0.9695452,0.5977517,0.8763486,0.7023003,0.8651528,0.6176775,0.8642399,0.77267563,0.8233395,0.64738834,0.901086,0.67545277,0.92898554,0.6950474,0.7270568,0.7261475,0.7561553,0.7658573,0.8313777,0.77782816,0.8504249
0.5853634,0.87123513,0.5749468,0.8707716,0.5870605,0.8861362,0.5526655,0.90490335,0.5883006,0.94106525,0.5587289,0.9417356,0.62514967,0.94311106,0.5905532,0.86758,0.7161614,0.8098443,0.6235902,0.8711997,0.77844876,0.815523,0.63357455,0.895105,0.6725551,0.9129552,0.6758379,0.73541874,0.7163394,0.75637186,0.7526883,0.8422463,0.76286054,0.85509497
0.76915294,0.8517237,0.767392,0.8566646,0.77299976,0.8462741,0.750243,0.87891823,0.76588684,0.8564168,0.7256117,0.8915882,0.7442656,0.8584408,0.7401206,0.8159627,0.7428125,0.77470505,0.7728136,0.84037715,0.7723916,0.8203282,0.6645253,0.9077771,0.6769482,0.8878399,0.6585194,0.81805855,0.6702024,0.8159255,0.6153095,0.8982029,0.6233892,0.91168714
0.12673119,0.49034968,0.12593022,0.48421052,0.12744045,0.4854703,0.1146732,0.4765684,0.1280467,0.48128164,0.10962802,0.47832412,0.12391086,0.48597348,0.123243906,0.4862657,0.14113833,0.4921886,0.150315,0.49232793,0.1580248,0.49340174,0.10059929,0.55890596,0.10985612,0.56378335,0.12541872,0.55030966,0.1345794,0.55289716,0.119044654,0.60151154,0.12961145,0.60682315
0.7634002,0.90058345,0.7649196,0.90628475,0.76743346,0.89488965,0.756639,0.92035764,0.7639597,0.89316803,0.7315157,0.91446847,0.74957454,0.87147284,0.7357523,0.82846487,0.738156,0.7700837,0.768706,0.82637256,0.76682323,0.81278276,0.67666715,0.8958139,0.68752164,0.87119526,0.6545392,0.86474586,0.66182494,0.86814153,0.6041274,0.9111035,0.6086995,0.9451242
0.76709193,0.9023317,0.7662189,0.9009924,0.7687102,0.8959219,0.7546093,0.9068641,0.7617795,0.8970103,0.7332277,0.9121956,0.74744976,0.8827037,0.74241877,0.8321216,0.7379932,0.7958963,0.77223843,0.8435048,0.7696767,0.8278989,0.6765205,0.8951459,0.68512803,0.87360805,0.6541329,0.882684,0.66173095,0.8840415,0.6099593,0.89511126,0.6107957,0.9148228
0.76303947,0.8730303,0.7619023,0.8765775,0.7670815,0.86864233,0.7565343,0.8779613,0.76622885,0.85902596,0.74587727,0.85739744,0.7507812,0.8353517,0.7557021,0.8171562,0.7497611,0.79735416,0.7818748,0.85220927,0.7822296,0.8411992,0.6971139,0.8565598,0.6988803,0.839293,0.66475374,0.8950595,0.66961354,0.9008357,0.6127767,0.9340166,0.6161778,0.9567204
0.7609132,0.91033006,0.75852835,0.9051669,0.76273555,0.9105533,0.7458775,0.89001936,0.7623524,0.9080128,0.7339559,0.87871486,0.7616583,0.8976675,0.7200613,0.8486729,0.7732631,0.85023296,0.71443117,0.9017296,0.7910139,0.85750073,0.69240326,0.8643515,0.70555836,0.8653354,0.6566381,0.91303474,0.66770303,0.91748303,0.61527675,0.92081857,0.6186253,0.936048
0.7665103,0.92337686,0.76484793,0.91969013,0.76827854,0.92444336,0.75305575,0.90951157,0.7662479,0.92641604,0.739466,0.90329903,0.7615394,0.9213056,0.7345406,0.86334366,0.77039045,0.8665051,0.7372727,0.894514,0.7920689,0.85724604,0.68632287,0.8720381,0.6966807,0.8726965,0.6542861,0.90440935,0.66311204,0.90934885,0.6146907,0.8969696,0.61861753,0.91385704
0.77235425,0.92392105,0.77081126,0.9211112,0.77413857,0.9251472,0.7579614,0.9150509,0.77136534,0.92965364,0.742979,0.911604,0.76399606,0.92656636,0.73552126,0.87126625,0.76833546,0.8710351,0.73788637,0.89446366,0.7882323,0.85788226,0.68859357,0.8679659,0.69795036,0.8675871,0.6586826,0.8882666,0.66594523,0.89229727,0.6188717,0.88379353,0.6210545,0.8996992
0.7754956,0.88559467,0.77529526,0.88941574,0.77809364,0.8819975,0.76474154,0.8960001,0.77087957,0.8762876,0.74389666,0.8877626,0.7523573,0.8568033,0.7504955,0.8392023,0.7512104,0.78894496,0.7795267,0.8475896,0.783802,0.82042605,0.6888689,0.88909256,0.6927173,0.8698465,0.64797604,0.94656456,0.6571478,0.9499051,0.61577,0.9361346,0.6203179,0.9521537
0.75450504,0.8523842,0.75418884,0.8552247,0.7576373,0.8507535,0.7479035,0.87194765,0.7581043,0.85850555,0.7342152,0.879547,0.74866104,0.86134595,0.7458394,0.83169365,0.7578381,0.80711806,0.77768207,0.85514516,0.78969175,0.8321767,0.6894322,0.89516914,0.6974626,0.880948,0.6493228,0.9319808,0.65903884,0.9386737,0.6207887,0.93788415,0.6267992,0.95464534
0.78516096,0.88906085,0.7860071,0.89266515,0.7871608,0.8843232,0.7776719,0.900526,0.7784718,0.87910014,0.7562283,0.8976513,0.7579014,0.8635942,0.7577984,0.85533637,0.7528896,0.8003943,0.7804627,0.8573871,0.783944,0.82662797,0.6950819,0.8957465,0.6944062,0.8733751,0.6502348,0.9496882,0.6556931,0.94786066,0.615531,0.9337459,0.61790174,0.9435059
0.78966457,0.8943824,0.7917893,0.9009409,0.79243535,0.88789654,0.78435934,0.91498697,0.7841898,0.8834886,0.7578072,0.9168624,0.7617612,0.86816543,0.7539101,0.8694837,0.7515872,0.7921474,0.7764907,0.86959606,0.77996826,0.8246217,0.690327,0.9032888,0.69116706,0.87456125,0.6547276,0.9319737,0.6597716,0.9200777,0.61429095,0.9176469,0.6176039,0.9204117
0.7737557,0.86897916,0.77252144,0.8753139,0.7780801,0.86939645,0.763393,0.8944662,0.7754062,0.8792604,0.74218696,0.8906011,0.7551838,0.8655801,0.7440137,0.82347435,0.7558056,0.77690345,0.76687664,0.87250036,0.78609717,0.840799,0.69498503,0.89447916,0.7021991,0.8827556,0.6729965,0.8728638,0.6907172,0.8788281,0.6581283,0.91223073,0.6761554,0.9282591
0.724116,0.7996471,0.72203916,0.80123603,0.72847605,0.80304253,0.7191482,0.83373994,0.7374489,0.834088,0.7077159,0.86542946,0.7336621,0.8450891,0.6839015,0.87390727,0.762464,0.79941344,0.657741,0.9499249,0.78762704,0.8637239,0.6990428,0.8939777,0.71366805,0.89257056,0.716737,0.8155269,0.7375812,0.8195514,0.7442344,0.8948272,0.7691997,0.9078695
0.726171,0.788759,0.724503,0.7880657,0.73002785,0.7898857,0.7230808,0.8181869,0.73711026,0.8184023,0.7154491,0.84839493,0.7308326,0.8339065,0.71134484,0.85669684,0.7646194,0.80387056,0.7081914,0.9358624,0.7899856,0.88540864,0.7068484,0.88215667,0.714913,0.88502014,0.73443407,0.78144294,0.7418968,0.78889173,0.76594776,0.89723855,0.7757239,0.91679806
0.7323864,0.80487293,0.73081905,0.8054209,0.73602337,0.8062152,0.73019564,0.8326629,0.74215394,0.8315247,0.7228189,0.8507802,0.735015,0.8381803,0.72891587,0.8439216,0.7659473,0.8045683,0.7405168,0.9259559,0.7939103,0.8942586,0.708761,0.88110495,0.71504456,0.8843969,0.7379336,0.7741649,0.74625975,0.78379846,0.7584697,0.90034604,0.77026623,0.9208773
0.72941595,0.7937438,0.72726387,0.78804743,0.7313495,0.79481035,0.72342783,0.8083489,0.7328624,0.81932443,0.72408587,0.8363476,0.727236,0.83404785,0.7395339,0.8239545,0.760102,0.79904395,0.76708114,0.9181267,0.7924046,0.89764154,0.7217253,0.8826543,0.72360677,0.88902634,0.7296111,0.74368584,0.7324222,0.7530082,0.7682666,0.9110444,0.77401453,0.9246588
0.7378188,0.80772376,0.7362909,0.80391335,0.7397067,0.8077886,0.73573655,0.8227772,0.74226797,0.82928497,0.73705935,0.8423547,0.73788065,0.83819973,0.7442123,0.82325244,0.7593231,0.8023934,0.76921475,0.91321474,0.7892849,0.889216,0.7314245,0.8984784,0.731573,0.90079415,0.7304554,0.7466052,0.7331921,0.7547449,0.74181783,0.9125814,0.75132865,0.92546976
0.73524624,0.8001646,0.73237175,0.7956206,0.7374827,0.80174935,0.73088133,0.81669915,0.74144906,0.82765037,0.7358893,0.8449849,0.73832244,0.83866817,0.7398519,0.8283727,0.75946295,0.7938152,0.75890183,0.92689097,0.7891065,0.890547,0.7360553,0.89665365,0.73753566,0.8977624,0.72704023,0.7422955,0.73217154,0.7498586,0.7448297,0.91166717,0.75380784,0.9237418
0.70907956,0.8261607,0.70562625,0.820983,0.7107054,0.83104193,0.7045798,0.84263206,0.7154729,0.8619553,0.7123408,0.8701362,0.7183015,0.8696209,0.7150866,0.853579,0.75444144,0.81712174,0.7226822,0.95686376,0.78955567,0.89580184,0.7232924,0.9016879,0.72591835,0.907726,0.72720945,0.7507865,0.7323635,0.7617226,0.7623733,0.909787,0.76917607,0.9238872
0.7370229,0.8189249,0.73534745,0.8157879,0.73893005,0.8184109,0.7363959,0.8355532,0.7433178,0.84034884,0.73903984,0.85611224,0.74210453,0.8488528,0.7424988,0.8425848,0.764202,0.8172397,0.7609058,0.930342,0.793571,0.8951088,0.7330198,0.9088452,0.73418784,0.9082375,0.7329319,0.76173717,0.73633105,0.7690955,0.7298082,0.91585726,0.7409522,0.93136114
0.7355785,0.836102,0.7351523,0.8328835,0.73713225,0.8328616,0.739317,0.8486969,0.7436247,0.84854245,0.73951167,0.8656329,0.7498758,0.859432,0.74847466,0.84737015,0.76950353,0.83987224,0.7700872,0.91801864,0.79174346,0.8947698,0.72299546,0.9154715,0.7282336,0.90930766,0.7126808,0.81847566,0.71462095,0.8277387,0.68153316,0.9217586,0.6875983,0.94253874
0.736775,0.8393484,0.73565024,0.83686423,0.73883456,0.8360945,0.7395764,0.85296357,0.74758655,0.85129946,0.7415763,0.86889714,0.7577345,0.86299103,0.749875,0.8555241,0.7731016,0.8544927,0.77451867,0.9219517,0.7905671,0.8991149,0.7272522,0.9133848,0.7364356,0.9036842,0.70001334,0.8455116,0.703949,0.85415196,0.65407515,0.922253,0.6610028,0.94306976
0.7327487,0.8448773,0.7326059,0.84161633,0.73611134,0.84057707,0.7409551,0.85930204,0.74987704,0.8547713,0.7421636,0.8802628,0.76218194,0.87756073,0.7403223,0.8839491,0.7813267,0.89099646,0.7495018,0.927751,0.8008575,0.90587264,0.72077847,0.9197874,0.7307071,0.9076566,0.6796515,0.90617454,0.6831867,0.9108422,0.63286436,0.9504334,0.63771665,0.9627116
0.7352328,0.8419592,0.7337341,0.83959496,0.73948234,0.83852506,0.7374758,0.8582317,0.75404066,0.85387313,0.7339271,0.87772584,0.76566505,0.8732736,0.7145059,0.8920496,0.7843295,0.886493,0.70269597,0.9519096,0.8003041,0.9099803,0.7165985,0.9216705,0.73314613,0.9098335,0.6781536,0.8905341,0.6875343,0.8958791,0.63489825,0.944701,0.644309,0.95938224
0.7440397,0.85021865,0.7416587,0.84989566,0.74813694,0.8481339,0.7409881,0.86740077,0.7592789,0.861849,0.73712987,0.8765249,0.76520497,0.8724456,0.7307014,0.86937326,0.78168553,0.8702771,0.7339464,0.9326963,0.7985657,0.90949625,0.7139042,0.9173376,0.72915167,0.9058135,0.67481136,0.8817223,0.68483454,0.88675964,0.6314291,0.9451601,0.64123386,0.9579027
0.7456393,0.8403078,0.7428658,0.8363591,0.74663067,0.8374287,0.739457,0.8560912,0.75302744,0.8599244,0.73597664,0.8881866,0.7645366,0.87695396,0.714912,0.9040371,0.7790715,0.8896808,0.7012512,0.9672464,0.7926244,0.9164233,0.7199413,0.92109114,0.7363848,0.9047425,0.6894823,0.85616755,0.70675415,0.851288,0.64195496,0.91524357,0.66241086,0.919096
0.755238,0.8470067,0.75178355,0.8436237,0.7553957,0.84456843,0.7468736,0.8621337,0.75806546,0.8668086,0.7437061,0.8868067,0.76541585,0.8766832,0.72729784,0.8959297,0.7797685,0.8811208,0.7157945,0.9689215,0.7941185,0.92233044,0.7255786,0.9187718,0.73875177,0.90529764,0.7060761,0.8217499,0.72465086,0.81839365,0.65548825,0.9177916,0.68212,0.92242825
0.781336,0.8605756,0.7764301,0.8582467,0.7813016,0.8573413,0.76511693,0.8767117,0.77776355,0.87898964,0.75604874,0.8944068,0.7761848,0.8834517,0.73778284,0.89014465,0.78211594,0.8745141,0.7282645,0.9714235,0.79333186,0.9369464,0.72965735,0.92261684,0.74201906,0.9099229,0.71563053,0.8031301,0.73106045,0.8033485,0.6572912,0.9193927,0.6782884,0.92879885
0.7922734,0.8706047,0.78739184,0.8683312,0.7921721,0.86721766,0.7745152,0.8871937,0.7866978,0.88945055,0.7624076,0.90400076,0.78131884,0.8943509,0.74614704,0.8910045,0.7827113,0.8781158,0.7400059,0.9661684,0.7920079,0.94147736,0.7296804,0.92080516,0.741601,0.90933114,0.71997106,0.8068571,0.73390466,0.8100561,0.6622299,0.917171,0.6796021,0.93025047
0.78916544,0.86761105,0.78472364,0.8703322,0.79009175,0.8648215,0.7753695,0.8901189,0.7871452,0.88296896,0.764284,0.89289695,0.7834963,0.87640893,0.7503847,0.8820062,0.78507006,0.8570341,0.74760765,0.96418655,0.79498357,0.9400053,0.73681515,0.90763414,0.74790436,0.895119,0.7280546,0.79199934,0.74302435,0.79840034,0.65765166,0.9185635,0.6785286,0.94093835
0.7993428,0.8737107,0.7959687,0.87650543,0.8003526,0.869092,0.7880372,0.89587003,0.7965689,0.88445365,0.77655333,0.89908946,0.78937876,0.87868035,0.76598465,0.8803819,0.7845372,0.85382915,0.7686802,0.9515481,0.79349136,0.9424599,0.7436377,0.9075908,0.75090003,0.89370424,0.7400982,0.77984214,0.74961245,0.78412354,0.66815513,0.913915,0.6825341,0.93582296
0.8015235,0.8664955,0.7969384,0.8639536,0.8004304,0.86134195,0.7858448,0.8825732,0.7927905,0.88297236,0.7762801,0.8997421,0.7863392,0.8887402,0.7627441,0.88568366,0.7833495,0.87329507,0.7618196,0.95765775,0.79287016,0.9491196,0.7450549,0.9188436,0.75139827,0.90780544,0.7411043,0.77769375,0.7466259,0.783114,0.67077297,0.9219774,0.6799442,0.94084376
0.8155365,0.25583306,0.8193189,0.24555583,0.81229687,0.24746394,0.82676727,0.25171548,0.808989,0.25685537,0.8372016,0.311365,0.8062046,0.31707072,0.84768385,0.38296983,0.80259913,0.37939626,0.85152763,0.44233948,0.8081336,0.39569512,0.8367921,0.45112062,0.81689835,0.45418283,0.8404539,0.55856264,0.8196978,0.5610871,0.8427399,0.65061474,0.82236665,0.6516776
0.8143449,0.25708243,0.817952,0.24661809,0.8108506,0.24892901,0.8249664,0.25294426,0.80702156,0.25899887,0.8355138,0.3126721,0.8043974,0.31946534,0.84763,0.38267297,0.8007494,0.37924686,0.8521827,0.43997404,0.80559427,0.3885978,0.8362303,0.45267132,0.8162662,0.4565689,0.8393244,0.5595207,0.81890947,0.56299764,0.8425053,0.65095747,0.8222696,0.6535059
0.8126012,0.25592202,0.8160831,0.24514657,0.8088035,0.24808039,0.8232794,0.25197965,0.8048774,0.2594444,0.83420193,0.31192908,0.8028122,0.32060757,0.84738636,0.38167435,0.79746604,0.38318977,0.85224384,0.43758392,0.8021354,0.39667675,0.8365947,0.4532357,0.81641597,0.4579102,0.83874077,0.55995363,0.8180895,0.5641028,0.84103405,0.6563618,0.8214205,0.65988714
0.8096124,0.25666517,0.81328815,0.2462095,0.8063817,0.2485964,0.821464,0.25296086,0.80376256,0.25913343,0.83313286,0.31296527,0.8021256,0.31876844,0.84672004,0.3837819,0.79653114,0.37808532,0.8519551,0.436595,0.801795,0.38459927,0.83490324,0.454209,0.81535405,0.45744854,0.8372353,0.56117344,0.8196274,0.5639211,0.83958226,0.6587182,0.82475585,0.65984416
0.8085233,0.25628516,0.8120662,0.24577826,0.8051347,0.24823721,0.8198148,0.252252,0.8021498,0.25856644,0.8309626,0.31174338,0.80077755,0.3174685,0.8454059,0.38262036,0.79555076,0.37542892,0.85185766,0.4374493,0.80018616,0.38017732,0.8330456,0.45311573,0.8141739,0.4566597,0.83561707,0.56112045,0.81992024,0.5643152,0.8383195,0.6581431,0.8254803,0.66007847
0.8069682,0.257308,0.8103177,0.24654695,0.80341524,0.24892318,0.81769365,0.2519226,0.7998168,0.2577525,0.8292169,0.3107379,0.7985071,0.3165327,0.84621525,0.37938917,0.7952538,0.37492016,0.8527508,0.43353677,0.7993213,0.3783647,0.83188754,0.4583449,0.8124899,0.46207157,0.83605444,0.5674008,0.8175217,0.5709341,0.8407965,0.66462505,0.82393944,0.66717315
0.8057899,0.25849947,0.80904067,0.24758029,0.80221665,0.25047058,0.81627876,0.25204337,0.7987346,0.2595553,0.8280632,0.30907008,0.7972611,0.31794223,0.84488344,0.3760064,0.79326475,0.376262,0.8510125,0.4301187,0.79875696,0.38130298,0.8311987,0.45326188,0.81206477,0.45869085,0.8349924,0.5606794,0.8201664,0.5658413,0.8369487,0.65843624,0.8261795,0.6629249
0.8039834,0.25941983,0.8073646,0.24868168,0.80062217,0.25099197,0.81504613,0.25206038,0.7976948,0.25851688,0.82705337,0.30706266,0.79597855,0.31507725,0.8443677,0.37060678,0.7912813,0.37004066,0.8512148,0.43079624,0.79464763,0.38898396,0.8280879,0.45071268,0.80896485,0.45560554,0.8316417,0.5572897,0.8167101,0.56197953,0.83356047,0.65288293,0.82189363,0.6565134
0.80370075,0.2614373,0.80690396,0.2507804,0.8000954,0.2530809,0.81393826,0.2542757,0.79675007,0.26047128,0.82616186,0.30912882,0.79455876,0.3164881,0.84396136,0.37449342,0.78976387,0.37273493,0.8494138,0.43464085,0.79290664,0.3921965,0.82709324,0.4508671,0.8076415,0.45550174,0.8310279,0.55715597,0.81599027,0.56183565,0.83058655,0.656192,0.8197815,0.6600772
0.8016082,0.2629117,0.8048693,0.25227782,0.79815483,0.25453392,0.8122436,0.2554448,0.7952695,0.26160988,0.824611,0.3095904,0.7936382,0.3167608,0.84246933,0.37525523,0.78918725,0.3725952,0.848254,0.43689007,0.79208547,0.39175928,0.82554924,0.45029616,0.8065314,0.45476842,0.829493,0.55736035,0.8150636,0.561947,0.82948476,0.65730923,0.8191475,0.66084385
0.7989457,0.2643152,0.8024103,0.2535149,0.79567844,0.2559299,0.8107476,0.25641495,0.7937491,0.2629184,0.8236694,0.31088164,0.79308486,0.31666827,0.8413753,0.37901038,0.78789145,0.36845517,0.8479951,0.4431574,0.7924172,0.37908268,0.8253285,0.449627,0.8066781,0.45350453,0.8284963,0.55558604,0.8152115,0.5596395,0.8274852,0.6543422,0.8191534,0.6568409
0.79771084,0.2646246,0.80132437,0.25395358,0.7945642,0.25598836,0.81005937,0.25716436,0.79295874,0.26287803,0.82246125,0.31166098,0.7931544,0.31671566,0.83923227,0.37917367,0.78782284,0.36997327,0.8449592,0.43966225,0.79125494,0.38440713,0.8234977,0.4495437,0.80580044,0.45267504,0.82538444,0.55609643,0.8141331,0.559396,0.8240191,0.65522057,0.81804067,0.65647244
0.7968866,0.265278,0.80042964,0.2546903,0.793786,0.25672507,0.8092586,0.25781637,0.7924453,0.26350045,0.82150316,0.31208286,0.79323286,0.31652105,0.83741283,0.3803471,0.7872491,0.36975005,0.8425026,0.43900523,0.7907471,0.38429326,0.82279265,0.44847625,0.8059086,0.4511649,0.82335466,0.55490327,0.8138728,0.5577489,0.82058793,0.6534225,0.81714815,0.65408725
0.7960801,0.2627119,0.7996959,0.25204477,0.79281956,0.25397792,0.80847025,0.2558971,0.79117304,0.26141128,0.820655,0.3108283,0.7918889,0.31612343,0.8363714,0.37819028,0.7858252,0.37317818,0.84074116,0.43440032,0.78953195,0.39516002,0.8219401,0.44773594,0.8047928,0.45057675,0.8220159,0.5529619,0.81271285,0.5557181,0.8185455,0.6496826,0.81603664,0.650169
0.79535735,0.26088515,0.79897517,0.2502784,0.7921166,0.25227535,0.807757,0.25469053,0.79053175,0.26038572,0.8199424,0.3099144,0.79129636,0.31597337,0.83553094,0.37659052,0.7851934,0.37401572,0.8401208,0.43279526,0.7885157,0.3986831,0.8216802,0.4454793,0.8047144,0.4486066,0.82058144,0.5496149,0.811876,0.5525922,0.81724054,0.647508,0.8158146,0.6483491
0.79499775,0.25908205,0.7984146,0.24835658,0.79175353,0.25065422,0.80707055,0.25292724,0.7901014,0.25946274,0.8193249,0.30904058,0.7909224,0.31589103,0.8344206,0.37709427,0.78528994,0.3737749,0.83774006,0.43563443,0.789942,0.3980514,0.8211667,0.44404104,0.8043987,0.44768068,0.8192423,0.54943025,0.81179374,0.5529933,0.81409705,0.64915717,0.8147111,0.6511938
0.7928049,0.25946498,0.7964409,0.2488619,0.7898002,0.2512919,0.8052951,0.25471947,0.7884482,0.2618763,0.818981,0.3119875,0.7882382,0.3209643,0.83540946,0.37849912,0.78455794,0.3800288,0.8389992,0.431347,0.79138875,0.39222038,0.82085687,0.44459265,0.8023411,0.4491132,0.8199313,0.55091506,0.8111704,0.55514187,0.8135811,0.653636,0.81354773,0.65627354
0.79184335,0.26004845,0.7954431,0.24933957,0.7887273,0.25186145,0.8042149,0.2552172,0.7870876,0.26266468,0.81731826,0.31252125,0.78669065,0.32181665,0.8341013,0.37951204,0.7826353,0.3808152,0.8381527,0.43729046,0.79078573,0.39636645,0.8193485,0.4450211,0.8008828,0.44998714,0.8176908,0.55211616,0.80939054,0.55684906,0.8122553,0.6545265,0.8126523,0.6581278
0.79080266,0.26155168,0.7944017,0.25073406,0.78759164,0.2533263,0.8031785,0.25595036,0.78588307,0.26366538,0.8164445,0.31305787,0.7856987,0.32239547,0.8333556,0.38061187,0.78196806,0.3812252,0.8366643,0.44069335,0.7887422,0.39873672,0.81791174,0.44659647,0.7994434,0.4514405,0.81601614,0.5546643,0.80792755,0.5592543,0.8108277,0.65626776,0.8114873,0.6597974
0.78984755,0.26260725,0.79342514,0.2516449,0.7867332,0.2541804,0.80232304,0.2558292,0.7851669,0.26340702,0.8164698,0.3133259,0.78485703,0.32185894,0.8335604,0.3837566,0.7816168,0.38128138,0.8348401,0.4495407,0.78763527,0.40232965,0.8178139,0.44960883,0.7987779,0.45397532,0.81551963,0.5571072,0.8065053,0.5611725,0.8118132,0.6577009,0.81184226,0.6604523
0.7892443,0.26472387,0.792806,0.25376368,0.7861396,0.25621837,0.801534,0.25691804,0.7843416,0.26436123,0.81575567,0.31331763,0.78378004,0.321892,0.83269453,0.3835887,0.781033,0.3814642,0.832822,0.45107758,0.7871138,0.40479377,0.81682456,0.4521552,0.7975179,0.45653433,0.81476134,0.5596236,0.80502266,0.5636342,0.81247586,0.65915316,0.8118321,0.6617258
0.788863,0.26552066,0.7923447,0.25456935,0.78572077,0.25704452,0.800649,0.25644013,0.78370804,0.26397333,0.81458646,0.31159946,0.7834585,0.32145715,0.8315278,0.38021192,0.7823674,0.38306123,0.82959586,0.44753763,0.7842487,0.41222203,0.8154979,0.4561785,0.7966545,0.4609116,0.81235975,0.5622947,0.8024206,0.5666606,0.81251585,0.6596157,0.8104496,0.6628061
0.7876858,0.2668145,0.7908094,0.25523013,0.7845926,0.25866312,0.79896253,0.25485447,0.782721,0.26443776,0.8126232,0.30884638,0.7833172,0.32244945,0.8291217,0.37483314,0.78200424,0.3901464,0.8269144,0.4419275,0.7814676,0.42509484,0.8145279,0.458,0.7968144,0.46394664,0.8109789,0.5663015,0.8013919,0.5718916,0.8125167,0.6639145,0.8110766,0.6688919
0.7861943,0.26811525,0.78987116,0.25689283,0.78315234,0.25909445,0.79913086,0.25647667,0.7818005,0.26368898,0.81297797,0.30989832,0.7832715,0.31889224,0.82760566,0.379184,0.7826099,0.38296607,0.82657903,0.4490992,0.7797458,0.4228853,0.812036,0.45904946,0.7943472,0.46244863,0.8092505,0.56762236,0.80020124,0.5703947,0.8100209,0.6643712,0.8074005,0.6648328
0.7861371,0.26910555,0.7894365,0.2571656,0.78295916,0.26023155,0.7980514,0.25552544,0.7811554,0.26440802,0.8111184,0.30961692,0.7826281,0.32185292,0.8260383,0.3796103,0.78206086,0.3941034,0.8252086,0.44718555,0.7778477,0.4340445,0.8108699,0.46130848,0.79383373,0.46611482,0.8091599,0.5718661,0.7991615,0.5762738,0.8109477,0.6674204,0.8071818,0.6706715
0.78480875,0.26861677,0.78824353,0.25652525,0.78182596,0.25923663,0.7974526,0.25549963,0.78069407,0.2636814,0.8099713,0.31146598,0.7836238,0.32170537,0.8236465,0.3846694,0.78387797,0.39550132,0.8215971,0.45218733,0.7766696,0.43747935,0.807748,0.46454853,0.79192793,0.4676638,0.8053212,0.57795936,0.79551184,0.5808559,0.8075857,0.67632425,0.8018512,0.67765963
0.78299123,0.26701343,0.7864278,0.25530034,0.7804689,0.25760302,0.79602,0.2540277,0.78009707,0.26112926,0.80863523,0.3084739,0.7830776,0.31698507,0.8217339,0.38219962,0.78278613,0.39064747,0.82023,0.45297778,0.77485174,0.43822894,0.80623883,0.46232924,0.7905845,0.46423754,0.8028132,0.5755551,0.79057884,0.5772702,0.80731755,0.6760862,0.79657346,0.67580783
0.7817717,0.2654264,0.7852039,0.253818,0.7792394,0.25596005,0.79457706,0.2528075,0.77878374,0.25967917,0.80668926,0.30771485,0.7820872,0.3156506,0.8193335,0.38222048,0.7814941,0.3880948,0.8168007,0.45369595,0.7720222,0.43559936,0.80428916,0.46197957,0.7894052,0.4638403,0.8018694,0.5756425,0.7916615,0.5774011,0.80637705,0.67585766,0.79817754,0.6755493
0.77947676,0.26427194,0.7826609,0.25358272,0.77683276,0.25527188,0.79088306,0.25337055,0.7762987,0.2591024,0.80353624,0.30808657,0.7783844,0.3149448,0.8173234,0.38173187,0.7784001,0.3858149,0.81432974,0.45203647,0.7698793,0.43972933,0.8008858,0.45958707,0.7856774,0.46142888,0.8003995,0.57273316,0.787597,0.5742498,0.8052689,0.6746708,0.7934393,0.67394835
0.7759477,0.26359612,0.7794911,0.25273827,0.7740277,0.25401974,0.7889819,0.25302997,0.7739877,0.25832057,0.80283874,0.30889007,0.7756159,0.31582573,0.8173852,0.38191682,0.77645326,0.38649705,0.8146748,0.4515196,0.770158,0.43330604,0.79876465,0.46093512,0.7820554,0.46238926,0.7984355,0.57173425,0.7847572,0.5728297,0.80555886,0.67147404,0.79256004,0.6697777
0.77335405,0.26295486,0.77686375,0.25214165,0.77191526,0.25304562,0.7870879,0.2514726,0.7729277,0.2559715,0.8018617,0.30597955,0.7752723,0.3116686,0.81681293,0.3791511,0.77676916,0.38317636,0.8132526,0.4463968,0.770343,0.43195415,0.7974203,0.45917618,0.7810407,0.45951724,0.7975766,0.57109857,0.782914,0.57098144,0.80595887,0.67264354,0.79102606,0.6690397
0.77129465,0.26210856,0.77489036,0.25091034,0.7698061,0.25193095,0.7856536,0.24985848,0.7710572,0.25485945,0.80062574,0.3049963,0.77469724,0.3109181,0.8151032,0.3795727,0.77722067,0.3839098,0.81022424,0.4494875,0.77065575,0.43620166,0.796001,0.46112514,0.7796481,0.46111363,0.79676276,0.5738864,0.7796542,0.57329524,0.8055137,0.6771093,0.78575695,0.6727547
0.7689633,0.26211065,0.7723995,0.25080463,0.76751083,0.25185496,0.7834506,0.24827619,0.7689646,0.253584,0.79992115,0.3017348,0.77290595,0.3078749,0.81426173,0.37721363,0.77553266,0.3817294,0.80580467,0.4462925,0.7687973,0.4357424,0.79570085,0.45878,0.778252,0.45860496,0.7983876,0.5745598,0.77747965,0.5737183,0.8058041,0.6827364,0.78061336,0.6778359
0.7675287,0.2600124,0.7711728,0.24872498,0.76581335,0.24973883,0.7821259,0.24802013,0.76660085,0.25322452,0.7976119,0.30351245,0.77047276,0.30929992,0.81057006,0.37981525,0.772458,0.38197803,0.80089515,0.44928262,0.76669854,0.4343464,0.7938528,0.45852,0.7758849,0.458496,0.79756963,0.5721457,0.7742825,0.57147646,0.80530757,0.6795424,0.7762781,0.6748379
0.76667553,0.2646351,0.7698526,0.2519033,0.7636547,0.25508794,0.7794142,0.24773109,0.76276463,0.25790447,0.79304427,0.29908338,0.767241,0.31334668,0.80825454,0.37366533,0.77153486,0.39370304,0.7980756,0.44555828,0.7683479,0.44373393,0.7918387,0.46054676,0.774635,0.4651027,0.79571944,0.57442003,0.7744958,0.578606,0.79940575,0.6781172,0.7748688,0.68156844
0.762823,0.26456532,0.7659264,0.25177687,0.7599981,0.25498185,0.7756085,0.24737258,0.75968724,0.25771898,0.789318,0.29849976,0.7652194,0.31355608,0.8052249,0.37117228,0.769859,0.39439645,0.79617065,0.44440085,0.764382,0.4488206,0.7888686,0.46052203,0.77269304,0.46535283,0.79335487,0.5727218,0.7720565,0.5772324,0.79904395,0.67530566,0.77225655,0.67871857
0.76041675,0.2676273,0.7636449,0.2559567,0.7582058,0.25819284,0.773858,0.25158826,0.7586975,0.25969726,0.7891244,0.30180034,0.7631864,0.31343618,0.8030943,0.37320924,0.7664606,0.3893204,0.79431516,0.44612086,0.7604441,0.4490447,0.7885925,0.46373132,0.7709956,0.46681502,0.79462147,0.57574284,0.76785815,0.5781853,0.80343705,0.67944825,0.7684986,0.6788643
0.7581556,0.2663423,0.76167554,0.25478396,0.75597566,0.2569096,0.7721665,0.2527252,0.7562911,0.26037818,0.78732884,0.306133,0.75950444,0.31748122,0.8009596,0.37863588,0.7617552,0.39462337,0.79363215,0.448418,0.7561612,0.4540078,0.78685874,0.46707493,0.7677428,0.47018987,0.7938253,0.5770663,0.7627439,0.57930064,0.80516875,0.6797724,0.7643958,0.6788955
0.7553595,0.26689044,0.7587477,0.2555914,0.7533208,0.2574227,0.7687077,0.25342947,0.75352156,0.2600516,0.7842292,0.30606154,0.7553573,0.3170891,0.7984545,0.3788232,0.75818163,0.3969107,0.79080784,0.4488551,0.7560908,0.46042773,0.7845839,0.46629542,0.76467675,0.4696833,0.792828,0.57660466,0.7595603,0.5789399,0.80537933,0.68267894,0.76265836,0.6817789
0.7518622,0.2654445,0.75524294,0.2534665,0.74916214,0.25563025,0.7642498,0.2530564,0.7476,0.26106453,0.7791015,0.3074924,0.7498793,0.3220718,0.79653805,0.37862337,0.75521386,0.40175325,0.7898781,0.4493146,0.7535023,0.45416218,0.78099316,0.46403188,0.76079386,0.47007525,0.79138595,0.5772643,0.7604559,0.5824159,0.80394214,0.681607,0.7627182,0.6846699
0.7474153,0.2682847,0.75097936,0.25636178,0.7450768,0.2584401,0.76124513,0.25497147,0.7447788,0.2629603,0.7771892,0.30834472,0.7483322,0.32200584,0.7951278,0.37777725,0.7535463,0.3978831,0.78950506,0.44928488,0.75221896,0.44942877,0.7794389,0.46270463,0.7597091,0.4679521,0.7896418,0.5759488,0.76022315,0.5800861,0.8020205,0.68216884,0.7634293,0.6833764
0.74493897,0.26911798,0.7482329,0.25714645,0.74236125,0.2594606,0.75814945,0.25331792,0.7423022,0.26103815,0.77392536,0.30504316,0.74604,0.3166556,0.79090965,0.37863174,0.7501121,0.39439324,0.7848801,0.44919613,0.74816984,0.4525612,0.77723217,0.46379882,0.7584768,0.46826324,0.7862496,0.5737559,0.7581756,0.5770767,0.79911214,0.6812059,0.7640973,0.681336
0.74295044,0.2743287,0.7460394,0.26232633,0.7404067,0.26468807,0.75584817,0.255408,0.74049497,0.2629574,0.7720653,0.30387303,0.7438463,0.31359738,0.78976107,0.378742,0.7469676,0.3873395,0.78434545,0.4496789,0.74357694,0.4407525,0.77493566,0.4627677,0.7565972,0.46660054,0.7826058,0.57307214,0.7584166,0.575834,0.7942454,0.6787102,0.7661142,0.67840624
0.73995525,0.27440262,0.74280876,0.26255932,0.73743194,0.2651372,0.752419,0.25583422,0.73783296,0.26367965,0.7690238,0.30381948,0.7419425,0.3138873,0.7881075,0.37801263,0.74548656,0.38673785,0.78445685,0.44962344,0.7420885,0.43803045,0.77372867,0.46349388,0.7564961,0.46762648,0.7786893,0.574374,0.758105,0.5774445,0.78965545,0.6809271,0.76667297,0.68114334
0.7368917,0.268619,0.73985904,0.25694603,0.73429525,0.2595348,0.7496268,0.25281858,0.7347089,0.26079205,0.7664187,0.30270383,0.7388299,0.31364816,0.78534955,0.37512317,0.7408364,0.38455722,0.7846793,0.44739783,0.7370657,0.43656585,0.77364784,0.4580251,0.7564997,0.46295524,0.7764346,0.57450795,0.7588425,0.57808626,0.78563774,0.68242276,0.76723015,0.6832374
0.73400146,0.26537263,0.73753905,0.25329834,0.7316408,0.25591907,0.74865264,0.25092173,0.7326562,0.25972107,0.76642555,0.30312982,0.73773426,0.31599185,0.7855004,0.3736664,0.74129605,0.38562953,0.78328526,0.4483797,0.7347889,0.4287851,0.7724512,0.45654854,0.75469553,0.461768,0.77220577,0.57379323,0.7592398,0.57824636,0.78003436,0.68603873,0.768337,0.68728817
0.73287505,0.26603496,0.7362585,0.25398493,0.7302798,0.25695255,0.74681604,0.2508414,0.73094535,0.26021805,0.76478356,0.30155748,0.7351076,0.31524006,0.7834922,0.37177315,0.73757285,0.3846652,0.7814633,0.44658995,0.730966,0.4273288,0.7713857,0.45363316,0.75346106,0.45936704,0.76659596,0.5717098,0.7569318,0.57670456,0.77248,0.68580115,0.76742595,0.68812597
0.7318758,0.2679738,0.73515886,0.25576088,0.7289582,0.25885907,0.7452925,0.25059053,0.7290335,0.26001662,0.7627763,0.2988007,0.73232585,0.31208956,0.7807266,0.3697692,0.73398966,0.38172647,0.7796714,0.44649985,0.72862923,0.42683756,0.7691791,0.45159262,0.7510245,0.45735282,0.76301247,0.5709327,0.7539224,0.5757804,0.7682368,0.686457,0.7648488,0.68896747
0.731613,0.2641499,0.73516446,0.25193062,0.7284092,0.2549883,0.7451321,0.24873681,0.7277593,0.25808322,0.76169825,0.2999674,0.7303559,0.31366837,0.77888733,0.3719142,0.7315491,0.3857148,0.7788624,0.448368,0.7246832,0.4343583,0.76672345,0.45258316,0.74822813,0.458414,0.7590868,0.5712825,0.75105095,0.5761338,0.76385534,0.6853021,0.76286674,0.6882058
0.73099846,0.26050818,0.7346764,0.24824767,0.7276056,0.2513883,0.7445267,0.2470538,0.72657204,0.256425,0.76068586,0.3008409,0.7290129,0.31412777,0.77766556,0.37451613,0.7292256,0.38526982,0.77952003,0.4511171,0.7217383,0.42840263,0.76624054,0.4513535,0.7475386,0.45725527,0.75794697,0.5705878,0.749957,0.5756335,0.7629702,0.687138,0.76187485,0.69035494
0.72954184,0.256837,0.7331672,0.24438027,0.7258884,0.24775583,0.7427601,0.24375516,0.72444105,0.25354522,0.75875545,0.29875097,0.72682375,0.31245622,0.7760713,0.37345102,0.72743547,0.38325503,0.77928716,0.45247176,0.72049636,0.42283642,0.7652226,0.45039693,0.74638826,0.45690522,0.75675046,0.56943095,0.7490654,0.57521355,0.7614137,0.6848023,0.7605848,0.68913674
0.72877115,0.25583553,0.7323293,0.24290513,0.72467995,0.24666625,0.7417648,0.24200691,0.72273237,0.2528063,0.75742453,0.29777035,0.7259773,0.31259507,0.77467084,0.37257203,0.72671837,0.38367334,0.7782234,0.45217988,0.7189566,0.42177993,0.7638907,0.4528382,0.745465,0.45981413,0.75453544,0.5725228,0.7479846,0.5789627,0.75667596,0.68625605,0.7569208,0.6916596
0.7279188,0.25900283,0.7310283,0.2457444,0.7235481,0.25039968,0.7399376,0.24276617,0.72153074,0.25546992,0.7563347,0.2967758,0.72603685,0.31299466,0.77567595,0.37149242,0.72593594,0.38739812,0.77528214,0.4508377,0.71766704,0.42994532,0.7633845,0.45514402,0.7451403,0.4619121,0.7539603,0.57959586,0.74656194,0.5856391,0.753653,0.69283926,0.7538825,0.69839686
0.72648,0.2569271,0.7298077,0.24409156,0.7222391,0.24808052,0.7388261,0.2430223,0.7202887,0.2541686,0.75496614,0.2997684,0.72391367,0.31424648,0.77439415,0.37453195,0.72337246,0.38702413,0.77607566,0.45209593,0.7161748,0.43202218,0.760535,0.46104655,0.74221003,0.46707767,0.7506016,0.5845824,0.74207133,0.5899545,0.7507719,0.69747984,0.74950415,0.70203894
0.72539914,0.2552208,0.72894305,0.24259053,0.72134036,0.24631895,0.7382917,0.24279462,0.7195042,0.25325456,0.754373,0.30137798,0.72222584,0.3152689,0.77367264,0.3773906,0.72092575,0.38989973,0.77680683,0.45600194,0.71444374,0.4379177,0.7590565,0.4643535,0.73995346,0.4699987,0.74939185,0.5896309,0.7389657,0.5945514,0.7505349,0.704193,0.74702775,0.70817226
0.72464985,0.25490615,0.7281136,0.24229124,0.72063917,0.24611335,0.7373917,0.24257779,0.7188596,0.25335357,0.75327176,0.3017121,0.72186816,0.31554717,0.7725913,0.3781073,0.72072536,0.38867813,0.77508825,0.45640376,0.7140508,0.43316916,0.7576551,0.46678996,0.73899555,0.47249225,0.7488079,0.5923114,0.738835,0.59745544,0.749708,0.70614403,0.74633914,0.7105448
0.7228047,0.25442955,0.7267315,0.2413499,0.71912044,0.24473391,0.7372979,0.24172784,0.71777385,0.25193053,0.7530447,0.30173194,0.7217376,0.31424695,0.7721483,0.37912014,0.7213446,0.38744268,0.77482766,0.46339315,0.7127246,0.43328294,0.7550301,0.464351,0.7361347,0.46877205,0.7469427,0.5869828,0.7373738,0.590935,0.7494951,0.7020717,0.7449804,0.7046148
0.72234386,0.25413522,0.7265042,0.24084026,0.71834385,0.24419537,0.73717433,0.24126346,0.7162655,0.25159988,0.75187004,0.30139443,0.72021693,0.3136065,0.77023154,0.3788475,0.7197628,0.38521135,0.7729193,0.45869124,0.71194047,0.42530394,0.7524168,0.4643831,0.7333029,0.46874306,0.74638724,0.5865562,0.7365277,0.5903888,0.74845546,0.6976736,0.7437001,0.70026886
0.7220188,0.2539308,0.726196,0.24084903,0.71794426,0.24392489,0.7366035,0.24121451,0.7155323,0.2506803,0.7512677,0.30103073,0.7187125,0.3118855,0.7689799,0.3801227,0.71854854,0.38457012,0.7717869,0.46185598,0.71093875,0.42767304,0.7508676,0.46131316,0.73129094,0.46495986,0.7441873,0.5841774,0.7339821,0.5871901,0.74622405,0.69749737,0.74191195,0.69917583
0.7208764,0.25108048,0.7250462,0.23809841,0.716747,0.24099205,0.7351908,0.2390228,0.71410143,0.24800728,0.7502413,0.30043933,0.71645725,0.31044474,0.7673711,0.38236207,0.71645963,0.3842627,0.7686162,0.46239844,0.7099931,0.42372978,0.7489509,0.46233636,0.7286195,0.46567547,0.74291056,0.5880611,0.7324366,0.590872,0.7423117,0.7049692,0.738705,0.7064016
0.72017866,0.24926299,0.72426057,0.23680075,0.7165814,0.23869401,0.7345948,0.23783745,0.7147376,0.24379267,0.7500512,0.30084994,0.71624273,0.30552143,0.7653975,0.38750115,0.7138983,0.37958482,0.76745236,0.4675007,0.70899516,0.42552105,0.7478013,0.46468934,0.72806704,0.4655587,0.74090725,0.5922333,0.73022306,0.5924944,0.7415289,0.7074515,0.73801386,0.70495355
0.71874684,0.24834716,0.7228259,0.23605634,0.7154396,0.23761044,0.7334406,0.2372108,0.71414226,0.24239719,0.749608,0.30058977,0.7155124,0.3044688,0.7647182,0.38761377,0.7123717,0.38036737,0.7649131,0.46422607,0.7070853,0.42966735,0.7466743,0.46597674,0.7267021,0.46603033,0.7398182,0.59454066,0.72808975,0.59396005,0.73933345,0.71174794,0.7343951,0.7079499
0.7174853,0.24509956,0.72182274,0.23195474,0.7135784,0.23461242,0.73247546,0.23280059,0.7112362,0.24126896,0.7484696,0.29647815,0.7125537,0.3056794,0.76474637,0.38198408,0.7111852,0.38426706,0.7628939,0.46309876,0.7060822,0.43390515,0.74536514,0.46389732,0.72340816,0.46621966,0.7393234,0.5913464,0.72438806,0.59287256,0.7387996,0.7108511,0.73060226,0.7104605
0.7170951,0.2447034,0.7213979,0.23151037,0.7130136,0.23430444,0.73165435,0.23192133,0.71025,0.24069852,0.74752945,0.29478252,0.7105774,0.3048818,0.76403403,0.37943673,0.7081045,0.3829954,0.76095635,0.46021995,0.7045222,0.43286136,0.7448431,0.46269926,0.72234434,0.46580777,0.7382168,0.58927715,0.72402334,0.5916181,0.7358421,0.7050657,0.7303829,0.70600295
0.7169317,0.2434402,0.72134393,0.2300692,0.7126413,0.2329007,0.7314365,0.23110852,0.70938295,0.24006158,0.74668163,0.29489514,0.7098526,0.30554697,0.763182,0.37816983,0.7080337,0.38305983,0.75840276,0.4570536,0.7040394,0.43284935,0.74353725,0.46409196,0.72099674,0.4674066,0.736257,0.5892778,0.72180873,0.591797,0.7345723,0.7054158,0.72877777,0.7068606
0.7163835,0.24078287,0.72088176,0.22756155,0.7121415,0.2301639,0.73079467,0.22990549,0.70867157,0.23819633,0.7460951,0.29561287,0.7081408,0.30555576,0.7624372,0.3806658,0.70647156,0.38445157,0.75552034,0.45578504,0.70309913,0.4322677,0.74225175,0.46518987,0.7187613,0.46818748,0.73523796,0.59187764,0.7183399,0.59404004,0.73513216,0.71189433,0.7266983,0.71302724
0.71605533,0.23870501,0.7205617,0.22532988,0.7117328,0.22801912,0.73038834,0.2280205,0.7080901,0.23650603,0.7458567,0.2951388,0.70700765,0.3055887,0.7616047,0.38154113,0.70512354,0.386415,0.75329936,0.45774373,0.70283866,0.43650568,0.742157,0.4670191,0.71790904,0.47031796,0.735695,0.5932994,0.7167516,0.5957226,0.734722,0.71243846,0.72423345,0.7139608
0.7150387,0.23780684,0.7196075,0.22444022,0.7107232,0.22700591,0.7295756,0.22740485,0.7070864,0.23543607,0.74543256,0.29534104,0.7050534,0.3047311,0.7609613,0.38249037,0.7014894,0.38515544,0.75201267,0.45833465,0.7015817,0.43598562,0.74123496,0.46865186,0.7158491,0.47140405,0.7356214,0.5956108,0.7138115,0.59740514,0.7330147,0.7151228,0.71987844,0.7158431
0.7148622,0.23689456,0.71937543,0.22365949,0.7104183,0.22610746,0.729028,0.22722036,0.7063869,0.23488282,0.74445915,0.2956042,0.7041964,0.30451784,0.76009566,0.3823538,0.70081204,0.3841724,0.75124615,0.45742983,0.7007486,0.4335663,0.74007577,0.4680228,0.7145533,0.47070596,0.7354846,0.59465206,0.71225655,0.5964962,0.7326231,0.7146248,0.71653473,0.7156032
0.7157053,0.23521565,0.7200195,0.22188461,0.7109577,0.224428,0.72879463,0.22526747,0.70592624,0.23296477,0.7437609,0.29385337,0.70219713,0.30435088,0.7593519,0.38080278,0.69902366,0.3882083,0.7513372,0.45544252,0.6987826,0.4407006,0.73977715,0.46761736,0.71325105,0.47156045,0.7364243,0.594032,0.7106483,0.5972274,0.7331451,0.71307325,0.71325207,0.7162525
0.71521294,0.23390985,0.7193679,0.22073258,0.71048087,0.22330621,0.7278499,0.22423863,0.70524603,0.23187801,0.7427206,0.29247192,0.7006415,0.30406767,0.75828356,0.37777883,0.69709504,0.3898568,0.75169796,0.45158464,0.6977997,0.44514155,0.7393703,0.4673163,0.712214,0.4720065,0.73773086,0.5948142,0.7087509,0.5987923,0.7341787,0.71510804,0.708958,0.7193896
0.71450657,0.23173141,0.7187267,0.21866493,0.70978594,0.2211291,0.72728664,0.22349276,0.7045749,0.23070629,0.7421951,0.29365537,0.6997228,0.30437237,0.7578837,0.37987423,0.6959328,0.39010456,0.7522792,0.45244068,0.6972068,0.44344926,0.73896617,0.46846062,0.7112133,0.47272095,0.7382576,0.5959297,0.70597285,0.59939754,0.73551077,0.71763664,0.7048291,0.7213205
0.71352774,0.23200396,0.7177233,0.21920124,0.7088818,0.22137243,0.72625434,0.22347485,0.70372236,0.22979385,0.74067396,0.2920691,0.69863623,0.30201074,0.7567732,0.37591675,0.69443923,0.38723457,0.75474876,0.4497201,0.696251,0.44528836,0.73796713,0.46761444,0.7104179,0.47165757,0.73847944,0.59663475,0.7050191,0.59970355,0.7366707,0.7194255,0.7028031,0.722526
0.7129944,0.22944753,0.71718746,0.21656731,0.70824116,0.21885394,0.7255246,0.22108862,0.7027038,0.22745056,0.7392648,0.2895772,0.6967017,0.30024582,0.75568265,0.37256038,0.69119173,0.38575807,0.7577278,0.45072532,0.69466895,0.4460437,0.737534,0.46596047,0.70972306,0.47094214,0.73870575,0.5968028,0.70549667,0.6009254,0.7365006,0.7204548,0.70301026,0.72499484
0.713041,0.23033378,0.71708906,0.21714595,0.70803255,0.21975784,0.7250981,0.22140452,0.701923,0.22830798,0.73864836,0.29012573,0.69556594,0.30097696,0.75531846,0.3756046,0.68996596,0.3870041,0.7588915,0.4570579,0.6950392,0.44390664,0.73767465,0.46654138,0.70949143,0.47205368,0.7391875,0.5987145,0.7055179,0.603523,0.73695236,0.7227396,0.70305187,0.72842306
0.71247035,0.23174849,0.71647847,0.2183985,0.7072858,0.22127706,0.724452,0.22231407,0.7008218,0.22985089,0.73753554,0.28975967,0.69432014,0.30216518,0.75501263,0.3723074,0.68769586,0.38753575,0.7602776,0.45161307,0.6933707,0.44347006,0.7375149,0.46649784,0.7092801,0.4730327,0.7390743,0.5994075,0.7058817,0.60531735,0.73683304,0.7222228,0.7035021,0.729517
0.7122416,0.23297803,0.71615934,0.21943901,0.70691514,0.22245197,0.72404784,0.22302127,0.7000553,0.23068076,0.7368027,0.2904088,0.6929793,0.30271897,0.7541051,0.3744461,0.68470633,0.38857716,0.76036996,0.45513177,0.69146127,0.44376957,0.7374273,0.46759406,0.7088993,0.47450194,0.7387951,0.60186315,0.70625937,0.6083686,0.7354179,0.7253769,0.70351696,0.7336006
0.71259546,0.23356178,0.71626407,0.21997015,0.7070705,0.22302684,0.72349536,0.2235945,0.6993562,0.23111112,0.73567915,0.29068303,0.69156104,0.3034301,0.75366735,0.37381655,0.6833629,0.39016005,0.76106495,0.45557004,0.69060445,0.4472701,0.73670596,0.46764225,0.7079882,0.47515082,0.73845714,0.60244757,0.7058913,0.60976285,0.73501647,0.7261512,0.70325834,0.73591226
0.71225256,0.23627546,0.7160923,0.22265741,0.7067584,0.22540024,0.72337,0.22619532,0.69904023,0.23287573,0.73553973,0.2935946,0.6905424,0.3058421,0.75328875,0.3770583,0.6823609,0.39513573,0.7612356,0.4577609,0.6901032,0.4568154,0.7359887,0.4705154,0.7069011,0.47775948,0.73784983,0.6035848,0.7058301,0.6104181,0.7342145,0.7267875,0.704404,0.73570216
0.713016,0.23493813,0.71738935,0.22109488,0.70758337,0.2237781,0.72444814,0.22587554,0.6997625,0.23250696,0.7359459,0.29502594,0.6887093,0.30823255,0.753401,0.37785533,0.6786044,0.39820585,0.7590342,0.45359436,0.69122815,0.45773727,0.7354173,0.475264,0.7050156,0.48331362,0.73723185,0.6107743,0.7064464,0.6176583,0.7318573,0.7385206,0.70710695,0.7477396
0.71188647,0.23482464,0.71635574,0.22105654,0.706624,0.2238165,0.72367066,0.22639044,0.6991936,0.23319662,0.7348531,0.29607144,0.6878111,0.31010875,0.7520001,0.3775654,0.67704934,0.40016678,0.75800127,0.45172352,0.692012,0.45940885,0.7349268,0.47725132,0.7046642,0.4859379,0.7365021,0.61164457,0.7064953,0.6191404,0.73077506,0.7376526,0.70747703,0.7475052
0.71345365,0.23721,0.7176983,0.22374713,0.70825475,0.22631627,0.72418374,0.23013008,0.7002314,0.23621827,0.7336128,0.29979303,0.68805665,0.31335986,0.7498097,0.38120306,0.6772383,0.40311733,0.7563845,0.45635474,0.6927299,0.46151525,0.7335047,0.47809762,0.7042151,0.48715058,0.7348389,0.61229193,0.70724976,0.6206871,0.7286894,0.73806155,0.70792764,0.7496438
0.71672535,0.25060886,0.72011065,0.23575462,0.7108073,0.23977596,0.7263993,0.2357664,0.70125836,0.24487561,0.7355457,0.29881355,0.6890421,0.31522134,0.75061065,0.38228017,0.6773986,0.41106224,0.7539088,0.45601645,0.696275,0.47024646,0.73416716,0.48105627,0.7044117,0.49119025,0.73476803,0.61263853,0.7086572,0.62320286,0.7232246,0.7374968,0.7083401,0.7529379
0.71872133,0.25905472,0.72180927,0.24350289,0.71259254,0.24807632,0.7278312,0.24044502,0.7023978,0.2507585,0.73599416,0.29964736,0.68938583,0.31863603,0.75028545,0.38280696,0.67744714,0.4182823,0.7522292,0.45749757,0.70018005,0.48053235,0.7348797,0.4848991,0.70499074,0.4967234,0.73523957,0.6156325,0.7100535,0.6283028,0.72148883,0.7379849,0.7088934,0.75665826
0.7190296,0.2639131,0.7226619,0.24822396,0.71292263,0.2524018,0.7294628,0.24458331,0.7033264,0.2541022,0.73715734,0.3046792,0.69065684,0.3215593,0.749186,0.39165187,0.6774698,0.42237824,0.75093174,0.46415734,0.69843256,0.48513007,0.73425716,0.49135634,0.70475423,0.50189066,0.7347205,0.6195814,0.71161705,0.6306651,0.7195375,0.7397381,0.71021837,0.75572973
0.72246575,0.26965627,0.72554344,0.2564779,0.71701556,0.25762865,0.72999376,0.25781003,0.70614636,0.25948063,0.73433846,0.31852597,0.692559,0.32666773,0.74600214,0.39791206,0.6815405,0.42091843,0.75372684,0.473576,0.70216805,0.4987914,0.72976243,0.4929981,0.70326364,0.50025314,0.73083204,0.62095344,0.7122258,0.6292133,0.7174128,0.73914933,0.70701045,0.75148165
0.7247236,0.28028068,0.7285796,0.26534066,0.7189551,0.26726,0.73454463,0.26229137,0.70896524,0.26542702,0.7396359,0.3237579,0.69453466,0.33086208,0.74825346,0.41875717,0.6813672,0.43677896,0.7507517,0.48509803,0.70247215,0.5030092,0.7311799,0.50598645,0.70324457,0.51168364,0.7300671,0.6311835,0.7131864,0.6376951,0.7102807,0.7481168,0.7101429,0.7581495
0.22973049,0.20577404,0.23243816,0.19533825,0.22519635,0.19299072,0.23391142,0.20707735,0.21349363,0.19876541,0.23674539,0.286336,0.19550486,0.27085587,0.24483733,0.39034468,0.17197445,0.35798985,0.25326216,0.4765096,0.1721103,0.4375183,0.21845694,0.48109698,0.19330259,0.4755923,0.21711147,0.6342799,0.20325351,0.63131535,0.20175524,0.76548284,0.1958777,0.76454586
0.73222864,0.3061707,0.73608017,0.29329753,0.72725326,0.29226464,0.7403897,0.29477274,0.716439,0.29010722,0.74018097,0.35538518,0.7001912,0.35455018,0.7480136,0.44702628,0.6916343,0.4553452,0.7529294,0.5157404,0.71779674,0.52352303,0.7301175,0.5204799,0.704072,0.5243959,0.7333879,0.64154613,0.71654296,0.64746964,0.7166788,0.748707,0.7085812,0.7583558
0.7351715,0.3242959,0.7382102,0.3121627,0.73047817,0.312478,0.74164337,0.31533608,0.7201856,0.31409043,0.7410695,0.37308887,0.70293003,0.37498006,0.74619776,0.46154317,0.6917929,0.47179568,0.75120276,0.5311955,0.7172174,0.53920865,0.728106,0.52389586,0.70346093,0.52810204,0.73327774,0.63999087,0.71591145,0.64626414,0.7121381,0.74771607,0.70489305,0.75943786
0.74100345,0.34389776,0.7437808,0.33158284,0.73668504,0.33160546,0.7464557,0.3327562,0.72602534,0.33075768,0.7430907,0.38629615,0.70657265,0.38689908,0.74530715,0.48079717,0.694286,0.48958376,0.75050825,0.5549343,0.7212184,0.5626217,0.7250182,0.5316892,0.70119804,0.5355534,0.7342453,0.6357582,0.71754473,0.6426145,0.71083605,0.7418976,0.70438117,0.7551103
0.7484798,0.36212516,0.75088626,0.3486088,0.7441086,0.34862763,0.75189483,0.34574148,0.73200023,0.34365377,0.7440049,0.39590123,0.7114987,0.39850262,0.74360853,0.4926209,0.69943255,0.5090277,0.7513559,0.5652975,0.7249331,0.5816922,0.7231231,0.54631233,0.7018997,0.5518722,0.73333204,0.64194906,0.7213525,0.65180504,0.7062278,0.73607033,0.70294815,0.75410825
0.75411385,0.3802322,0.75551987,0.36679238,0.74949163,0.36847326,0.75604457,0.36312118,0.7375012,0.36613065,0.7480287,0.41027418,0.71834004,0.41932777,0.74778914,0.50116116,0.70657986,0.5285647,0.75249964,0.57900107,0.72735906,0.6068422,0.72286564,0.5527321,0.70266616,0.5606932,0.7443677,0.63229823,0.7287168,0.64559674,0.70987886,0.7296417,0.6992244,0.7534949
0.7596817,0.41089353,0.760739,0.39644548,0.7547714,0.39846778,0.76038957,0.3915197,0.7406394,0.3946309,0.75069237,0.4346542,0.7177425,0.446554,0.7514531,0.52686423,0.70606357,0.5632171,0.758615,0.60386217,0.72981375,0.6374182,0.724687,0.5579154,0.7021148,0.5684781,0.74676484,0.64393795,0.72901404,0.6613103,0.71279615,0.72872907,0.7022326,0.75893724
0.7613282,0.44042626,0.76329917,0.42758438,0.7581262,0.42664078,0.7626247,0.42089057,0.745963,0.41647232,0.74893993,0.45648074,0.7216565,0.45798832,0.74593925,0.5577305,0.71313924,0.5797246,0.7599763,0.63078105,0.7434854,0.65649223,0.71964127,0.57186687,0.7011285,0.5768955,0.7324975,0.6605572,0.7208545,0.67100936,0.70993817,0.7414019,0.7050626,0.76230097
0.7654155,0.45856693,0.76741785,0.44632384,0.76183856,0.44590536,0.76832813,0.44129825,0.74977654,0.43858036,0.75726914,0.47127086,0.7246024,0.47405538,0.75568026,0.56657237,0.71460754,0.58774227,0.7641446,0.6518153,0.73530096,0.6767729,0.7249535,0.5577135,0.7010807,0.5625593,0.7492716,0.66434455,0.71851844,0.6749158,0.7322977,0.74832374,0.70063907,0.7699987
0.7677471,0.4929273,0.7718938,0.48075667,0.7650768,0.47931242,0.7720904,0.4688226,0.7527914,0.46422127,0.75881046,0.5034682,0.72788304,0.50206214,0.75639826,0.6114868,0.7180683,0.61875093,0.76826614,0.7061265,0.73787814,0.69736016,0.7192749,0.5876776,0.69626737,0.5919003,0.75525707,0.6894108,0.7164129,0.7037846,0.7432931,0.7511458,0.70117337,0.7821021
0.7728681,0.5158132,0.77544737,0.50453377,0.7701212,0.5014244,0.7753574,0.49799797,0.7581162,0.48796293,0.75816727,0.52756286,0.73175365,0.5203992,0.75598776,0.63037765,0.7241059,0.636793,0.77048796,0.7257051,0.74710476,0.7361511,0.71920913,0.6090662,0.69827104,0.610437,0.7528726,0.694515,0.7218718,0.7027895,0.73894787,0.76045746,0.6987792,0.77941746
0.780413,0.5456816,0.78269225,0.5313799,0.7767283,0.53076947,0.77994245,0.5286278,0.7620199,0.52698505,0.7614935,0.5599291,0.7365237,0.56815207,0.7656511,0.67753845,0.740645,0.71478504,0.78027195,0.7576219,0.76044184,0.79425913,0.71406674,0.60924613,0.69250375,0.61662304,0.7517646,0.7027285,0.71556216,0.7177478,0.74242496,0.77229506,0.69365066,0.80256414
0.78497165,0.57780915,0.786894,0.561931,0.78267837,0.56534183,0.7801747,0.5417992,0.76777405,0.549406,0.761755,0.55882114,0.73936003,0.5939573,0.7676786,0.671474,0.7435103,0.75318646,0.780507,0.7795087,0.7696887,0.8592876,0.712722,0.6053472,0.6966619,0.6255201,0.7508636,0.70603985,0.72872555,0.7349071,0.7423132,0.7776413,0.7215732,0.8124729
0.7942358,0.60802436,0.7941232,0.591802,0.7925827,0.5968955,0.783116,0.57218,0.7771149,0.58537525,0.76489824,0.5904679,0.74495095,0.62344885,0.76594925,0.7107144,0.74375623,0.78322065,0.7811476,0.8107375,0.76879334,0.87685,0.7117432,0.62847894,0.6969758,0.6458079,0.7513407,0.7265908,0.72737473,0.7460733,0.7485792,0.793585,0.71750253,0.81272
0.7952902,0.65372354,0.7969398,0.63822585,0.79382604,0.64056575,0.7892471,0.6122917,0.78036046,0.6197391,0.7680969,0.62560415,0.7473805,0.6501681,0.7619056,0.75032645,0.735193,0.8106061,0.7794688,0.84212995,0.76281404,0.8947485,0.7090628,0.6595301,0.6945168,0.67409444,0.7505206,0.76158845,0.72940797,0.7840443,0.732226,0.79886836,0.7089262,0.82814515
0.7990627,0.6890622,0.8016595,0.6746789,0.79771674,0.67382264,0.79603076,0.65729356,0.7855108,0.6554132,0.7715935,0.6687781,0.74935466,0.6822654,0.7683794,0.77441007,0.7368488,0.82717746,0.7853902,0.83408654,0.76073223,0.90962213,0.71656215,0.7252608,0.69754213,0.73725444,0.76034975,0.7967283,0.730199,0.8166932,0.7419078,0.8381952,0.7049525,0.8739488
0.7993011,0.73972136,0.8029491,0.7244796,0.7997998,0.7210398,0.79932135,0.6891216,0.7920379,0.68152815,0.7767559,0.67696905,0.75569266,0.68438,0.7692042,0.7907734,0.7428169,0.8336464,0.7856609,0.8349947,0.76489455,0.9053279,0.722178,0.7199062,0.7046921,0.72889024,0.7636555,0.81094515,0.73588943,0.82697827,0.7478076,0.83639354,0.7109582,0.86447465
0.8053209,0.7664273,0.80843717,0.75183827,0.80639887,0.74827796,0.7946431,0.7167535,0.7969324,0.71106726,0.76733816,0.7027383,0.765027,0.71118814,0.76316464,0.80999106,0.75936204,0.8389796,0.7900924,0.8568608,0.7832248,0.88974744,0.71819687,0.743569,0.7151592,0.7529225,0.76035655,0.81965744,0.760697,0.8320482,0.7469117,0.8325753,0.7493424,0.85569453
0.023316462,0.5005673,0.024094453,0.4937955,0.023478607,0.49455336,0.030144745,0.48749092,0.028915524,0.4892091,0.04419275,0.50149626,0.032348752,0.50671166,0.062618166,0.52358884,0.02993229,0.5463182,0.06802539,0.52188545,0.029991701,0.55791724,0.050547875,0.58517414,0.043963574,0.5859801,0.053124428,0.6440585,0.04504539,0.644045,0.055123378,0.7017529,0.045907505,0.697477
0.024616605,0.4995861,0.02484841,0.49244496,0.023872588,0.4933295,0.02976188,0.48559502,0.029063469,0.4860964,0.04132959,0.50055754,0.034826975,0.4986373,0.059807777,0.5185335,0.041846063,0.5171348,0.07031547,0.51901525,0.048945308,0.5063068,0.047985088,0.5894749,0.044810724,0.5886262,0.053233054,0.6633679,0.050945282,0.6624136,0.050192297,0.7335705,0.049005546,0.728269
0.7986949,0.8616213,0.80065125,0.8657586,0.8061476,0.8617932,0.7825797,0.89908445,0.80937433,0.8970337,0.743571,0.90862733,0.78888434,0.9199826,0.71702886,0.8406226,0.7675838,0.8688851,0.7608342,0.78089654,0.781985,0.7935061,0.68467444,0.8732949,0.71392083,0.8730636,0.7045383,0.8262402,0.7204229,0.828346,0.70129067,0.8186928,0.7126125,0.82903576
0.7989864,0.8458007,0.7962572,0.84993804,0.80446595,0.8469636,0.7668268,0.8908993,0.8065862,0.8942361,0.7252642,0.9150209,0.8038087,0.9320757,0.6893171,0.86174995,0.80740833,0.9070472,0.71994716,0.77149075,0.79984593,0.8351621,0.69126546,0.871725,0.7409857,0.8708396,0.71017355,0.8090627,0.7362963,0.8005507,0.70327866,0.77904564,0.71724826,0.7757876
0.802145,0.856351,0.80060095,0.86557394,0.80708164,0.8603727,0.77082866,0.91635746,0.80317396,0.913689,0.72756356,0.94123524,0.7951358,0.9464544,0.69059974,0.86737305,0.79204243,0.88273877,0.72543514,0.77070665,0.7852589,0.81563336,0.6942046,0.8872391,0.73676586,0.8825267,0.69769996,0.7979988,0.71974283,0.788569,0.6998426,0.7495568,0.7130487,0.7465068
0.79707247,0.87930036,0.798921,0.88484085,0.8008036,0.87661064,0.7752238,0.91976774,0.789178,0.90973216,0.7301646,0.9257961,0.76879835,0.92782396,0.702553,0.8345379,0.7544783,0.85012364,0.7461033,0.7760483,0.77626216,0.804055,0.68700284,0.8637759,0.7108708,0.86322093,0.7027218,0.7837774,0.7134716,0.7869048,0.6944826,0.7221675,0.707451,0.7334003
0.8010867,0.92710704,0.80636007,0.9318963,0.8061043,0.91459394,0.79336846,0.9453841,0.79488266,0.9082352,0.7439506,0.9269438,0.7623323,0.89921755,0.723716,0.81768674,0.7436401,0.80516505,0.75231624,0.7772175,0.77446574,0.8097193,0.6761654,0.8671957,0.68622,0.85865307,0.7167778,0.79959744,0.7167674,0.7948629,0.6979545,0.71678525,0.7047356,0.72402716
0.7950531,0.86931264,0.79186815,0.87249494,0.79587805,0.8717936,0.76797837,0.9054256,0.7834169,0.910729,0.736013,0.9259751,0.768258,0.94017655,0.7381253,0.85393655,0.77729684,0.887706,0.7691493,0.8336784,0.7932624,0.86506927,0.68931025,0.86319095,0.71051794,0.868062,0.710567,0.773223,0.7259329,0.7881469,0.69975084,0.73528075,0.7080254,0.75416344
0.8023948,0.9097532,0.8064253,0.91943735,0.80567247,0.9013642,0.79434186,0.94944364,0.7945207,0.9087773,0.75384784,0.963192,0.7683198,0.89808416,0.74844325,0.906216,0.76017255,0.8088834,0.77004683,0.87091553,0.77295595,0.82835674,0.6789222,0.8611418,0.68729275,0.8318185,0.71043056,0.78342384,0.71070474,0.7664219,0.6826548,0.72758174,0.68506473,0.74450076
0.80038846,0.92009956,0.8102156,0.934046,0.80229026,0.9041161,0.80359954,0.9737951,0.7835952,0.90546644,0.75762856,0.96675485,0.74843085,0.89961874,0.73853344,0.87075907,0.73185307,0.78907216,0.7426302,0.7674606,0.74686617,0.74579304,0.69379944,0.8829417,0.6865204,0.8557311,0.7196142,0.78756785,0.7094855,0.7584225,0.6948476,0.7138867,0.7071268,0.7089484
0.8056902,0.94206715,0.81601304,0.9529718,0.8076747,0.92138857,0.8077753,0.9846769,0.78688234,0.9118388,0.7556375,0.97505105,0.7498178,0.899446,0.7349811,0.8876909,0.73134696,0.7860671,0.7411356,0.76369876,0.7357969,0.715793,0.6857306,0.87917805,0.6811654,0.84921086,0.7176602,0.77854604,0.711365,0.7487239,0.69363254,0.6717594,0.7097531,0.67359126
0.80279696,0.9364193,0.8124564,0.9472183,0.80606216,0.9196849,0.8093373,0.9831108,0.7914533,0.9181012,0.75985676,0.97396183,0.75550646,0.9071363,0.73774046,0.8561799,0.72560877,0.7768615,0.73889345,0.73164886,0.7253119,0.68726504,0.68493825,0.8690792,0.68039274,0.8448477,0.72635597,0.7485605,0.71294254,0.7365843,0.68731564,0.62878156,0.6969471,0.6522687
0.80250114,0.9391329,0.8111951,0.9514266,0.8071785,0.9218101,0.8084033,0.98178756,0.79542273,0.9114115,0.7619451,0.9731895,0.76095957,0.8865808,0.745972,0.894486,0.73043156,0.75452375,0.74803954,0.823369,0.7325044,0.6835145,0.68696016,0.8593238,0.68505895,0.8281842,0.73506594,0.7294579,0.7248044,0.720007,0.6817867,0.6226305,0.69559926,0.6622325
0.7977643,0.9421128,0.80473536,0.951293,0.8011014,0.9270791,0.8000745,0.9798804,0.78708905,0.9227176,0.75862134,0.9634619,0.75241935,0.9037262,0.74533707,0.84474385,0.7239519,0.7666235,0.7400434,0.7287019,0.7321463,0.66829956,0.6950854,0.851608,0.689769,0.83283925,0.73946863,0.7358041,0.72674257,0.7356907,0.6987718,0.6065827,0.70938283,0.6428963
0.7970788,0.95080024,0.8034698,0.9572654,0.8001572,0.9343379,0.79671735,0.9748215,0.7841619,0.919941,0.7543358,0.95336765,0.7487688,0.8944108,0.74533784,0.8683827,0.7259251,0.7730822,0.7440718,0.80734015,0.73780364,0.6812048,0.689664,0.8436342,0.6848199,0.82695854,0.73907095,0.7409802,0.72670835,0.74723125,0.69826996,0.61141634,0.70943546,0.6553995
0.80154926,0.9549129,0.80884665,0.96003795,0.80399543,0.9373177,0.80397505,0.9770656,0.7872656,0.92195845,0.760278,0.95635253,0.7490564,0.8928275,0.74858063,0.8431526,0.72402376,0.7531061,0.7379439,0.7108331,0.73069876,0.65765554,0.6882289,0.85114765,0.67947227,0.83197135,0.7394658,0.75939846,0.72518015,0.7601895,0.7086588,0.6237562,0.71436423,0.6644568
0.8065247,0.9597534,0.81211853,0.96210766,0.8064079,0.94261473,0.807213,0.974589,0.78596395,0.9267983,0.7703875,0.96378046,0.7508776,0.8876202,0.7659986,0.87543994,0.7343641,0.7380825,0.74168736,0.7610435,0.731658,0.683465,0.6967598,0.8626797,0.6830133,0.83587706,0.7444367,0.77678394,0.7293441,0.7667041,0.7191543,0.6466596,0.7186643,0.6742121
0.7210054,0.83259386,0.71788394,0.82942766,0.71914834,0.8303274,0.7048807,0.8489384,0.705882,0.8500537,0.70368016,0.8850427,0.7017001,0.85405535,0.7392026,0.84577054,0.7225872,0.7234767,0.7719868,0.8602175,0.7263195,0.64484453,0.7085957,0.8882751,0.7083265,0.8835101,0.7278362,0.77545196,0.7296413,0.77612275,0.74900967,0.7577576,0.75318134,0.76538
0.743339,0.85268253,0.7406966,0.8530991,0.74225754,0.84850645,0.7247988,0.8734292,0.72569567,0.86205626,0.71462893,0.8993018,0.71184987,0.8549389,0.7482448,0.8604784,0.7264352,0.7170098,0.7740176,0.87368107,0.71215755,0.63491976,0.7013454,0.9016471,0.7005397,0.8914496,0.7405155,0.7964947,0.7403993,0.79264253,0.7525427,0.8078765,0.75698143,0.8200283
0.8039072,0.9459049,0.80418056,0.94849616,0.803826,0.9404839,0.7839063,0.97247446,0.78207225,0.9557752,0.74467343,0.97702426,0.7503358,0.9366371,0.73387426,0.8825711,0.72670066,0.7753406,0.7578652,0.82402605,0.7326389,0.680171,0.69731116,0.9016227,0.7013908,0.8946609,0.7332695,0.7699301,0.7356781,0.78067404,0.73510647,0.7207249,0.7404974,0.7518107
0.7914888,0.9203955,0.788578,0.92337626,0.79214805,0.9148773,0.76502794,0.9415388,0.7739092,0.92543733,0.73334885,0.9450205,0.7458954,0.91100425,0.7372321,0.85337245,0.7412496,0.7842537,0.75028807,0.7923723,0.74167395,0.72340995,0.6912326,0.90024585,0.70115703,0.8939516,0.74709177,0.7787515,0.7564196,0.7798671,0.75412256,0.80443007,0.7615473,0.82738566
0.74635136,0.75689363,0.74231285,0.75507945,0.74633354,0.7511062,0.72327757,0.7810852,0.7344678,0.77351296,0.7157262,0.8346516,0.7168262,0.8079438,0.74396235,0.84417105,0.74185985,0.78464997,0.76811147,0.86387473,0.75359905,0.7871197,0.7010614,0.8996373,0.7035134,0.89608765,0.7548435,0.7884588,0.75403374,0.77862257,0.7732634,0.8925217,0.77477354,0.8959093
0.78354305,0.8756851,0.7809847,0.8717832,0.7841093,0.86898834,0.7567353,0.89065254,0.7656886,0.8863753,0.72880745,0.91740066,0.7322166,0.9157193,0.7300923,0.8850234,0.74054104,0.89050734,0.75187826,0.84906805,0.76854867,0.8808491,0.6906931,0.9180357,0.6936631,0.92759466,0.7400856,0.8345172,0.73848474,0.8469717,0.7615224,0.87327427,0.7576903,0.89791447
0.73768014,0.7853875,0.73226756,0.7801659,0.73718876,0.7763582,0.7113485,0.7986912,0.7237568,0.7921595,0.69868994,0.8487065,0.7073319,0.8283176,0.71842355,0.86744285,0.74043435,0.82499367,0.7380175,0.80370754,0.7527222,0.8039058,0.69444025,0.90116245,0.70099175,0.905069,0.7665984,0.83161485,0.7693489,0.82674474,0.7819117,0.93694586,0.781136,0.94518816
0.8030152,0.92476124,0.805435,0.92292714,0.80538416,0.9096519,0.78912413,0.923875,0.78569645,0.8934675,0.7466318,0.91132385,0.7397541,0.8875861,0.73636305,0.89362234,0.7303568,0.8718,0.7776521,0.8887636,0.7814116,0.90844995,0.70569044,0.8689658,0.69950783,0.8746203,0.7540561,0.8495028,0.7532279,0.85526264,0.7705785,0.91049796,0.7704841,0.9266531
0.022026714,0.4956914,0.022704013,0.4893656,0.022698238,0.48887283,0.028305132,0.48542288,0.03247622,0.48255932,0.0387391,0.5042376,0.040293124,0.4995396,0.052230965,0.5349041,0.04174677,0.53573585,0.056276035,0.5331573,0.036823064,0.5483011,0.048750024,0.5862477,0.051006038,0.58288467,0.048168052,0.6453624,0.050017454,0.6416346,0.05060447,0.6994521,0.051859595,0.6894558
0.7643172,0.8869866,0.76596624,0.87982523,0.76722807,0.8834015,0.7474529,0.89907545,0.751968,0.9036257,0.72639984,0.92231745,0.7148313,0.92665845,0.7137183,0.8941663,0.70853156,0.88791937,0.78344196,0.9249554,0.7877292,0.9266676,0.7204428,0.91918576,0.7145965,0.93614143,0.7044793,0.85058254,0.69548553,0.8718423,0.77578443,0.9083844,0.77737033,0.9293895
0.016211892,0.6859656,0.015730828,0.6787449,0.015630879,0.67875296,0.007002777,0.68250763,0.0135990335,0.6822613,0.007590449,0.71230435,0.010912194,0.71619797,0.030506117,0.72560877,0.034007564,0.7336026,0.051709455,0.6907619,0.052132726,0.6925734,0.008348713,0.8194119,0.0105356425,0.8230468,0.017438862,0.89114004,0.019607292,0.89231545,0.023170086,0.9520407,0.025440926,0.9555524
0.019765541,0.55066216,0.021923741,0.53745437,0.017309902,0.5369488,0.018525017,0.5420432,0.014104149,0.54146993,0.016478423,0.6088728,0.0127201555,0.6113057,0.02732952,0.70314145,0.023748767,0.7103965,0.029334947,0.7018023,0.031917334,0.70645064,0.011518217,0.7674542,0.009771144,0.7699364,0.0139538115,0.87973547,0.016607946,0.88163865,0.02352084,0.96595746,0.02480088,0.96792746
0.8320199,0.32944924,0.8385593,0.31032023,0.82949716,0.31668693,0.8586287,0.29231936,0.83577603,0.30573118,0.891311,0.36556068,0.8440121,0.38390473,0.91215914,0.5074177,0.84887,0.51205665,0.8744287,0.6157176,0.8349584,0.57883567,0.89138454,0.6243996,0.862195,0.6171929,0.84157556,0.7461856,0.8159934,0.718581,0.8739317,0.9163528,0.86156523,0.858084
0.8296234,0.3294126,0.83602935,0.31042966,0.8271994,0.31666395,0.85617536,0.29275993,0.8337876,0.30587268,0.89006656,0.3661582,0.84243166,0.3829906,0.91256124,0.5070066,0.8474812,0.5065402,0.87456673,0.61535376,0.83481616,0.5715037,0.89161915,0.62328726,0.8622365,0.61562806,0.8430708,0.7476521,0.817317,0.71980107,0.8742776,0.9165222,0.86179936,0.8585935
0.82808125,0.33436972,0.8340773,0.31509453,0.8254456,0.32193446,0.8538911,0.2940828,0.8320994,0.30902448,0.88925165,0.36421868,0.841021,0.3821604,0.91284,0.50598806,0.84647864,0.505686,0.87496036,0.61457306,0.8349534,0.56913525,0.89150614,0.6216508,0.86179495,0.61456066,0.84445447,0.74931085,0.8184725,0.7220116,0.87454814,0.9161723,0.86125135,0.8586851
0.8266125,0.33235347,0.8327085,0.31271523,0.8239441,0.3199222,0.8527673,0.2935417,0.8304839,0.3094251,0.8885223,0.3659237,0.83963996,0.3865648,0.91319937,0.50587046,0.8445849,0.5108474,0.87511873,0.61385053,0.83345747,0.57442987,0.8915154,0.6224225,0.8614333,0.6167112,0.8447005,0.74771047,0.8186467,0.7233844,0.8749267,0.9151332,0.86155885,0.86107445
0.82510614,0.33240253,0.8310688,0.31285968,0.8225383,0.31984237,0.85090584,0.2944775,0.8289651,0.3102796,0.8876926,0.3662587,0.83728427,0.39027965,0.9139547,0.50295013,0.8419022,0.5195469,0.8763768,0.61127347,0.83095926,0.58937025,0.8916065,0.62183434,0.86065876,0.6176041,0.8467638,0.7497797,0.8196211,0.72627807,0.875939,0.9150972,0.8619483,0.8617044
0.82358116,0.33395436,0.82956487,0.31468716,0.82117844,0.32118392,0.8497618,0.295882,0.8277621,0.3107431,0.8868546,0.3665719,0.83548135,0.39052075,0.9137687,0.503445,0.84034216,0.52343136,0.8773999,0.6124882,0.8299171,0.60028946,0.8906366,0.62015855,0.85911816,0.616216,0.8486393,0.7535043,0.8206541,0.73033464,0.8765254,0.9125125,0.86210674,0.8609505
0.82279426,0.3378369,0.8288447,0.31854892,0.8200046,0.32474062,0.84900665,0.29786935,0.8257723,0.3127305,0.88630056,0.3664797,0.8333473,0.3926387,0.91392136,0.5030552,0.8383833,0.5329297,0.8792982,0.6121623,0.8276469,0.6206009,0.89049786,0.61866224,0.85804826,0.6156143,0.85069484,0.75813764,0.82137215,0.73434323,0.87695974,0.91276723,0.8615705,0.8604958
0.8217492,0.34019512,0.82789963,0.32058606,0.8186695,0.32709575,0.84817344,0.2992481,0.82389635,0.3150183,0.88556844,0.36731595,0.8321312,0.39506838,0.9137602,0.50415754,0.8373319,0.53530467,0.87933296,0.61572176,0.82711977,0.6230735,0.89108783,0.6174969,0.8582453,0.61554164,0.8516821,0.75742364,0.82167476,0.7362345,0.8781857,0.91201776,0.8616379,0.86285776
0.82027006,0.34610707,0.8264367,0.32583934,0.8168646,0.33313444,0.8468771,0.30221882,0.82137996,0.32017094,0.8854968,0.3682557,0.82918406,0.39974225,0.9139472,0.50666255,0.8349568,0.5431352,0.8784577,0.6199938,0.82697624,0.6286326,0.89165604,0.61826247,0.8569481,0.6180249,0.85279894,0.75533926,0.82120293,0.73617375,0.87925005,0.9090466,0.8624053,0.86203265
0.8192998,0.34880176,0.82560503,0.32837218,0.8157077,0.33582872,0.8461108,0.3033979,0.81976396,0.32151455,0.88495237,0.36855283,0.82696295,0.4006332,0.91405195,0.5070743,0.8336879,0.54735947,0.8793196,0.62195426,0.8255688,0.6477821,0.89094275,0.62039775,0.85536987,0.6207565,0.8521194,0.7584547,0.8203436,0.73990685,0.88007355,0.9020592,0.86425894,0.857095
0.8173402,0.35404053,0.82341117,0.33409676,0.81413454,0.34117964,0.8442751,0.30658156,0.81891626,0.32410166,0.88441515,0.3673344,0.82526505,0.39789096,0.9141904,0.50590974,0.8312896,0.54490936,0.88027716,0.62003654,0.82415545,0.6457984,0.89000094,0.6175252,0.8536545,0.61690724,0.8533608,0.76124597,0.820387,0.7393565,0.8800729,0.9056594,0.8635228,0.85699797
0.8139864,0.3491513,0.82039875,0.32822692,0.8111599,0.33562884,0.8426604,0.30339068,0.81643546,0.32213095,0.8829762,0.36972633,0.8221287,0.40457138,0.9139345,0.5094023,0.8285174,0.5573296,0.877981,0.61961985,0.8231678,0.6583023,0.88962996,0.6202611,0.8524033,0.62133807,0.85306853,0.76015043,0.8197172,0.746092,0.8786816,0.89703923,0.8640644,0.86249137
0.81320745,0.35221863,0.8196169,0.33141914,0.8099889,0.33861074,0.8414836,0.30575922,0.81461173,0.32430345,0.88182193,0.37031686,0.82100743,0.4050283,0.9136896,0.5065855,0.8280144,0.55493826,0.8792459,0.61668855,0.82213223,0.65645003,0.8900075,0.62006634,0.852735,0.62117785,0.85427505,0.7614474,0.8202562,0.7465397,0.8791011,0.89857405,0.86364144,0.8629021
0.8120551,0.35488755,0.81821454,0.33401778,0.808525,0.34164768,0.8394119,0.30724806,0.81290114,0.32692844,0.87997735,0.37115318,0.81966513,0.40563515,0.9127596,0.50594753,0.8267746,0.5517104,0.8788951,0.6153831,0.8208113,0.65360326,0.8885763,0.6211403,0.8517235,0.62256587,0.8536003,0.7636394,0.82011384,0.74964833,0.8790008,0.8978108,0.86286014,0.86299926
0.81138295,0.3585688,0.8173157,0.3378793,0.8084957,0.3460477,0.8382698,0.31315768,0.8143789,0.33155337,0.87882584,0.3764551,0.8207497,0.40380594,0.91182625,0.51192045,0.8241648,0.5414387,0.88010234,0.6207395,0.8165944,0.64695513,0.8889983,0.61673015,0.85362476,0.61672485,0.8498495,0.7690916,0.81834805,0.7589785,0.8789695,0.90070254,0.8599122,0.8751108
0.81049746,0.35878247,0.81624717,0.33876038,0.8075166,0.3467504,0.8362762,0.31539503,0.8127066,0.33356452,0.87671417,0.37754261,0.81783456,0.4062003,0.9101955,0.5069239,0.820425,0.5412762,0.88130504,0.61510915,0.8134578,0.64419,0.88757575,0.6176392,0.8516062,0.6186399,0.8509572,0.7740263,0.8183231,0.76331335,0.8796081,0.9030272,0.8591246,0.8758229
0.80722517,0.3574022,0.8129469,0.33816266,0.8045227,0.34541076,0.8329458,0.31766772,0.8099765,0.33399737,0.87403995,0.38028505,0.81500405,0.4078545,0.90918744,0.5056555,0.8183159,0.54009926,0.8819398,0.61517733,0.8118841,0.64134485,0.8862755,0.6180771,0.85005045,0.61849725,0.8514851,0.7781986,0.8174349,0.76452565,0.879299,0.90918267,0.8578151,0.87796766
0.80377895,0.3588624,0.8097803,0.33973354,0.80098695,0.34671798,0.83010143,0.32001123,0.80615467,0.33572426,0.8718421,0.38290602,0.811686,0.41178134,0.90857357,0.5056536,0.8168235,0.54394996,0.8820154,0.6131043,0.8115193,0.642811,0.88586706,0.62102175,0.84888345,0.6220548,0.85167485,0.78103566,0.81629467,0.7675945,0.8794972,0.9087847,0.85782367,0.87827903
0.8021213,0.36264408,0.8082928,0.3432398,0.7988655,0.3503701,0.8284902,0.32243043,0.8031107,0.3386519,0.8701584,0.3848145,0.80917054,0.41456679,0.9069458,0.50909203,0.8150822,0.54808354,0.8791709,0.6157124,0.80974686,0.6476523,0.8854421,0.6215682,0.8478945,0.6232661,0.851669,0.78029275,0.8157145,0.76820827,0.8794293,0.90754694,0.8577801,0.879677
0.7998764,0.36648548,0.8049119,0.34469756,0.7960019,0.35364294,0.82557106,0.322716,0.8005155,0.3448397,0.86703223,0.38521355,0.8081655,0.4189593,0.90290797,0.4995176,0.8125861,0.54391366,0.8795175,0.6177581,0.8095789,0.6440671,0.8837019,0.6198848,0.8469617,0.62370956,0.8543936,0.7661232,0.8199879,0.74749607,0.8813785,0.9050599,0.8620985,0.8558542
0.7959287,0.36817342,0.80130017,0.34621456,0.7920427,0.35526925,0.822587,0.32678816,0.7965746,0.34864837,0.86401075,0.3914729,0.80515397,0.42636344,0.9003852,0.5021074,0.8109671,0.5487952,0.8785707,0.6196511,0.80883545,0.6413896,0.8828622,0.62580633,0.84596175,0.630377,0.8524224,0.7674437,0.8176641,0.7498298,0.8805076,0.9049078,0.86183894,0.856864
0.7942566,0.3670345,0.7999677,0.34425312,0.78950995,0.3550044,0.8213808,0.328614,0.79261273,0.35380483,0.8617649,0.39724696,0.8023928,0.43690106,0.89816725,0.5066017,0.8086009,0.5572895,0.8744872,0.6270092,0.80673313,0.6465794,0.8825885,0.6266147,0.8451037,0.6346858,0.85098356,0.7664292,0.81640893,0.75867236,0.88064575,0.89962405,0.86230296,0.8646649
0.78979933,0.37750208,0.79501283,0.3544594,0.785978,0.36564285,0.81649,0.33475134,0.7909461,0.3606441,0.8580147,0.39727738,0.7996195,0.44282618,0.89550084,0.5057266,0.8070138,0.5721276,0.87236214,0.62382185,0.80708784,0.6530322,0.87903404,0.63479507,0.8420637,0.6455748,0.84910166,0.77088237,0.8146953,0.76583636,0.878908,0.90304416,0.8609967,0.86998117
0.7870738,0.38476107,0.79239076,0.3608168,0.7828038,0.3737174,0.81387043,0.34172758,0.7871498,0.37091866,0.8545495,0.40455878,0.7964038,0.45459554,0.8934662,0.51177007,0.80537194,0.58367246,0.86951506,0.6250916,0.80562305,0.66281754,0.8756019,0.6403356,0.83840525,0.65448123,0.84658957,0.76653117,0.811721,0.7713508,0.8791091,0.8953432,0.8596687,0.8769738
0.7836106,0.39097986,0.78973794,0.37163663,0.7801882,0.37998468,0.81066674,0.35166457,0.7834495,0.372362,0.851981,0.41179278,0.79031193,0.4542747,0.8893389,0.524756,0.80030584,0.5827346,0.86203253,0.63337433,0.800168,0.6685996,0.8700024,0.6423068,0.8316534,0.6516736,0.84781724,0.77834225,0.80953455,0.7760577,0.87686414,0.89291054,0.8555112,0.8741451
0.77855337,0.39290172,0.78432006,0.3747098,0.7757026,0.38262814,0.80394477,0.3580599,0.7791218,0.3770359,0.84510916,0.41553286,0.78486,0.45905024,0.88380116,0.52263606,0.79256773,0.583341,0.8584679,0.6407181,0.7924117,0.6766365,0.86736804,0.6385202,0.8298295,0.6503752,0.8456525,0.7727261,0.807168,0.7766504,0.877219,0.8861151,0.85409755,0.87526655
0.7753858,0.40332994,0.7808546,0.38480416,0.77208275,0.39318666,0.79935443,0.36466858,0.77493256,0.3846079,0.84003115,0.41876388,0.7815702,0.4629016,0.87866163,0.52349335,0.79008335,0.5844652,0.85316294,0.63949853,0.7881796,0.6775221,0.8643904,0.64018595,0.82831126,0.6529404,0.8401926,0.77651167,0.80475444,0.78139716,0.87503254,0.88865864,0.85451853,0.87733096
0.76946056,0.41859242,0.7742996,0.39844522,0.7663197,0.40797544,0.7924664,0.37577116,0.77030057,0.3981644,0.83380795,0.42507932,0.7771896,0.46982795,0.8696031,0.52628446,0.7871685,0.5882474,0.84108067,0.63473064,0.78609306,0.67996836,0.86156934,0.6435767,0.82593745,0.65542006,0.83356524,0.78337646,0.7974546,0.7848953,0.8717152,0.89642775,0.84792656,0.8775466
0.76514786,0.43174434,0.7700457,0.41149175,0.76161706,0.42096284,0.78838843,0.38483444,0.7649361,0.4074111,0.8297189,0.43215567,0.7723803,0.4731351,0.86242,0.5415862,0.78200895,0.5933655,0.83018315,0.6445983,0.7815005,0.6918057,0.8597917,0.6441742,0.823545,0.6548653,0.83191776,0.77970666,0.79448384,0.7790464,0.87252253,0.891788,0.8467556,0.8713765
0.7581157,0.44233516,0.7611494,0.42210245,0.7557263,0.43412095,0.7765116,0.39865386,0.76228756,0.4243184,0.81851023,0.44820422,0.7689717,0.4868385,0.84927076,0.56338465,0.7760248,0.60545784,0.8175723,0.660637,0.77406216,0.7036664,0.8533265,0.6634976,0.82254726,0.6763371,0.8220809,0.7931516,0.792098,0.7998275,0.8740732,0.88741416,0.84729767,0.8755385
0.7522183,0.46520892,0.7553013,0.4453813,0.7494904,0.4564548,0.7706305,0.41446668,0.75525564,0.43843883,0.8121365,0.45849442,0.76235765,0.49283805,0.83951056,0.58747834,0.76855624,0.6204374,0.80440944,0.67370784,0.7661794,0.71736574,0.8499302,0.6650817,0.81919664,0.67708623,0.81862783,0.8022734,0.7895905,0.8089603,0.8706209,0.8846846,0.84540933,0.8752152
0.7459047,0.47116062,0.75006485,0.45188907,0.7431793,0.46212295,0.76647425,0.429034,0.74823534,0.4504283,0.80588496,0.4792171,0.757056,0.5142881,0.83498377,0.59826356,0.76589704,0.63477004,0.7975455,0.6766057,0.76313066,0.7265702,0.8442926,0.67248285,0.814281,0.68509626,0.8113386,0.80230963,0.7840472,0.8134762,0.8641165,0.8815197,0.8440798,0.88044304
0.7405978,0.49163342,0.74395096,0.47152904,0.73743266,0.4826627,0.75883,0.44475302,0.7410946,0.4667829,0.7951577,0.4877047,0.7534062,0.5298362,0.8189826,0.6085207,0.7686995,0.6627442,0.78394145,0.7014895,0.75625736,0.74562275,0.8391718,0.67581254,0.81109565,0.6932893,0.8103308,0.7956411,0.77864164,0.8073997,0.8707444,0.8780088,0.8438879,0.87176925
0.73294294,0.5032606,0.7366651,0.4841581,0.730135,0.49562833,0.7529673,0.45795244,0.7364406,0.48164168,0.78504276,0.5017403,0.7478792,0.53970367,0.8007075,0.627016,0.7604191,0.66604596,0.76285815,0.7095342,0.74595493,0.75065875,0.82339424,0.7038589,0.7992266,0.7202567,0.7961472,0.8014018,0.7689924,0.8148386,0.86190987,0.883237,0.8379756,0.8782617
0.72769874,0.53061193,0.7306625,0.51017994,0.7248069,0.5240831,0.74591357,0.4751417,0.7310104,0.5037174,0.7771585,0.51247853,0.7422438,0.55248463,0.7888889,0.6494399,0.751474,0.6799965,0.7433463,0.7405234,0.7333682,0.77391356,0.818192,0.70888245,0.79527754,0.7295644,0.7892075,0.7984023,0.7631763,0.8299028,0.86487716,0.870759,0.835705,0.8904996
0.71850336,0.5344074,0.7225648,0.51129776,0.7163512,0.526985,0.7394678,0.48892322,0.72277206,0.51710534,0.76662695,0.5407716,0.7376522,0.5821323,0.77050155,0.6705512,0.74430233,0.7065989,0.7300785,0.7746803,0.7310882,0.78906816,0.81535685,0.7172314,0.7923437,0.74201345,0.78554696,0.797093,0.75738996,0.84047157,0.8702858,0.86954653,0.8310129,0.9046852
0.7081806,0.55867326,0.7126762,0.53860515,0.70688945,0.54971904,0.7319642,0.51792616,0.717279,0.5373349,0.7551243,0.5657859,0.73368925,0.5931411,0.75334376,0.72188807,0.74040264,0.73519176,0.7156559,0.80202216,0.71982455,0.8385448,0.80686873,0.7337064,0.79080135,0.75295216,0.7849266,0.81121486,0.7580319,0.8463851,0.86025584,0.8567967,0.823549,0.8907293
0.7002455,0.5865223,0.7032761,0.5685972,0.7011035,0.5758614,0.7204731,0.548888,0.71549636,0.5588444,0.74350107,0.60005903,0.73342544,0.61504126,0.7420019,0.7472289,0.7406042,0.75340724,0.70789504,0.8300547,0.7136394,0.8579181,0.7988803,0.7370124,0.7891203,0.7517485,0.78932697,0.83922577,0.7600623,0.86698306,0.86493725,0.86741984,0.81867474,0.896778
0.69383115,0.61706203,0.696914,0.6003384,0.6944794,0.60637844,0.71281594,0.57881474,0.70729655,0.58624625,0.7352671,0.6263213,0.72519463,0.63368714,0.73229784,0.7738331,0.73104453,0.76010734,0.69977945,0.8705294,0.7059439,0.86479723,0.7958054,0.752555,0.78678405,0.76468486,0.78348464,0.8566985,0.7619794,0.8754619,0.8624647,0.8778962,0.82936203,0.8922866
0.6875939,0.640364,0.6909932,0.6243207,0.6884656,0.62858784,0.7055098,0.6047715,0.69942164,0.608275,0.72636265,0.6496244,0.71648264,0.6565887,0.7211637,0.8047734,0.7243516,0.7937937,0.69340724,0.91066414,0.70245886,0.8994886,0.7919111,0.75845766,0.78160447,0.7715164,0.7841736,0.8586316,0.7541106,0.87949973,0.8621983,0.87073356,0.8183981,0.89270484
0.6764987,0.7030853,0.6771479,0.68822277,0.67616343,0.6952024,0.6891551,0.6512232,0.688523,0.66233134,0.711193,0.6619165,0.7112086,0.67403394,0.7162375,0.8201022,0.72785544,0.81313545,0.6980844,0.9051897,0.70599043,0.91321194,0.78296006,0.7634755,0.7796106,0.7815937,0.7790901,0.86555624,0.75211626,0.89827216,0.8572087,0.8704407,0.80722237,0.90175706
0.6713788,0.72444785,0.6716111,0.7068296,0.668596,0.7188215,0.6826812,0.666754,0.67632663,0.6911207,0.7054358,0.67466134,0.7008564,0.7022558,0.7143334,0.8114353,0.71865815,0.8218097,0.6990243,0.89908934,0.7048821,0.90599215,0.77686995,0.7643456,0.7712497,0.78927606,0.7712084,0.86312455,0.7494247,0.90315366,0.8501059,0.86890805,0.80582184,0.8995726
0.6663689,0.7501098,0.66674393,0.7359132,0.6633749,0.7443075,0.6767756,0.69664145,0.66745365,0.7139369,0.69839543,0.6911628,0.6906156,0.7127948,0.71453613,0.8114971,0.71299946,0.8133199,0.69860685,0.89094347,0.70385855,0.8811469,0.77105033,0.74038064,0.76391953,0.76374185,0.7726885,0.86202514,0.75380784,0.8999377,0.8455393,0.8588569,0.81045437,0.88963276
0.6682725,0.77379256,0.6678599,0.756603,0.6628055,0.7705144,0.6766911,0.708465,0.6609753,0.74055266,0.69962496,0.6921617,0.6826621,0.7337208,0.7167987,0.79572225,0.7037894,0.82182425,0.7002658,0.89179707,0.6990606,0.8842735,0.77258414,0.74214816,0.76101005,0.77452683,0.7721863,0.8491828,0.760637,0.89204425,0.8477327,0.8386787,0.8262907,0.8606363
0.6702759,0.7833094,0.66961545,0.76398903,0.6641984,0.77996683,0.67602813,0.7285253,0.6590106,0.76540655,0.6979449,0.7237295,0.67408764,0.77791804,0.7129144,0.79172057,0.68698394,0.8546467,0.7024443,0.89533937,0.69377965,0.897486,0.76745206,0.75190985,0.75121295,0.79106057,0.78282255,0.8354148,0.7666502,0.8801142,0.8455502,0.8164201,0.82777196,0.84232086
0.6632799,0.7826894,0.6625635,0.7668575,0.6572557,0.7816009,0.67218417,0.7370466,0.6553404,0.7741294,0.69290686,0.7261515,0.67674613,0.7762398,0.70869726,0.7937138,0.69071454,0.8426897,0.698543,0.8855324,0.69631183,0.8922997,0.7602126,0.74636906,0.74835765,0.78426087,0.7871974,0.799514,0.77660745,0.85044783,0.8355446,0.79201585,0.817711,0.8265332
0.66128844,0.79747885,0.6604738,0.7837993,0.65595835,0.79573345,0.66871727,0.75558716,0.6528961,0.78549904,0.6885992,0.74225897,0.6719274,0.78314734,0.7057094,0.8224879,0.685188,0.85681957,0.69271165,0.8944519,0.6850845,0.89622056,0.7546968,0.74113894,0.74161726,0.77507037,0.78294724,0.7960496,0.76438034,0.8487173,0.8277257,0.77291495,0.79916114,0.8209688
0.6609211,0.8093461,0.65932435,0.7970042,0.6568724,0.80962336,0.66584986,0.7664939,0.6545789,0.7969984,0.6845827,0.74005514,0.67001784,0.78329885,0.70294935,0.8036924,0.6819734,0.8416615,0.68954366,0.8866355,0.6793951,0.89094466,0.74561197,0.7269851,0.73356336,0.76260895,0.77509373,0.780263,0.75415534,0.8414102,0.82293767,0.7348621,0.78952813,0.7989018
0.6598499,0.78908163,0.6583244,0.7738516,0.65668815,0.78989136,0.6639096,0.7507373,0.65761006,0.7875157,0.6825287,0.74077225,0.6713924,0.80334246,0.6973385,0.78433985,0.68417007,0.873531,0.6824128,0.8772127,0.68021035,0.88203484,0.7400661,0.7441523,0.7311207,0.785736,0.7752562,0.76066184,0.7597221,0.8179168,0.82150596,0.7289161,0.8058012,0.790105
0.6629176,0.79769576,0.659201,0.7802158,0.6575586,0.8032621,0.6631317,0.74872357,0.656677,0.80535096,0.687852,0.71258223,0.67262876,0.8029662,0.74602175,0.7101503,0.67764354,0.8572852,0.7915056,0.71798044,0.67694026,0.8210818,0.7389533,0.7058784,0.73094076,0.7607253,0.772504,0.7304804,0.764634,0.80864185,0.81302005,0.69490093,0.79441744,0.7636599
0.65790814,0.7887331,0.65622324,0.77578944,0.65505165,0.79233134,0.6591751,0.7626042,0.65632826,0.79918903,0.6710765,0.7522827,0.669357,0.8215946,0.6840624,0.75165635,0.69925755,0.8603831,0.67131203,0.7884865,0.7040874,0.8242461,0.71902674,0.74961895,0.71813273,0.7910121,0.7446271,0.71173495,0.74344033,0.7538713,0.79614264,0.67507404,0.80282116,0.70796514
0.68306327,0.76211303,0.68160945,0.7601232,0.68394035,0.76792604,0.68639725,0.76692235,0.6915931,0.78459287,0.7021139,0.7505947,0.707422,0.7784071,0.74256486,0.6741263,0.7452078,0.72225994,0.79841155,0.6490727,0.8039455,0.6554248,0.7171549,0.77700585,0.7203753,0.7901646,0.6868066,0.69821346,0.6987407,0.7296134,0.6831976,0.76445407,0.7013418,0.7941788
0.6996879,0.7729244,0.69823337,0.7720668,0.7020294,0.7775998,0.6983382,0.7762313,0.70754224,0.78953403,0.70757455,0.76400036,0.7129905,0.77075773,0.729317,0.6920927,0.7326096,0.70185393,0.7775984,0.6497546,0.7927079,0.6279414,0.71530634,0.7562578,0.7179856,0.75879616,0.6933879,0.72455883,0.6984039,0.73384917,0.6995064,0.7245372,0.7070486,0.7305999
0.7927138,0.6389533,0.7957246,0.63620764,0.7942531,0.62662494,0.78948396,0.653893,0.7899453,0.63420373,0.77330196,0.70915794,0.76490206,0.66632694,0.74776506,0.7303462,0.7353212,0.668954,0.7709002,0.6524033,0.7789007,0.63087106,0.7266597,0.7629103,0.72070885,0.7397087,0.7169493,0.8063307,0.70749396,0.7766025,0.6851709,0.7999807,0.6768991,0.7746389
0.78290164,0.6302363,0.78490174,0.6273734,0.7839497,0.6188069,0.7775962,0.651694,0.7791461,0.63471156,0.7652975,0.71985424,0.75422794,0.6737604,0.74046767,0.74264693,0.72710586,0.6699971,0.76531386,0.65309846,0.7767455,0.6242939,0.7244023,0.7899422,0.7168828,0.7663143,0.71025866,0.7879754,0.7004128,0.7558695,0.6855361,0.79187334,0.67605895,0.7586683
0.76245564,0.680859,0.76317257,0.6874917,0.7654369,0.67814124,0.75874305,0.7186897,0.76562595,0.70275706,0.7391241,0.76026404,0.7482125,0.7268001,0.71026736,0.741064,0.72545236,0.66904664,0.7364816,0.6782564,0.7704115,0.6227065,0.71382755,0.79188937,0.71750903,0.78079647,0.7019934,0.7943454,0.7146907,0.78646773,0.68071246,0.7848918,0.6880941,0.7778001
0.75105804,0.7037548,0.7509269,0.70973706,0.75393885,0.7019893,0.74840456,0.73544735,0.7559416,0.72309476,0.73480076,0.7627933,0.74178594,0.73447955,0.71679705,0.72570735,0.7245025,0.6658705,0.7432453,0.671976,0.7684357,0.62355876,0.7127444,0.7716889,0.71564853,0.76269305,0.71071625,0.80238056,0.7213491,0.7957614,0.6881633,0.7796203,0.69373685,0.7727866
0.77710074,0.6358872,0.7807592,0.6371444,0.7769317,0.6288158,0.7834753,0.66706127,0.7739103,0.6486739,0.77270794,0.71876734,0.75490034,0.67415667,0.7456723,0.73075485,0.7245291,0.65274316,0.7510733,0.6866688,0.7643808,0.642801,0.7303504,0.7798191,0.7181396,0.75736517,0.7096517,0.8247633,0.7042376,0.80860823,0.65664417,0.8284521,0.6625011,0.8234625
0.77361,0.64563423,0.7748024,0.6477534,0.7749657,0.6400841,0.77689046,0.6733623,0.77433676,0.66060007,0.7710994,0.71356845,0.75724906,0.68571377,0.7425841,0.7101902,0.72159404,0.6558574,0.74958366,0.7001219,0.76082355,0.6468493,0.7406934,0.7802145,0.7286906,0.7638886,0.7125036,0.8170783,0.70881915,0.8127818,0.65108746,0.82107484,0.65100664,0.8249476
0.7730889,0.67456937,0.7754356,0.6749649,0.7746498,0.66946435,0.77767354,0.70052934,0.7755219,0.6857416,0.76822394,0.7468167,0.75978583,0.69518566,0.736268,0.7729384,0.72424716,0.6508382,0.7242069,0.7498889,0.75139123,0.647696,0.7298834,0.8034531,0.7238618,0.7792146,0.6953395,0.80362254,0.699933,0.800793,0.6520756,0.8212563,0.6632382,0.8367043
0.78302974,0.6866405,0.7851965,0.6929656,0.7842826,0.6824658,0.77960175,0.72816205,0.7781354,0.7015322,0.7616743,0.7809582,0.756875,0.7100167,0.74862444,0.82283205,0.7326473,0.6590111,0.7540385,0.80809337,0.7600469,0.6590128,0.71243376,0.7979722,0.71027297,0.76890755,0.69243056,0.78680015,0.7030948,0.78416044,0.652041,0.7935517,0.67120045,0.8198539
0.7842544,0.7159476,0.7842942,0.71389925,0.78414094,0.70838374,0.77625734,0.73792845,0.7779204,0.7263503,0.76220816,0.79336363,0.7575513,0.7358937,0.74643964,0.80675894,0.73289037,0.6898684,0.7591938,0.76886284,0.7638258,0.68042094,0.7088136,0.8216957,0.7055857,0.7916141,0.6958678,0.79078144,0.69623506,0.76368946,0.6600538,0.8136926,0.6551239,0.79053336
0.77537614,0.7838168,0.77557737,0.78315854,0.7770259,0.7759087,0.7712189,0.79642063,0.7754834,0.7818393,0.75946015,0.8224912,0.7595742,0.767981,0.7481854,0.81177586,0.7280923,0.707585,0.7694059,0.7876314,0.7563846,0.70387053,0.7137751,0.831001,0.71387976,0.8021195,0.70029277,0.7865328,0.7019418,0.76473457,0.65600747,0.8157625,0.6535647,0.8004526
0.77421564,0.80138606,0.7725132,0.7973334,0.7739069,0.7956701,0.77071255,0.8024555,0.77243227,0.8027848,0.76724833,0.82362205,0.7656354,0.79398817,0.76401895,0.8259388,0.74929523,0.7719708,0.7837053,0.82179826,0.7706052,0.7758306,0.7273862,0.8251278,0.72697014,0.8029656,0.7056745,0.79742527,0.7091107,0.7793661,0.6574113,0.8324137,0.6559844,0.8114164
0.7256691,0.779447,0.7244386,0.7731835,0.7248425,0.7726501,0.7339382,0.76510996,0.72950274,0.7680506,0.7583275,0.78483605,0.7358223,0.7583318,0.7779759,0.8323135,0.69347966,0.75016755,0.7851922,0.8854555,0.6580665,0.7631535,0.7566394,0.819142,0.7454656,0.7965238,0.71074533,0.8656503,0.7080158,0.8571101,0.65260017,0.863422,0.6549321,0.86159074
0.7099321,0.74932957,0.7084379,0.7409427,0.7100984,0.74321,0.7201697,0.7311935,0.7193629,0.7394431,0.7432966,0.74816173,0.7348928,0.7411795,0.75924915,0.78735524,0.7420282,0.7828145,0.7855282,0.86982286,0.77418125,0.855086,0.7489597,0.8324407,0.7426195,0.8187706,0.70456135,0.8644879,0.70187145,0.85716414,0.65404063,0.8867969,0.6547593,0.87154394
0.7617515,0.7646023,0.76068896,0.75762665,0.76351434,0.75861144,0.7592198,0.7641209,0.7686834,0.76802784,0.75394326,0.7926084,0.76858807,0.7939586,0.7612186,0.84807104,0.7777724,0.8713023,0.78641117,0.88986707,0.7937944,0.8958608,0.71365255,0.80391365,0.72304195,0.7933041,0.68918514,0.8238222,0.6945912,0.8313946,0.6422984,0.83819586,0.6456894,0.8627367
0.75497764,0.72068787,0.7543203,0.71586007,0.7569356,0.7164546,0.75471246,0.7343659,0.7631721,0.7361635,0.75409716,0.7802937,0.761572,0.7743027,0.76357853,0.850102,0.7712228,0.8590877,0.7861629,0.89516413,0.79002327,0.90250826,0.71632874,0.7943627,0.72144634,0.7811991,0.6887168,0.8475227,0.69241875,0.85016584,0.650548,0.84153366,0.65387404,0.8605153
0.74732095,0.75073904,0.7467095,0.74270207,0.75178975,0.7428467,0.74257314,0.7405812,0.76032794,0.74515647,0.73685,0.76283234,0.7588851,0.774672,0.7341066,0.81634015,0.76159483,0.8432909,0.7463971,0.88993263,0.7839855,0.9162292,0.7180072,0.8269071,0.73132855,0.82912385,0.71372837,0.88538325,0.725348,0.8888947,0.70846313,0.9140306,0.7162493,0.9201601
0.6742143,0.74013734,0.6742429,0.72918195,0.67202204,0.7350659,0.67763126,0.7262424,0.674097,0.74063015,0.6897065,0.76331496,0.6909644,0.76891106,0.67255056,0.8670683,0.6849244,0.84782654,0.64905995,0.89394933,0.6772732,0.836414,0.73921907,0.7794066,0.741647,0.7871443,0.7279983,0.87390894,0.7568107,0.8759972,0.7461378,0.9022143,0.79249173,0.89593184
0.6751194,0.7372014,0.67550266,0.72457784,0.6718704,0.738658,0.6787278,0.72564155,0.66998684,0.7574945,0.69344574,0.74311966,0.67893153,0.8073633,0.69390875,0.7811141,0.66798264,0.88394856,0.6772863,0.7988292,0.6536853,0.83543843,0.7395982,0.770876,0.7330621,0.8056011,0.7236556,0.8344128,0.74057597,0.8788959,0.74688596,0.87097526,0.78933126,0.9150163
0.68137616,0.7288047,0.6820857,0.7152106,0.6772514,0.7291715,0.6827552,0.7158361,0.6700682,0.74607015,0.69603527,0.73584104,0.6720279,0.80022717,0.7091564,0.7714474,0.66366434,0.8841641,0.70518774,0.7726578,0.6641649,0.8499243,0.74113435,0.7711794,0.7282128,0.8093211,0.72897154,0.8369085,0.7350399,0.8827717,0.7689119,0.87943846,0.79758406,0.9198562
0.67945147,0.72614205,0.6806072,0.7136856,0.6764838,0.72416145,0.68446845,0.71511084,0.6743071,0.7360804,0.6976469,0.7515274,0.6833195,0.77825636,0.6885218,0.8500168,0.6739036,0.8633811,0.6567914,0.88749975,0.6602354,0.8422741,0.74291784,0.7800129,0.7350175,0.7994481,0.72215533,0.84975183,0.74059266,0.8778359,0.75723916,0.8913741,0.79696167,0.91760147
0.6757604,0.7432317,0.6762979,0.73219347,0.6747827,0.73227763,0.67860264,0.7302935,0.68370146,0.7220966,0.68776554,0.7498697,0.7007629,0.7404409,0.6791176,0.83206904,0.68663925,0.82113737,0.65912044,0.8969268,0.650755,0.9303887,0.7582261,0.77716047,0.7689841,0.7760309,0.7108077,0.8508195,0.7508741,0.84468436,0.74297637,0.911489,0.800017,0.89499295
0.6697825,0.7725368,0.6696129,0.76399475,0.66999954,0.7693892,0.6767134,0.7443439,0.67777437,0.7533536,0.69013053,0.74736,0.69597113,0.74785143,0.684998,0.8394017,0.69828385,0.8062193,0.6575911,0.8982399,0.69335014,0.82471,0.7402438,0.76586545,0.74715835,0.7731154,0.70340925,0.85371464,0.74058956,0.87585366,0.73618764,0.90115756,0.79132193,0.9190888
0.6691746,0.7705354,0.66918415,0.75912046,0.6668834,0.7673074,0.6767837,0.7399772,0.6702638,0.7579198,0.6917698,0.749903,0.6865392,0.7617709,0.68546885,0.8488331,0.67827576,0.8392142,0.65801746,0.9001827,0.6635355,0.878105,0.7418858,0.76008826,0.7409609,0.77166057,0.7140146,0.85919446,0.7396333,0.87292707,0.75364125,0.9080005,0.79048455,0.9042311
0.66076815,0.7851057,0.661423,0.7729191,0.65804803,0.78215605,0.67267185,0.75365514,0.6618888,0.7739681,0.69275355,0.7640303,0.67978555,0.7747709,0.6912257,0.85959405,0.6690683,0.8410304,0.66089237,0.89907646,0.65609527,0.8755722,0.74626416,0.76141435,0.7396491,0.772677,0.7192454,0.8602372,0.7357646,0.87593657,0.76309866,0.90115917,0.7867959,0.90097755
0.68425274,0.7574577,0.6826734,0.74128854,0.679113,0.7602634,0.682847,0.73225355,0.67213976,0.7748134,0.69596547,0.74461776,0.6750058,0.81461483,0.7008459,0.78548026,0.66411966,0.89145184,0.68703216,0.81219375,0.66248596,0.89071375,0.7403671,0.77493924,0.72858787,0.81617105,0.7320823,0.83642256,0.73573416,0.89047277,0.7738444,0.88382536,0.7829224,0.9254896
0.6844451,0.7637979,0.68277293,0.7476241,0.67952985,0.7652692,0.6835415,0.73599225,0.67274517,0.77474874,0.696114,0.75221676,0.6764752,0.8053789,0.6933387,0.8250765,0.66516805,0.8860221,0.6672246,0.8681164,0.661735,0.89283496,0.74071884,0.7758956,0.72895676,0.8100483,0.7297949,0.84038013,0.73440737,0.8888787,0.77496874,0.8830428,0.7818991,0.9183257
0.682335,0.7699009,0.6806244,0.7539355,0.6776955,0.77056634,0.6821969,0.73894125,0.6723581,0.77599996,0.6957498,0.752592,0.6770327,0.7989927,0.6908777,0.83724445,0.6644014,0.8833354,0.663035,0.88021207,0.6606403,0.8901391,0.7409228,0.7710196,0.7300006,0.8019182,0.73020715,0.84310156,0.73810244,0.885272,0.7744944,0.8833115,0.785479,0.9094829
0.6750626,0.7787586,0.67377573,0.7640047,0.6710604,0.7783339,0.6782047,0.7458892,0.66928095,0.7784345,0.6948909,0.7565491,0.6778681,0.79117996,0.6901261,0.8516525,0.6644343,0.8749809,0.6606385,0.89037424,0.65651506,0.8853806,0.7423587,0.76739496,0.73289204,0.7916698,0.7281293,0.8508019,0.74007684,0.88246447,0.77064145,0.8893311,0.7870934,0.9036336
0.66966194,0.7772533,0.6693269,0.7645754,0.6667734,0.77536017,0.6764059,0.74802184,0.66816604,0.7725906,0.69411427,0.7600341,0.6783282,0.7807591,0.6899144,0.8556799,0.6631632,0.8556061,0.66137046,0.8933967,0.65361446,0.87854105,0.74187636,0.7665238,0.7334613,0.7842393,0.72740453,0.8544353,0.7406667,0.8769828,0.7697188,0.8915323,0.7885193,0.8978801
0.6664411,0.781377,0.6667567,0.7700595,0.66410035,0.7784054,0.67557985,0.7494003,0.6673066,0.76837736,0.6916756,0.75557494,0.68227047,0.76817554,0.68657196,0.8461138,0.66911805,0.8329489,0.6600485,0.8949577,0.65453124,0.8671519,0.74224204,0.75843364,0.7381734,0.7715999,0.7216708,0.855365,0.7402603,0.87263227,0.7638733,0.8947449,0.7892143,0.8956448
0.6658668,0.77526826,0.66638416,0.76465243,0.6639632,0.77157444,0.675613,0.7449692,0.6685024,0.7607696,0.69107103,0.7535168,0.68422735,0.76100165,0.68301857,0.84768313,0.671466,0.8280613,0.6573427,0.89378554,0.6569372,0.85777783,0.74103844,0.7593913,0.7389807,0.7694121,0.71939194,0.85804737,0.74219096,0.86796343,0.75802606,0.8987406,0.7907836,0.89098
0.66712064,0.764538,0.6677171,0.75458425,0.6656348,0.7606755,0.6769094,0.7393347,0.6710391,0.7524607,0.69244975,0.75372446,0.68661517,0.7558304,0.68420094,0.8506362,0.6740767,0.8197689,0.6568932,0.89391166,0.65937364,0.8458128,0.741223,0.76605725,0.74016047,0.7734619,0.7165846,0.85873234,0.7426786,0.8674442,0.7521349,0.90272343,0.79091614,0.8965704
0.6731305,0.7475581,0.6736378,0.7356123,0.67055637,0.7457223,0.68050534,0.72892714,0.6723821,0.75168127,0.6952496,0.7519045,0.6808128,0.7781054,0.68528956,0.84808534,0.66406655,0.86372757,0.65867907,0.8865484,0.6552779,0.86778903,0.740169,0.77468896,0.7333091,0.7943208,0.7239085,0.85094416,0.743121,0.87451595,0.7576569,0.89833754,0.7910029,0.9077523
0.6728689,0.74040735,0.6736876,0.7269656,0.6706284,0.73999953,0.6795324,0.7235299,0.67250746,0.7516737,0.69553524,0.7471715,0.68431,0.7895033,0.68712837,0.82621276,0.6707431,0.87429166,0.66346186,0.8447363,0.6549024,0.82776445,0.7438918,0.7699706,0.7383377,0.7944956,0.72315794,0.8394352,0.7428067,0.8664714,0.75685585,0.88914233,0.79782116,0.90901303
0.678384,0.7331879,0.6788464,0.7202206,0.674675,0.7362207,0.68373096,0.7185056,0.673464,0.7561723,0.7017216,0.7261204,0.6827314,0.80986106,0.71961725,0.7266771,0.67166793,0.8846625,0.7211904,0.7164022,0.6616748,0.81102157,0.7437043,0.760817,0.73731786,0.80101216,0.71975356,0.8279549,0.74535143,0.8714982,0.7380797,0.8869844,0.7978951,0.9187085
0.6809217,0.7278543,0.6814984,0.7142719,0.6767938,0.7306793,0.6856132,0.71378094,0.6743108,0.75212073,0.70250577,0.72590154,0.6826341,0.8097029,0.7209102,0.7293072,0.6733389,0.887525,0.7234085,0.7195322,0.66153777,0.8298909,0.74445266,0.7659508,0.73626125,0.8072766,0.72824407,0.8313987,0.7450891,0.87551486,0.7545247,0.88659,0.798713,0.92055416
0.681608,0.7252404,0.6821844,0.7108198,0.6772949,0.7277704,0.6848428,0.71041596,0.67281395,0.749328,0.7007493,0.72224736,0.67796403,0.80901307,0.72099394,0.72742915,0.6692592,0.88818127,0.7262714,0.7207789,0.66524684,0.8165983,0.7440812,0.7640329,0.733157,0.8090178,0.7322093,0.83006257,0.7408671,0.88064754,0.7650274,0.8862566,0.79802763,0.92636925
0.68359965,0.7227899,0.6842866,0.7092883,0.6791891,0.7247272,0.6874386,0.7056575,0.67433923,0.7411981,0.70102495,0.71602136,0.67562634,0.7960679,0.71837825,0.7204663,0.66658485,0.87378454,0.72248226,0.7253011,0.6623778,0.86397,0.73925066,0.7760232,0.7266272,0.81958354,0.732005,0.8353622,0.7377586,0.8859288,0.76761055,0.8900457,0.79110813,0.92899907
0.6806439,0.723288,0.68201107,0.7116113,0.67730695,0.7226098,0.6868231,0.7123542,0.67570084,0.7361236,0.6953791,0.7421765,0.6819404,0.77575237,0.68149275,0.82617885,0.6694267,0.8556851,0.6582508,0.8726086,0.66013265,0.86223733,0.7372119,0.7814194,0.7301054,0.80595875,0.72563326,0.8463553,0.7394497,0.8800776,0.76223385,0.89340293,0.79057264,0.9212394
0.6822913,0.7282818,0.68325067,0.7159818,0.6785216,0.7284739,0.68605125,0.71431184,0.67467654,0.74254495,0.6953353,0.73526174,0.6775657,0.788087,0.6887792,0.7892652,0.66348666,0.86893576,0.6744453,0.82516193,0.6588158,0.8741214,0.73678374,0.7778526,0.72796386,0.8105651,0.72599256,0.8423466,0.7392397,0.8821042,0.75833064,0.8906661,0.79018116,0.92188317
0.68085116,0.7305473,0.6814084,0.71688217,0.67714465,0.7308946,0.682301,0.7139529,0.6723961,0.7459913,0.69451505,0.7315035,0.67907465,0.7946812,0.69785714,0.77470565,0.6667094,0.87571436,0.6927982,0.79581094,0.65690964,0.83880705,0.7404919,0.76653934,0.7337708,0.8011506,0.7227541,0.8356119,0.73924226,0.8728977,0.7543232,0.885404,0.796028,0.91480714
0.68092936,0.7310124,0.68143535,0.7170032,0.67676383,0.7316068,0.6821455,0.7149782,0.6711363,0.74837023,0.69478315,0.7322235,0.67624587,0.79879683,0.7004244,0.77220964,0.66183186,0.8787419,0.69895357,0.7802939,0.65874124,0.81068516,0.7417719,0.76661366,0.73318666,0.8040712,0.72633827,0.83401155,0.7397632,0.8764935,0.75557274,0.88632154,0.7948134,0.9203786
0.68094164,0.7301209,0.68153024,0.7164216,0.67672884,0.73153734,0.6831293,0.7156389,0.67139906,0.7498748,0.6973125,0.7310241,0.675595,0.8009105,0.7095744,0.760588,0.6622074,0.87453467,0.71223456,0.7688942,0.6593496,0.8016858,0.74150205,0.76918757,0.73130673,0.8081666,0.72698754,0.8292652,0.7386899,0.87538344,0.75500363,0.88234615,0.79400814,0.9215138
0.6822412,0.72840244,0.6826231,0.71416515,0.67768234,0.73046213,0.68400294,0.713373,0.67144567,0.7500764,0.69932693,0.72721034,0.6733284,0.8041026,0.7189771,0.74725413,0.66158617,0.8775644,0.72608215,0.75804234,0.6615414,0.80463123,0.7413065,0.7715041,0.7281507,0.81427395,0.7318905,0.82639635,0.7365448,0.8769006,0.7636706,0.88006496,0.7929574,0.92200756
0.68222606,0.72763455,0.6828196,0.71412283,0.6778128,0.72943324,0.68473625,0.7152942,0.67191285,0.74957967,0.70052415,0.73204947,0.6737177,0.8032466,0.72217715,0.7551115,0.6625075,0.8739692,0.73102826,0.7668878,0.66093785,0.8067973,0.7409066,0.7760499,0.7274074,0.81605214,0.7316361,0.82822984,0.73610926,0.8751595,0.762662,0.8810301,0.79221565,0.9207239
0.6825467,0.7287608,0.683054,0.71539044,0.67833513,0.73012286,0.6842127,0.7166739,0.67229265,0.74952775,0.6987633,0.7349816,0.67416936,0.8013096,0.7153808,0.7649433,0.66340095,0.87333316,0.7204177,0.777319,0.6597122,0.81666434,0.7400157,0.7783699,0.7268502,0.81615704,0.73286235,0.83101463,0.73364025,0.8735112,0.7684154,0.8828129,0.7895577,0.91811854
0.6822649,0.73216796,0.6829356,0.7182563,0.6781345,0.7328749,0.6844439,0.71730125,0.67254156,0.7496819,0.69781566,0.73622066,0.67633736,0.7989059,0.70618075,0.7788117,0.66483283,0.8758559,0.70395124,0.79768324,0.6583211,0.82571405,0.7415638,0.7770013,0.72986543,0.81305027,0.73147726,0.83331126,0.73494965,0.8749009,0.7668338,0.88460016,0.7904207,0.92057544
0.7791642,0.10756792,0.78090304,0.092158034,0.7768993,0.085314564,0.7639753,0.08483722,0.755003,0.071898974,0.7523927,0.17790844,0.7280224,0.1722917,0.7473524,0.3527202,0.71467566,0.3398599,0.76322293,0.4813801,0.7400889,0.48351374,0.7544157,0.48544818,0.7383535,0.48894286,0.7635308,0.7144571,0.7467434,0.7242889,0.7535479,0.9225406,0.74110913,0.9501697
0.77867764,0.106275186,0.78001,0.09075114,0.77680653,0.0840059,0.7615962,0.084040456,0.7553114,0.07167817,0.7499388,0.17800933,0.72875005,0.1738007,0.74721444,0.35484752,0.71864176,0.3440233,0.76410383,0.48206344,0.7438926,0.48426458,0.7511658,0.48587376,0.73715717,0.48925772,0.7618485,0.7155059,0.746923,0.7236936,0.7532828,0.9238863,0.7414848,0.94901717
0.77824855,0.10070655,0.77976847,0.08468304,0.77599806,0.07922618,0.7618868,0.0801762,0.75468504,0.07094613,0.74924946,0.17578447,0.7298356,0.1737589,0.7445116,0.34676713,0.7217049,0.33705392,0.76114935,0.47813767,0.7474482,0.4797884,0.7489454,0.4833202,0.7355426,0.48736057,0.7614806,0.7142566,0.7465163,0.7231544,0.754137,0.9224067,0.7405674,0.94762087
0.7777859,0.10208347,0.7791712,0.085840926,0.77598816,0.080549814,0.7599733,0.07881191,0.75578344,0.07082431,0.7459459,0.17108442,0.73216945,0.17126285,0.7408628,0.34107864,0.72569835,0.33396292,0.7595896,0.47249562,0.74915636,0.47683412,0.74471974,0.48059478,0.73467416,0.48508763,0.7614874,0.7113707,0.7473707,0.72080654,0.75516844,0.9188177,0.7398563,0.9470322
0.7778362,0.10165015,0.77904576,0.08490248,0.7765235,0.08003143,0.75763506,0.07591404,0.7573355,0.07009558,0.741092,0.16575655,0.7352113,0.1687132,0.7351472,0.33352444,0.72936994,0.32901105,0.7578581,0.46443522,0.75309855,0.47553173,0.739548,0.47567233,0.7344939,0.4813174,0.76036495,0.7084769,0.7494491,0.7204962,0.75504196,0.91724926,0.74021685,0.9510295
0.7779684,0.101510085,0.7791361,0.08391743,0.77727914,0.07924621,0.7544822,0.071777694,0.75894254,0.0678224,0.73314613,0.15942562,0.7388646,0.16367808,0.7251025,0.32769266,0.7338726,0.3191545,0.7532753,0.45844132,0.7560732,0.46551675,0.7310957,0.46894345,0.73314714,0.475209,0.7583578,0.701172,0.750383,0.7145884,0.75675464,0.9128256,0.74065346,0.95136327
0.7781668,0.103148215,0.7793219,0.084534205,0.7773102,0.08099391,0.75355786,0.069851145,0.75836074,0.06861153,0.72960454,0.15622337,0.7407766,0.16492695,0.7210589,0.329004,0.7409664,0.3251507,0.74983263,0.46801537,0.7624864,0.47661948,0.728049,0.4667819,0.7328498,0.47528642,0.75726974,0.6990614,0.7481491,0.7186857,0.7602675,0.90838355,0.7397148,0.9559283
0.77853125,0.105486974,0.7797249,0.08600626,0.77813786,0.082758434,0.75194454,0.06873182,0.76028204,0.06885427,0.7256714,0.15514426,0.74389124,0.16541478,0.7160252,0.3364584,0.7462167,0.3340582,0.74941075,0.47542098,0.7710102,0.48911387,0.72406125,0.46691826,0.7330431,0.4759961,0.7555788,0.70145154,0.7466964,0.7214722,0.76281404,0.90930957,0.7388536,0.9582924
0.778861,0.10588214,0.7802614,0.08553709,0.77855724,0.08275026,0.75089353,0.06650887,0.760484,0.068146646,0.72158283,0.15312126,0.7459437,0.1665226,0.7105701,0.33714393,0.75061846,0.3391283,0.74743646,0.4713146,0.77685636,0.4926245,0.7213805,0.46729165,0.7338988,0.47802615,0.7532217,0.7023979,0.74477476,0.7267109,0.7641849,0.9092793,0.73836035,0.9652498
0.7783747,0.105641276,0.7795924,0.0851087,0.7785183,0.08213311,0.7495367,0.065503255,0.7622037,0.06632754,0.7196464,0.15269744,0.7488339,0.16400185,0.7087374,0.3439529,0.75609934,0.3414756,0.74436384,0.4833169,0.78096026,0.500488,0.7188802,0.46697214,0.73428273,0.47680685,0.75199866,0.70233154,0.74438787,0.7271411,0.7641298,0.91000575,0.737023,0.9687744
0.7778082,0.1073206,0.77882415,0.086593315,0.77818316,0.08336573,0.74718934,0.0658363,0.76233387,0.066425644,0.714873,0.15195078,0.7507802,0.16333765,0.6986168,0.34156445,0.75954235,0.34176338,0.73033047,0.47611168,0.78294486,0.5042821,0.7159078,0.4656368,0.7351697,0.47493187,0.7495731,0.7027813,0.7443732,0.72610897,0.7619083,0.90905017,0.73623985,0.9669369
0.7778922,0.105327964,0.7775447,0.08403025,0.7780874,0.08198394,0.7456038,0.0668537,0.7635155,0.0688481,0.71350956,0.15414838,0.7550901,0.16521385,0.6909098,0.33205488,0.76769155,0.3385545,0.7140837,0.47093457,0.7839975,0.5131963,0.7166387,0.46622851,0.73956376,0.47487828,0.7441774,0.7121217,0.74681604,0.7277307,0.7570526,0.9139416,0.74078596,0.9527103
0.776243,0.110462956,0.7757431,0.0890729,0.77686757,0.08695751,0.7440956,0.06968661,0.7647063,0.071478434,0.7126439,0.15431641,0.75755256,0.16540559,0.6888938,0.32834506,0.7705845,0.33639547,0.70924634,0.46691185,0.78557813,0.5095809,0.7158384,0.46639967,0.7410249,0.47460267,0.74203676,0.71370375,0.74708766,0.728994,0.75524026,0.91212326,0.74030983,0.9495837
0.7757359,0.111081704,0.77475566,0.08948848,0.77624524,0.087333225,0.7428899,0.0695111,0.7644868,0.07151595,0.7115269,0.1542695,0.759467,0.16555783,0.68611044,0.3265899,0.7734879,0.33668336,0.70272607,0.46628538,0.7867505,0.5108418,0.71686286,0.4648847,0.74409217,0.4723452,0.73960435,0.7176491,0.74795496,0.7304189,0.75199556,0.91901237,0.73959655,0.9489058
0.7746383,0.11349299,0.7732297,0.09140101,0.7754149,0.08958046,0.7414867,0.07173559,0.76624095,0.07461525,0.71124834,0.15758994,0.7629603,0.16896552,0.6844145,0.3297873,0.7769101,0.3402492,0.6968966,0.47601026,0.788553,0.5118529,0.71622974,0.46601418,0.7460828,0.47246897,0.73763365,0.7184881,0.74917126,0.72842926,0.7493833,0.92055684,0.7385194,0.9426523
0.77391917,0.11335774,0.77231085,0.0911391,0.774789,0.08937321,0.7406827,0.07278023,0.7668854,0.07543364,0.7111087,0.1601267,0.76554817,0.16975279,0.68396753,0.33410382,0.7797014,0.3397986,0.6943871,0.48622045,0.7891707,0.5102639,0.7180633,0.46746248,0.7495947,0.47276637,0.737461,0.71966773,0.74947876,0.72825605,0.749966,0.9251963,0.73804855,0.94380206
0.7722888,0.11275421,0.77072984,0.09047881,0.7729587,0.08885481,0.7398357,0.07294983,0.7656443,0.07582811,0.71058303,0.16159458,0.76598644,0.17085427,0.68339425,0.33672512,0.78115,0.3423127,0.6927379,0.48685482,0.79048645,0.5082994,0.7183789,0.4672177,0.7505286,0.47219253,0.7367719,0.7179828,0.7500336,0.7262096,0.7487462,0.9268971,0.7381818,0.9440243
0.7720695,0.11330653,0.77024055,0.09078463,0.7728166,0.089547895,0.7394391,0.073483504,0.76659554,0.07703593,0.7110618,0.16239424,0.76749295,0.17093298,0.6834635,0.3368504,0.7828702,0.34160063,0.69085807,0.48430708,0.7929722,0.5072527,0.7188738,0.4674269,0.75174946,0.47186872,0.73614883,0.7202484,0.75114816,0.72742367,0.7482286,0.9328707,0.7387423,0.9477424
0.7715196,0.1133887,0.7695126,0.090637624,0.77214885,0.089617305,0.7386626,0.07390859,0.7662583,0.077849485,0.7105197,0.16469553,0.7683364,0.17105003,0.68381065,0.34220204,0.7842655,0.34099543,0.6912662,0.48962793,0.79446566,0.5035119,0.7187895,0.4679295,0.75279975,0.47137102,0.7348606,0.7225749,0.7525528,0.7287877,0.74682945,0.93769825,0.74032664,0.950489
0.7717794,0.11400702,0.7695787,0.09138648,0.77241117,0.09040202,0.73897576,0.07573157,0.76704973,0.07936414,0.7115171,0.16659589,0.76970273,0.1719284,0.6850447,0.3418579,0.78572303,0.33884954,0.6906492,0.48583892,0.79394305,0.49532777,0.7204719,0.4708925,0.75480264,0.4737065,0.7349984,0.7242107,0.7534595,0.72946423,0.7470894,0.9398977,0.74138784,0.95024645
0.7712919,0.114113115,0.7688777,0.09166274,0.771993,0.09072422,0.7387015,0.07751243,0.76748353,0.08086079,0.7124929,0.16908872,0.7707284,0.1730828,0.6874623,0.34297666,0.7872406,0.33732417,0.69166315,0.4848699,0.79510194,0.48991588,0.7221843,0.47233152,0.75667053,0.4746398,0.7354994,0.72556436,0.75465494,0.7309003,0.74786705,0.94342756,0.7424156,0.95314384
0.77030987,0.11682055,0.76752955,0.09347973,0.7705053,0.092977166,0.7384705,0.081547394,0.76820254,0.08484523,0.7118704,0.17215309,0.77215666,0.17747685,0.6899765,0.34690875,0.7875587,0.33611947,0.6936204,0.49307945,0.7959637,0.47929958,0.7204516,0.47217646,0.756804,0.47788343,0.73618907,0.7236164,0.75602424,0.7321498,0.7478902,0.94718665,0.74118847,0.95175135
0.76888424,0.11930584,0.7660362,0.09612389,0.7693171,0.09563994,0.7376531,0.08476728,0.768827,0.08782281,0.71278304,0.17407927,0.77332586,0.1791026,0.69217813,0.34665784,0.7890642,0.33792192,0.6967482,0.48766157,0.7977787,0.48090282,0.72168547,0.4716744,0.758243,0.4770916,0.73731697,0.72223455,0.75650436,0.7294875,0.74864477,0.9454844,0.7406229,0.94883084
0.76863,0.12233579,0.76581687,0.09935042,0.7690424,0.09866554,0.7379612,0.088082284,0.7688258,0.09046439,0.7138608,0.17761077,0.7740101,0.17975862,0.69493884,0.35205513,0.7898527,0.33604363,0.701837,0.4984686,0.79859823,0.4780184,0.7236928,0.47170234,0.7600341,0.47596997,0.73891896,0.7202013,0.7573535,0.72659373,0.7495745,0.94348544,0.74097556,0.9466818
0.7695936,0.12594979,0.7667602,0.10316279,0.76955694,0.10226063,0.73896706,0.091857165,0.7677407,0.09373535,0.7146908,0.18174095,0.77330464,0.18247755,0.69648117,0.35540983,0.79028076,0.33664712,0.7042563,0.5009914,0.7988104,0.47751176,0.72548,0.4728844,0.7607117,0.47636673,0.74022,0.719293,0.7575812,0.72321206,0.7501938,0.94126314,0.7411903,0.94045717
0.7697101,0.13017283,0.76686203,0.10764755,0.76971656,0.10636632,0.7393777,0.096270554,0.7679359,0.09742261,0.71585596,0.1861748,0.77336127,0.18480238,0.6982495,0.35994238,0.7907813,0.33720025,0.707873,0.5050448,0.80084515,0.4758375,0.72685117,0.4736608,0.7613697,0.47593826,0.74148476,0.71955186,0.75802755,0.7198326,0.7513941,0.9439745,0.74150217,0.9380376
0.76946825,0.13361706,0.7664067,0.111445114,0.76917756,0.10986006,0.73895115,0.1000306,0.7664397,0.100684874,0.7162406,0.18900351,0.7720062,0.18669851,0.70023155,0.35833728,0.79080087,0.3367173,0.7120077,0.48984936,0.801671,0.47193855,0.7283413,0.4732529,0.76170486,0.4748774,0.7430922,0.7200804,0.75856906,0.7167502,0.75195676,0.94275796,0.7409135,0.93156147
0.7689951,0.13615122,0.76602465,0.11451882,0.7686607,0.1127804,0.7392449,0.10369527,0.76560956,0.10383039,0.717362,0.1922236,0.7709786,0.18836565,0.7025965,0.36055812,0.7895897,0.33398277,0.7153499,0.49419177,0.80131084,0.46427342,0.72995895,0.47439778,0.7620168,0.47572407,0.74459404,0.71687865,0.7598004,0.71512806,0.75151247,0.9379359,0.7415926,0.9307335
0.7689722,0.13987087,0.76583046,0.11852882,0.7687254,0.11678868,0.7390957,0.10757768,0.76564467,0.107604735,0.71819085,0.19520141,0.7701642,0.1901967,0.7049446,0.36192355,0.7886776,0.33295473,0.7188707,0.49203697,0.80172074,0.46140748,0.7303324,0.47689173,0.7615365,0.47789425,0.7450823,0.71708655,0.76063186,0.7146437,0.7520087,0.93710625,0.74282265,0.9293599
0.7690784,0.14178616,0.7658236,0.12091574,0.76884073,0.118991666,0.7392723,0.11108509,0.7656421,0.11079962,0.7195859,0.19833624,0.76958305,0.19255434,0.7066342,0.3644557,0.787209,0.33374298,0.7201173,0.49397296,0.8017937,0.46087605,0.7326375,0.47828868,0.76256657,0.47914314,0.74812824,0.71913123,0.7635292,0.716444,0.7530651,0.9394708,0.7439144,0.93180406
0.7687108,0.13838768,0.7668085,0.11951975,0.7682077,0.11603512,0.7417965,0.114204034,0.7642657,0.110551715,0.72055334,0.20313315,0.7665737,0.1989762,0.70907384,0.3684057,0.7845541,0.3427793,0.7218449,0.48437646,0.79804343,0.4682204,0.734406,0.48174876,0.7608289,0.48474225,0.7526235,0.7080619,0.76126957,0.71467334,0.755306,0.9256863,0.7441458,0.94335
0.76863235,0.14000957,0.76673067,0.12163303,0.76826686,0.11763205,0.74187654,0.11713016,0.7647034,0.11231881,0.72120637,0.20553406,0.7668894,0.19978474,0.71093744,0.36878327,0.78406775,0.34310582,0.7252657,0.47999328,0.7976727,0.46804202,0.7353742,0.48129776,0.7618299,0.48340303,0.7535355,0.7088745,0.763055,0.7127832,0.75509024,0.92686325,0.7459205,0.94122076
0.7689027,0.14190693,0.766719,0.12362716,0.7683682,0.119714744,0.74197644,0.11924951,0.76455355,0.11463112,0.72218794,0.20707202,0.7662499,0.20045288,0.71400017,0.366759,0.7830569,0.34345442,0.72886014,0.47081822,0.79717827,0.4693505,0.7360425,0.4788096,0.7617814,0.4806445,0.7561936,0.69909686,0.7672535,0.70100087,0.75626296,0.9208232,0.74965227,0.93266857
0.27168518,0.060322367,0.26909232,0.040761568,0.2683076,0.03961681,0.24296205,0.046206523,0.25828156,0.050184254,0.21889511,0.15290794,0.2670759,0.15449852,0.20526052,0.3135935,0.2892214,0.2979974,0.22175448,0.43087435,0.30456305,0.43319723,0.23964095,0.44154912,0.26842585,0.447778,0.2553793,0.70898664,0.2775899,0.7172168,0.2521792,0.9281798,0.257988,0.9352336
0.7691136,0.14666088,0.76629466,0.12809706,0.7693517,0.1255631,0.73924136,0.120268956,0.765046,0.12016475,0.7218622,0.20682225,0.76888055,0.20081557,0.7122492,0.35709032,0.7840044,0.33666363,0.7312953,0.44640374,0.8004946,0.46996507,0.7377828,0.4749315,0.7669717,0.4753985,0.7582202,0.68776137,0.77749085,0.69090444,0.75472265,0.89041203,0.7574588,0.9097876
0.7698156,0.14587417,0.76692194,0.12744163,0.76994413,0.12502846,0.7398355,0.12144297,0.76577073,0.121956386,0.7227462,0.20914263,0.7693976,0.20424527,0.71296376,0.35669053,0.78389794,0.34042323,0.7318967,0.44147703,0.8002443,0.47477558,0.7382204,0.47465086,0.76745164,0.47540098,0.76034105,0.6852051,0.7809195,0.6855272,0.75664955,0.8894908,0.76167744,0.9034514
0.7702842,0.14651333,0.7675581,0.12802586,0.7703592,0.12582058,0.7404699,0.12235896,0.7665004,0.12376608,0.72276807,0.20977642,0.7705278,0.20702805,0.7133474,0.35347474,0.7843813,0.3433211,0.7349666,0.42855984,0.7997781,0.4774929,0.73772275,0.4720122,0.768217,0.47367525,0.7600631,0.68316466,0.78338253,0.68333554,0.7563153,0.88462216,0.7661227,0.8983498
0.771027,0.1463607,0.7684028,0.12800951,0.7710008,0.12580419,0.7414032,0.123396404,0.7670307,0.12465799,0.7233583,0.21233979,0.77112734,0.20904043,0.7144789,0.3563276,0.7848652,0.34507337,0.73636425,0.42960545,0.7990793,0.47790828,0.73779637,0.47130647,0.76866096,0.47283745,0.76026624,0.6790763,0.78523874,0.6786526,0.7568601,0.8775573,0.7700406,0.8906688
0.7721029,0.14592098,0.76971346,0.12687694,0.77192867,0.12554805,0.7417851,0.12381414,0.76830935,0.12571393,0.7218797,0.2122841,0.7731223,0.20894036,0.71708196,0.35793534,0.78581655,0.348537,0.7359931,0.42738444,0.79750615,0.47642946,0.73633426,0.46919867,0.7693414,0.4698469,0.7593932,0.6738583,0.7860581,0.6715171,0.7590086,0.86995924,0.777291,0.88100344
0.7721514,0.14567655,0.77006096,0.12679018,0.772155,0.12548062,0.7424714,0.1251716,0.76932234,0.1268957,0.72260696,0.21407685,0.7741801,0.21106902,0.71828455,0.36095,0.78631014,0.35162818,0.73833185,0.4326031,0.79775214,0.4775349,0.7369873,0.46920916,0.7704741,0.47004765,0.75926083,0.6716485,0.7871384,0.6687929,0.75993335,0.86906147,0.7815903,0.87956244
0.7734236,0.14561597,0.7715911,0.12691085,0.77325076,0.1256569,0.7441462,0.12609075,0.76972955,0.12755871,0.72331685,0.21505369,0.7749653,0.21272081,0.71933717,0.35897022,0.7874393,0.35215408,0.73938704,0.42863563,0.79778785,0.47843766,0.73826325,0.46853945,0.7720078,0.46980554,0.7584736,0.6705291,0.7878087,0.66888183,0.7598797,0.8666366,0.7855956,0.8794804
0.7737564,0.14784102,0.77210957,0.12911779,0.77368015,0.12754978,0.74481744,0.12817402,0.7707155,0.12913558,0.72422546,0.21753198,0.7761077,0.21429625,0.7205636,0.36189348,0.7874799,0.35293597,0.74286073,0.43105012,0.79809797,0.4742617,0.73960245,0.47073156,0.77404183,0.47114068,0.75836676,0.67377514,0.7901613,0.6669175,0.76043856,0.8706697,0.79106396,0.87427825
0.77171344,0.14588255,0.77054405,0.12739475,0.7720706,0.12574826,0.74528074,0.12887472,0.77237666,0.12907645,0.72626996,0.22022945,0.7785949,0.21603197,0.7225764,0.36486256,0.7888089,0.35520437,0.7440291,0.43597168,0.79813606,0.47540984,0.7406312,0.47209862,0.775891,0.47214988,0.75770706,0.67412114,0.79178965,0.66737634,0.76011854,0.8695262,0.79467785,0.87352145
0.76854795,0.14422688,0.76807326,0.12622283,0.76930016,0.12444103,0.74616045,0.13017076,0.7736646,0.12965648,0.72848886,0.22283797,0.7817693,0.21731053,0.7224208,0.35968706,0.791271,0.35486996,0.74343866,0.42431715,0.80003756,0.47757405,0.7419855,0.47306654,0.7781659,0.47198328,0.75791323,0.6731806,0.7943395,0.6619867,0.7608089,0.8669981,0.79973507,0.8644832
0.7726891,0.14525306,0.7717781,0.12716301,0.7729104,0.124924764,0.7477858,0.1308553,0.7745791,0.12972645,0.7286064,0.22453487,0.78247356,0.21784358,0.7231855,0.36201987,0.79304,0.35460475,0.74500245,0.4244328,0.80056,0.4753731,0.7436929,0.47461882,0.78040415,0.47261325,0.75835603,0.677859,0.79582053,0.6618856,0.7613439,0.8699451,0.80235386,0.85814583
0.77077776,0.14908594,0.77048177,0.1311822,0.77131575,0.1285144,0.74953336,0.13483417,0.7764691,0.13278301,0.73154205,0.22859438,0.7861137,0.22084565,0.72262996,0.36382747,0.79607886,0.35893697,0.74357945,0.43076435,0.8030968,0.47969347,0.74563724,0.47850382,0.78313607,0.47486937,0.7586497,0.6807858,0.7982827,0.65647376,0.76233536,0.87404245,0.8074438,0.8466601
0.77101654,0.15076078,0.7709207,0.13302521,0.77170914,0.13015284,0.7507707,0.13710125,0.77800304,0.13460478,0.7328559,0.23069692,0.78848916,0.22275881,0.7234685,0.36602142,0.79858875,0.36079586,0.745482,0.4357817,0.805201,0.47837058,0.74709666,0.47900534,0.78544873,0.47505146,0.75924444,0.6800585,0.79991376,0.6538624,0.7627417,0.87211466,0.8101854,0.84095615
0.7691193,0.15221559,0.76952803,0.13461584,0.77014893,0.13178518,0.75303113,0.13922977,0.77977365,0.13635957,0.7360793,0.23342656,0.7922694,0.224684,0.7240166,0.36638087,0.8020164,0.36186108,0.7435195,0.43963322,0.8070324,0.47658807,0.74874973,0.48028797,0.787595,0.47560397,0.7595525,0.68017024,0.80177385,0.65224314,0.76359004,0.87259614,0.8130273,0.8362347
0.76926655,0.1531381,0.76963276,0.13585421,0.77027136,0.13314937,0.7543861,0.14255029,0.7809241,0.13966978,0.7384903,0.23768032,0.79403114,0.22931895,0.72510344,0.36680222,0.806209,0.36670753,0.7427127,0.43998575,0.81178755,0.47913772,0.75064975,0.48341587,0.78906417,0.47794226,0.75943244,0.6815737,0.80230093,0.6479513,0.76382446,0.8724308,0.8154503,0.82501376
0.7646135,0.15464939,0.7654549,0.13764325,0.7664621,0.13471575,0.75489944,0.14516762,0.78133446,0.14130037,0.7415616,0.24162611,0.796576,0.23178719,0.72569543,0.3692193,0.8088746,0.3680289,0.7438685,0.4520531,0.8143584,0.47781622,0.7530951,0.48804796,0.7912429,0.48080745,0.76055026,0.68262154,0.80318356,0.6423169,0.7646775,0.8729142,0.8168389,0.8127204
0.76245725,0.1558946,0.7633019,0.13906321,0.7649771,0.13626818,0.75602645,0.14743684,0.7827034,0.14303033,0.74445575,0.24458998,0.798875,0.23281433,0.72722805,0.37473887,0.81139946,0.37074652,0.7425557,0.46707636,0.8164032,0.4830592,0.7547118,0.48746836,0.7924535,0.47912812,0.7614921,0.6813769,0.80466366,0.6395124,0.76551425,0.8717498,0.81827825,0.80754983
0.7675914,0.15777494,0.7680996,0.14063092,0.76959455,0.1381562,0.7591821,0.1483566,0.78603244,0.1451671,0.74684733,0.24486123,0.8016245,0.23501496,0.72871894,0.37716576,0.81349367,0.371178,0.74053854,0.4825281,0.8167615,0.48054323,0.7562969,0.48664707,0.7942709,0.4792014,0.76281536,0.6801106,0.8061754,0.64026374,0.7662434,0.872501,0.81818354,0.8084149
0.77479684,0.16406056,0.7747502,0.14655769,0.77583796,0.14413936,0.76239055,0.15136592,0.78903645,0.14872573,0.74842995,0.24487312,0.8035081,0.23510082,0.7303492,0.37805128,0.8160538,0.36762258,0.7387439,0.49282667,0.8191692,0.48569795,0.7583677,0.48585337,0.7964594,0.47902673,0.76409626,0.6779962,0.80768645,0.6409814,0.7668714,0.8695749,0.81762105,0.8089527
0.7746222,0.16548462,0.77479786,0.14803137,0.77607125,0.1457059,0.7648327,0.15243022,0.791302,0.14940558,0.75147754,0.24532291,0.80702305,0.23563805,0.7312476,0.37733462,0.8204921,0.36790946,0.7379761,0.49537638,0.82312804,0.48657897,0.761338,0.48604167,0.7995872,0.47937325,0.7659228,0.67549074,0.80952084,0.64119,0.76708615,0.8651028,0.8182188,0.80961
0.7755536,0.16135652,0.77671784,0.14737613,0.77877957,0.14426999,0.76866525,0.15697467,0.793503,0.14988983,0.7579901,0.25084937,0.808111,0.2399542,0.73755944,0.38377285,0.82504475,0.37324074,0.7361459,0.4951358,0.82301754,0.49006668,0.7652532,0.48542058,0.7997895,0.4762797,0.76550394,0.6761802,0.8117685,0.64536947,0.7667868,0.8574346,0.82348174,0.81758267
0.77586603,0.16266677,0.7771076,0.14870267,0.77918833,0.14613159,0.770896,0.15769638,0.79493946,0.15137444,0.76147306,0.24861881,0.8100895,0.24103923,0.74027866,0.37660155,0.82721436,0.37484825,0.7343402,0.485748,0.8246183,0.48881233,0.7686624,0.48389542,0.801981,0.47641107,0.76717484,0.6714834,0.81238014,0.64709127,0.7679061,0.8518863,0.8229046,0.8205233
0.7771115,0.16477051,0.77822584,0.15087281,0.7803668,0.14841932,0.772512,0.15847082,0.7963583,0.15223965,0.76411146,0.24670866,0.81149304,0.23984624,0.7429665,0.3726691,0.8282505,0.37356487,0.734479,0.4798562,0.8252434,0.48617288,0.7715495,0.4825425,0.8039638,0.47530833,0.76862687,0.67122465,0.8126022,0.6484589,0.7690327,0.8495881,0.8219145,0.8197867
0.7779046,0.16874512,0.7789807,0.15470462,0.78123873,0.15267949,0.77424735,0.1601239,0.79788345,0.15473303,0.7667324,0.244801,0.8132861,0.24026017,0.74514824,0.36813352,0.830331,0.376092,0.73454404,0.47395375,0.82867396,0.48991072,0.7741006,0.4800396,0.80575687,0.47375903,0.76980066,0.66711915,0.8127638,0.64728904,0.770601,0.84424925,0.82116413,0.8174977
0.77785534,0.16972423,0.7790629,0.15564913,0.7814991,0.15419185,0.7764368,0.16004843,0.799632,0.15519136,0.7697865,0.24245629,0.8157897,0.23850502,0.74879926,0.36412108,0.8317973,0.37288883,0.73637784,0.46544555,0.82839483,0.4847417,0.7764166,0.47570008,0.80757993,0.4704723,0.7708508,0.65883166,0.81279105,0.647174,0.77205175,0.83135337,0.8196958,0.81770533
0.7778866,0.17355312,0.7778539,0.15659766,0.7803949,0.15627506,0.7761593,0.15823022,0.8012919,0.15577734,0.76851,0.23917784,0.81899816,0.23358981,0.7504756,0.36116233,0.83144206,0.36609384,0.74001217,0.4604625,0.8271896,0.4747785,0.7763526,0.47002345,0.8107607,0.46750116,0.7724439,0.6493575,0.8136692,0.6442241,0.7730264,0.8248106,0.81687814,0.8136912
0.77594465,0.17326781,0.77646714,0.15653026,0.77910227,0.15608169,0.7785192,0.1582937,0.8019171,0.15492517,0.77099955,0.24010018,0.8208529,0.23251833,0.7517469,0.36163723,0.83216614,0.363338,0.74286664,0.46021616,0.8266088,0.4695569,0.7777699,0.46896935,0.81168026,0.46556455,0.7734538,0.6488319,0.8140003,0.6441627,0.7742321,0.8243766,0.81776565,0.81462914
0.7742676,0.17401461,0.7751247,0.15731438,0.77765894,0.15714471,0.77944803,0.1587185,0.801307,0.15527408,0.77223843,0.24033462,0.82161325,0.2319283,0.7545608,0.36500913,0.83304656,0.36145595,0.7471346,0.4701215,0.82642233,0.46853957,0.7795355,0.46565548,0.81288224,0.46289307,0.77570915,0.64274013,0.8141512,0.6436965,0.7782373,0.8162597,0.81826496,0.8151677
0.7733805,0.17658168,0.77547956,0.16028062,0.77772397,0.16005327,0.7797982,0.16066247,0.8006178,0.1562988,0.7745444,0.24340256,0.8214181,0.23451495,0.75819695,0.36916652,0.833064,0.3628558,0.7495011,0.47426456,0.8270981,0.4696665,0.78169155,0.46481675,0.81289274,0.45945278,0.7761697,0.6401049,0.8122024,0.6414891,0.7807874,0.8108516,0.817958,0.8179085
0.7731518,0.1776057,0.77533287,0.16145517,0.7774681,0.16143408,0.77992886,0.16139762,0.80001825,0.15742919,0.7750591,0.24210934,0.8210584,0.23440976,0.7605565,0.36576214,0.8330579,0.35986948,0.75379753,0.47249216,0.8277542,0.46479258,0.7832575,0.4600037,0.81382495,0.4554655,0.77688503,0.6339018,0.811593,0.6374511,0.7826045,0.8042559,0.81808656,0.81413746
0.77286214,0.17982905,0.7750399,0.16317417,0.7768512,0.16289866,0.7799931,0.16254812,0.79940367,0.15799394,0.7746334,0.24484734,0.82129824,0.233155,0.76068014,0.37008777,0.8336298,0.36028242,0.7561088,0.47553664,0.8277103,0.46533793,0.78398895,0.46098092,0.8146448,0.45471603,0.7789237,0.6348142,0.8113146,0.63511306,0.7853538,0.80241877,0.8190735,0.8092934
0.7707278,0.17994227,0.77149546,0.16434546,0.77271676,0.16202419,0.77539283,0.16606764,0.79782265,0.15851149,0.7729033,0.24415955,0.81717646,0.23112953,0.765459,0.37213942,0.8339397,0.35103017,0.7614836,0.48407486,0.828993,0.46228707,0.78772324,0.45517606,0.81675243,0.44951555,0.78275007,0.62988436,0.81144255,0.62603813,0.78896314,0.81147206,0.814779,0.80062896
0.77086157,0.1794889,0.7734358,0.16354428,0.77476877,0.16359918,0.78017485,0.1629497,0.7969964,0.15809108,0.77719015,0.24303527,0.8196754,0.23330133,0.7682271,0.3699225,0.8325289,0.3555371,0.7623541,0.48029214,0.8251983,0.45591658,0.787476,0.4546411,0.8156476,0.45043483,0.7806732,0.62777793,0.8114497,0.63636893,0.78770757,0.79376185,0.8182931,0.8118271
0.76921767,0.18214376,0.770127,0.16675794,0.77107614,0.16420226,0.7747381,0.16878287,0.7963182,0.16074795,0.7743086,0.24584828,0.816177,0.23240122,0.77019876,0.37091008,0.83309424,0.3506173,0.7660281,0.47552702,0.8241788,0.45835584,0.7891399,0.4536581,0.8169984,0.44754937,0.78388757,0.62580055,0.8127203,0.6215649,0.7893378,0.8023255,0.81657755,0.7903112
0.7677173,0.18448716,0.76879233,0.16917293,0.7695774,0.1667348,0.774162,0.17071824,0.7951615,0.1628037,0.7746152,0.24737461,0.8152227,0.23322418,0.7713141,0.3717216,0.83231145,0.34698877,0.76597875,0.47559825,0.82080185,0.44912723,0.7892388,0.45445645,0.8163892,0.44810414,0.785314,0.6236795,0.81354916,0.61941695,0.79010767,0.7954232,0.8170549,0.78303975
0.7663178,0.18609369,0.76746565,0.1708163,0.7682213,0.16843402,0.77325094,0.17235522,0.79383713,0.16448194,0.774041,0.24932036,0.8139084,0.23522833,0.7701427,0.37324074,0.83075935,0.34814638,0.7638031,0.48060948,0.81925505,0.451973,0.7892803,0.45466533,0.81581795,0.44842842,0.785975,0.62147665,0.81332487,0.6174029,0.790346,0.7916835,0.8162246,0.7792925
0.76464266,0.18744706,0.76753443,0.1713194,0.76769024,0.17154466,0.7767655,0.16832292,0.78937644,0.16325773,0.7760636,0.2464917,0.8147041,0.23516873,0.7706845,0.37200832,0.82804775,0.35036722,0.76070863,0.48123923,0.81515104,0.4456968,0.78899217,0.45372805,0.81454796,0.45031333,0.7847648,0.61538774,0.81255543,0.63055235,0.791714,0.77343404,0.8182069,0.8017737
0.76282597,0.1916032,0.76456827,0.17616302,0.76469165,0.17417146,0.77208894,0.1758615,0.7908473,0.16867822,0.77380604,0.25107285,0.8105421,0.23716177,0.76872534,0.37489653,0.82490796,0.34681058,0.7607959,0.48092607,0.8098365,0.4425568,0.78896725,0.4533953,0.8138631,0.44734067,0.7863761,0.6187196,0.8132388,0.61504126,0.790719,0.79041743,0.8177125,0.7778465
0.7620043,0.1920484,0.76381105,0.17650107,0.76385343,0.17479399,0.7712088,0.17665458,0.79033226,0.16949311,0.772642,0.2516212,0.8087501,0.236475,0.7671823,0.37750947,0.81990236,0.3424145,0.75902337,0.4829594,0.8018431,0.42787522,0.7878209,0.45336682,0.81271327,0.4471631,0.7856699,0.61792904,0.8128582,0.614436,0.7901972,0.79020613,0.8186752,0.7781032
0.76066774,0.19342786,0.762451,0.17749412,0.7631857,0.1774205,0.77277917,0.17388576,0.78648776,0.16853786,0.77122235,0.24793018,0.8112265,0.23431413,0.76585525,0.37629238,0.82030374,0.34825504,0.7572084,0.4893186,0.7997281,0.43857923,0.78511876,0.45598027,0.8125815,0.4543965,0.7831807,0.61633176,0.8123714,0.63240576,0.79179394,0.7779245,0.81867,0.7983669
0.758974,0.1996366,0.76063776,0.18363935,0.76124036,0.18361093,0.7705534,0.17654794,0.7841174,0.17148466,0.7698253,0.24764736,0.80898297,0.2338537,0.76483965,0.37963483,0.8197075,0.35138524,0.75691515,0.49330956,0.8005565,0.44439203,0.7851535,0.4571604,0.8119918,0.4554687,0.782958,0.61802727,0.81115955,0.63206464,0.7929044,0.77758193,0.8183778,0.7946101
0.75528514,0.20025165,0.757163,0.18430647,0.75772524,0.18409812,0.76845723,0.17749222,0.7813795,0.1716315,0.7682618,0.2499392,0.806961,0.2339819,0.7633874,0.38206968,0.8185074,0.35071838,0.75608367,0.49424496,0.79927933,0.44360885,0.7834334,0.45975304,0.8098182,0.45687532,0.7823548,0.6211463,0.80889654,0.63196605,0.79376316,0.77772665,0.8168931,0.7899339
0.75254285,0.20384319,0.7546455,0.18811595,0.7551124,0.18780096,0.7668316,0.18173009,0.7787369,0.17531733,0.76708287,0.2542462,0.8041968,0.23758362,0.7623507,0.3870703,0.81770545,0.35578945,0.7558885,0.49638468,0.80066854,0.44834518,0.7823244,0.46086708,0.80725616,0.4575401,0.7818008,0.6216915,0.8051273,0.6308412,0.79505616,0.77417314,0.8143875,0.7847317
0.75029165,0.20830064,0.75266665,0.19245104,0.7525365,0.19046155,0.76238394,0.19153227,0.7800624,0.18330593,0.7647299,0.26530898,0.79965484,0.24774635,0.760943,0.3917716,0.8141944,0.3522374,0.7533508,0.48989603,0.79523134,0.43123066,0.78061545,0.4594281,0.8039231,0.4517741,0.78245294,0.62018,0.80159867,0.6149339,0.7980142,0.7846141,0.8138919,0.76988965
0.75002235,0.20084742,0.75231004,0.18644683,0.75306696,0.18433581,0.76188767,0.19086921,0.780055,0.18201852,0.7649627,0.26759052,0.797355,0.25102472,0.76097673,0.39389047,0.81047994,0.3577115,0.750873,0.48943287,0.79584676,0.43316188,0.7801811,0.4594778,0.80226004,0.45246583,0.77905166,0.61813444,0.8027199,0.6136914,0.7929978,0.77687174,0.81815356,0.7636125
0.748003,0.21380165,0.7510821,0.19785523,0.74864537,0.19754821,0.7640669,0.18951519,0.7686362,0.18355419,0.7631752,0.26136103,0.79620665,0.24252486,0.7564941,0.3889431,0.81263274,0.3519333,0.7513959,0.48984373,0.79484266,0.43772876,0.7800176,0.4614601,0.80211926,0.45664072,0.77813405,0.6169884,0.79970115,0.6175133,0.7931068,0.76642483,0.81329745,0.7634889
0.74578756,0.21278325,0.74901617,0.19876662,0.7475257,0.1973821,0.76136076,0.19436894,0.7673773,0.18579216,0.76225275,0.2652003,0.7920236,0.24501519,0.75552154,0.39177665,0.80888605,0.34256768,0.75062406,0.49013,0.79003835,0.41963965,0.7800018,0.4643864,0.79981846,0.45897022,0.77712333,0.61834824,0.79657865,0.6144362,0.79567796,0.7668719,0.8132663,0.7595434
0.7428952,0.21296698,0.7455334,0.19696249,0.7432741,0.19664943,0.75731987,0.1901289,0.7633769,0.18321817,0.7575759,0.26417166,0.7913267,0.24216622,0.75400084,0.38806176,0.8101147,0.34998545,0.7454171,0.48744106,0.7920427,0.43398312,0.7765803,0.46627685,0.7986872,0.45982447,0.775602,0.6185192,0.79314363,0.6162588,0.7946962,0.763316,0.80907744,0.7561949
0.7416881,0.2146316,0.7452766,0.19912444,0.741517,0.19829704,0.7589361,0.1922308,0.7596915,0.18471038,0.75916207,0.26605225,0.78721046,0.24407262,0.7536814,0.38897955,0.80606717,0.3493224,0.74369997,0.47944158,0.7906526,0.43746692,0.77644545,0.46166888,0.794278,0.4551234,0.7763844,0.6172483,0.7903616,0.6132625,0.79548705,0.765286,0.8040988,0.7559617
0.73976576,0.21334255,0.7438685,0.19959407,0.74033254,0.19758053,0.75783163,0.19563523,0.75737494,0.18599524,0.7596921,0.26846308,0.78157395,0.24795756,0.7540568,0.39394546,0.7971205,0.35212538,0.7425237,0.48458737,0.77767205,0.43903637,0.7763931,0.46120277,0.7902034,0.45474124,0.77509123,0.61668694,0.78599995,0.6104117,0.7970119,0.7657496,0.8008419,0.7533481
0.7365105,0.21665555,0.7395327,0.2005916,0.7364993,0.20003697,0.75358266,0.19342197,0.7555291,0.18696146,0.75733036,0.26825327,0.7816662,0.24832991,0.75438154,0.39254004,0.7943304,0.36317667,0.73966753,0.47915107,0.7730414,0.45078108,0.774289,0.46553212,0.78936356,0.4583832,0.77419925,0.61939317,0.780285,0.61433923,0.796089,0.7673339,0.7910284,0.75281334
0.7347283,0.21851939,0.7377513,0.20182636,0.73433614,0.20201898,0.7519564,0.19408372,0.75240487,0.18982981,0.7568251,0.26977807,0.77767086,0.25307554,0.75449276,0.3940517,0.78894734,0.36872807,0.7379075,0.48264045,0.7670226,0.4571229,0.7726669,0.46776858,0.78529406,0.46169356,0.7727074,0.6196441,0.7760001,0.6164594,0.79512405,0.7697703,0.78532743,0.756571
0.7344982,0.21690056,0.7383321,0.20258898,0.73467356,0.2013411,0.7520998,0.19625826,0.7500147,0.1895946,0.75861114,0.26793787,0.7708128,0.25457287,0.75536335,0.3972719,0.77922434,0.37021947,0.7364436,0.4863926,0.754049,0.45706338,0.77371365,0.4651864,0.7807701,0.46034625,0.7736976,0.6118725,0.7738179,0.60915273,0.7960195,0.7638691,0.7826302,0.75484776
0.7286536,0.21911708,0.73153746,0.20198931,0.7282662,0.2032486,0.74708956,0.19226742,0.7459528,0.19116317,0.75709146,0.266754,0.7688609,0.25451738,0.7580995,0.394483,0.7757908,0.37204292,0.73500603,0.48279256,0.7512048,0.4546305,0.77162117,0.4690442,0.77870506,0.46363106,0.7690199,0.6163906,0.7702583,0.61276597,0.79302526,0.7709482,0.78140664,0.7534836
0.7274132,0.22178124,0.7306214,0.20543496,0.7268057,0.20656231,0.74587643,0.1921954,0.7428246,0.19147182,0.75766265,0.26233923,0.76382816,0.25237656,0.7587952,0.39208505,0.7699066,0.36920282,0.73471385,0.47758797,0.7460651,0.45162368,0.77109265,0.46804723,0.7750024,0.4634386,0.76728386,0.61914927,0.769267,0.6148757,0.79107875,0.7699952,0.7811869,0.751531
0.7255551,0.22345214,0.72896963,0.20855314,0.72567546,0.20901395,0.74349827,0.19677751,0.7410759,0.19416617,0.75632024,0.2639144,0.7609506,0.25699025,0.7593987,0.39336634,0.769435,0.37568146,0.73682827,0.4824152,0.7460641,0.46029827,0.7726692,0.47147006,0.775612,0.4683447,0.76594,0.62183166,0.76711047,0.6207019,0.7907774,0.7687903,0.7805856,0.7575113
0.72143734,0.22532718,0.7246748,0.21063215,0.7221325,0.21133777,0.73939806,0.19956179,0.7382156,0.19711463,0.7545843,0.26749694,0.7571203,0.2603798,0.7585409,0.40186584,0.76357377,0.3817268,0.7344441,0.49685922,0.7426809,0.47556287,0.7730726,0.47569603,0.7745874,0.47264892,0.7633211,0.6261731,0.7632098,0.62687624,0.79047865,0.77061087,0.77767086,0.76155895
0.7185856,0.22631583,0.7221888,0.21147239,0.7185393,0.21359222,0.73691934,0.20305692,0.7313733,0.2042756,0.7539552,0.27239716,0.74751294,0.27056468,0.75939953,0.40017983,0.75018185,0.3858978,0.7363165,0.49207082,0.7337553,0.47879484,0.7737471,0.47597837,0.76967794,0.47549748,0.75973547,0.62245715,0.7582042,0.6266677,0.78796905,0.7649444,0.7766767,0.75993353
0.71430415,0.23895091,0.7166629,0.22326331,0.71453375,0.22594385,0.7307394,0.21716398,0.7288956,0.21981142,0.75096434,0.28742614,0.74466395,0.28685582,0.76172024,0.41102794,0.747768,0.4025827,0.7360571,0.50205386,0.73222274,0.48900235,0.77309865,0.48245665,0.76901674,0.48161283,0.755838,0.62975085,0.753019,0.63426125,0.7825474,0.7632212,0.77269286,0.75679517
0.71106046,0.25792485,0.71387553,0.24242285,0.7111254,0.2460003,0.72910994,0.23522365,0.72323126,0.24063763,0.75153714,0.304632,0.73460734,0.3049093,0.7579574,0.4334836,0.73135626,0.4224887,0.7335375,0.52662414,0.7234896,0.514236,0.7733589,0.48793182,0.76233315,0.4871137,0.7524717,0.6297304,0.7458737,0.6314778,0.7792545,0.7589029,0.76860046,0.75030196
0.7085037,0.27904627,0.71235925,0.26424497,0.70775366,0.26535532,0.7282745,0.2655606,0.71626824,0.26690942,0.7521542,0.33289385,0.72855675,0.3273936,0.75949985,0.46298784,0.73073655,0.43905732,0.73492515,0.5474125,0.72158426,0.51105225,0.77614015,0.5007279,0.7600736,0.49577245,0.74849886,0.6370358,0.73847646,0.6304615,0.77360314,0.7706135,0.76834637,0.75381756
0.70644253,0.31008402,0.7103845,0.2952515,0.70488495,0.29764262,0.7258355,0.2973042,0.71027565,0.3013977,0.7525076,0.36313373,0.71844524,0.36173362,0.75874656,0.5014071,0.71861625,0.47856873,0.73193306,0.590963,0.71364605,0.54776335,0.77914745,0.5093612,0.755999,0.5072067,0.74990934,0.6410773,0.73195314,0.6370297,0.77215976,0.7698741,0.7632695,0.7569437
0.70503366,0.34560722,0.7083684,0.3308861,0.70386803,0.33355752,0.72373474,0.32787448,0.7106695,0.33291563,0.75075334,0.38131958,0.7201983,0.38357174,0.762011,0.50205,0.71894467,0.49260592,0.73945296,0.56690425,0.7085328,0.549924,0.7782659,0.519445,0.75760865,0.51866406,0.74940103,0.6460473,0.7322952,0.64356554,0.77109927,0.76740193,0.75843793,0.7564433
0.70541996,0.3816886,0.70977724,0.36577544,0.70285696,0.36864316,0.7249173,0.3673252,0.70748895,0.37121913,0.7466096,0.4270094,0.7181519,0.42617664,0.74768823,0.5528712,0.7120837,0.5353922,0.7208476,0.65144205,0.6971557,0.62555915,0.780574,0.54558,0.7596966,0.5438048,0.7453287,0.6564434,0.7237615,0.65251505,0.7777942,0.7601091,0.75544065,0.7475603
0.7006642,0.42400616,0.70388776,0.41068366,0.7004378,0.41217548,0.718174,0.4011119,0.7080618,0.40094936,0.73899066,0.45933348,0.7209075,0.4433284,0.7350381,0.6013901,0.7049937,0.542501,0.71002895,0.7342076,0.68855083,0.6550898,0.77736354,0.5666486,0.7644319,0.5603856,0.73990536,0.67153746,0.7276013,0.671312,0.7715713,0.7622306,0.753771,0.7549649
0.6989401,0.4653861,0.70226943,0.45224395,0.6972459,0.45313987,0.7163405,0.44034198,0.7024361,0.44044617,0.7359049,0.4889994,0.7185349,0.46815196,0.7324831,0.6284761,0.69924635,0.5551583,0.71140057,0.7599366,0.6805708,0.668578,0.78021586,0.5698975,0.77003396,0.5615404,0.73520255,0.66628957,0.73259556,0.665814,0.7581014,0.76616246,0.75830984,0.75845236
0.69222504,0.5037242,0.6959713,0.49223703,0.6916225,0.4926526,0.71052474,0.4795347,0.69652814,0.4759054,0.7299379,0.5240059,0.71058285,0.5005789,0.7248022,0.67298365,0.6909221,0.59678346,0.7029672,0.79228264,0.6781644,0.7108175,0.77877706,0.58505577,0.7660869,0.57927024,0.7387207,0.69455737,0.73687,0.69549775,0.7693271,0.7818072,0.771488,0.7810156
0.68784505,0.5248281,0.69078225,0.51294667,0.68757147,0.51422673,0.7049913,0.5042091,0.69303185,0.50300205,0.7276084,0.5494999,0.70708114,0.53466535,0.7239399,0.6994065,0.6883564,0.64625704,0.69679475,0.8362679,0.67459667,0.7888347,0.77810514,0.61154085,0.76334876,0.6086248,0.7368628,0.6995747,0.72654194,0.7089073,0.76447237,0.7922351,0.7536563,0.801765
0.687965,0.56533647,0.6897792,0.55454016,0.6880007,0.5542829,0.70041955,0.5394171,0.69293904,0.5350201,0.7197544,0.5636594,0.70538634,0.54846877,0.7125301,0.7254387,0.6873717,0.6599108,0.6766239,0.8667914,0.66705763,0.79286915,0.7784187,0.60892534,0.76711535,0.6078965,0.73927826,0.7115704,0.72448117,0.73163503,0.76452917,0.80051935,0.7449758,0.8257572
0.688064,0.6063281,0.6892621,0.5951341,0.6861283,0.5944833,0.6982066,0.57365584,0.68539447,0.57099456,0.7183117,0.59060204,0.6966548,0.57422584,0.70959824,0.76731867,0.6803956,0.711472,0.6731927,0.91801614,0.6609518,0.85327435,0.7721424,0.6226639,0.7548477,0.6182321,0.7352435,0.72147804,0.71057105,0.73371726,0.7505204,0.83378756,0.7220225,0.8506082
0.6784862,0.64371866,0.6782102,0.6325872,0.67729795,0.6306701,0.68612194,0.60465956,0.6793565,0.5999077,0.7125124,0.62032455,0.69353193,0.5891159,0.71083975,0.80294484,0.6782294,0.71758467,0.6800912,0.95136327,0.6597901,0.8826688,0.7723384,0.652623,0.75840163,0.64043325,0.73170835,0.74073344,0.71496874,0.7332456,0.7529865,0.83984417,0.73137003,0.8254405
0.6662509,0.66568136,0.666723,0.65566313,0.6655371,0.6533235,0.67850316,0.63436687,0.670608,0.6291422,0.71217453,0.6566815,0.6862835,0.6267119,0.7167266,0.82353264,0.6736627,0.7443698,0.6869476,0.94526243,0.65631855,0.8970314,0.77145004,0.6912895,0.7528899,0.6757776,0.7257727,0.78574973,0.7002252,0.76566994,0.747769,0.85543054,0.7164425,0.8230182
0.6653024,0.693684,0.6654815,0.6799536,0.66131264,0.6822922,0.6766678,0.6504289,0.66063607,0.6580237,0.71188325,0.66820353,0.6780209,0.65206146,0.7233969,0.82328075,0.669213,0.75917476,0.6919815,0.9453183,0.65721923,0.90324813,0.76840514,0.7013965,0.7447106,0.691476,0.7281834,0.80204284,0.69860613,0.7875345,0.7487883,0.85579735,0.7124409,0.82272863
0.6541781,0.71256894,0.6545859,0.69901687,0.650699,0.7004844,0.66769856,0.6651361,0.6525149,0.6704391,0.7073021,0.6817534,0.67281055,0.6580503,0.72375935,0.84073615,0.6667702,0.76207316,0.68959284,0.94768375,0.65823555,0.90228695,0.7659769,0.72725606,0.7424113,0.7129467,0.72018754,0.8348585,0.69541943,0.81727606,0.7377414,0.8750228,0.7113041,0.84315294
0.64883006,0.73481095,0.65000457,0.723791,0.6467169,0.7211181,0.6641199,0.68924737,0.64996886,0.68449306,0.70342,0.69598824,0.669771,0.6663234,0.72205657,0.8471131,0.6660573,0.7689891,0.6899451,0.94529736,0.6560351,0.9026151,0.7637974,0.7362398,0.74081326,0.7187587,0.7172677,0.85090923,0.6913102,0.82819545,0.7322168,0.88818705,0.70907515,0.85519654
0.64283603,0.745994,0.6423033,0.7360324,0.64107317,0.7325337,0.6524381,0.69839656,0.64401764,0.69171983,0.6920921,0.7055011,0.6641705,0.6712457,0.71427745,0.86346954,0.66519237,0.7775077,0.68109745,0.94202125,0.6551418,0.901916,0.7562615,0.7539335,0.73751014,0.73637694,0.7138119,0.8525874,0.69550246,0.8325896,0.72850174,0.86713946,0.71286535,0.8406965
0.6341576,0.74540544,0.63296527,0.7387502,0.6342183,0.72925204,0.64255244,0.70694876,0.6426504,0.68622386,0.68016875,0.7264164,0.669712,0.6593167,0.6932601,0.89597505,0.67049265,0.75897807,0.66059387,0.9342282,0.65861535,0.8799238,0.7487791,0.76146513,0.74183744,0.72862417,0.7003125,0.8486496,0.7002081,0.8079616,0.70881104,0.8710619,0.7087726,0.82483804
0.6332924,0.7605688,0.63172054,0.75392956,0.6325912,0.7470467,0.6398904,0.71402884,0.6446803,0.69827986,0.6729271,0.72118396,0.67518616,0.6735421,0.68185395,0.92048347,0.68383205,0.8207788,0.65337855,0.9263964,0.6582487,0.8990726,0.74523,0.7552961,0.74889374,0.73313653,0.69328076,0.85871345,0.7045343,0.82789093,0.706468,0.8902658,0.72085136,0.84944946
0.6353322,0.84299415,0.62871593,0.8425251,0.6372323,0.8421071,0.622745,0.86217934,0.64874727,0.8612983,0.6424282,0.9045029,0.680635,0.863635,0.6428494,0.8840222,0.73955053,0.77669656,0.63141006,0.82763904,0.7716951,0.69941163,0.71382946,0.8594007,0.7372789,0.84609526,0.7261803,0.77637523,0.7438577,0.7358553,0.76386166,0.7755889,0.77202106,0.7313711
0.6428077,0.89094126,0.6348244,0.88944167,0.64171445,0.8945568,0.6299114,0.92087686,0.6509809,0.9358362,0.64802736,0.9631771,0.68042886,0.94662875,0.6637186,0.91646135,0.70652837,0.8424196,0.65737253,0.83156323,0.7018946,0.77185136,0.70998687,0.88573897,0.73268336,0.8883228,0.7334625,0.7463411,0.7537425,0.75015557,0.749345,0.7714711,0.75482446,0.77894986
0.646335,0.8824634,0.6381106,0.87840885,0.64135164,0.8909916,0.63281924,0.9073361,0.64558977,0.9395377,0.65104145,0.95351356,0.68355787,0.9349012,0.6538987,0.93740433,0.7201306,0.80970913,0.6502654,0.876054,0.7421469,0.73067683,0.72143716,0.88259137,0.74150085,0.8877813,0.7271036,0.7177637,0.75070536,0.7342358,0.74889964,0.7258239,0.7533038,0.74158525
0.6418888,0.8842947,0.6363277,0.880169,0.639842,0.8862482,0.6364191,0.9025397,0.64902365,0.918727,0.651736,0.9402929,0.6834517,0.92003536,0.6569791,0.91179675,0.7043132,0.822365,0.66172147,0.8494115,0.69811153,0.774509,0.71977025,0.8716115,0.7406089,0.87376744,0.7306984,0.7207904,0.7486003,0.7269674,0.7491485,0.699064,0.7545256,0.7102735
0.63852704,0.9116697,0.6328387,0.904161,0.6343817,0.9158487,0.63431245,0.9150852,0.6421539,0.943615,0.6490339,0.943254,0.6848461,0.92708,0.6488014,0.9251973,0.70644367,0.822562,0.6536035,0.8800939,0.6992265,0.7838594,0.72648114,0.84451365,0.7493184,0.8501071,0.7301049,0.68020266,0.75040126,0.6934313,0.76132435,0.6285579,0.7622053,0.64364177
0.6348545,0.91008687,0.63108766,0.902164,0.6300155,0.91314256,0.63835615,0.91831577,0.6386483,0.9453586,0.6559098,0.95394546,0.68426555,0.9363001,0.64962244,0.9358905,0.7071089,0.8328195,0.64495987,0.90275323,0.6977372,0.800713,0.734189,0.8531341,0.7518388,0.85572946,0.73431474,0.67147255,0.7498018,0.67995876,0.7590775,0.6314012,0.7619182,0.6450382
0.6395613,0.9068638,0.6345919,0.89855325,0.63710684,0.9105257,0.6385839,0.9147112,0.6482281,0.94371533,0.6558783,0.9444214,0.6886686,0.9583437,0.6691997,0.8837137,0.72092885,0.86788684,0.68033856,0.8286995,0.7149276,0.8065819,0.72821254,0.85162216,0.7506361,0.86677355,0.73338217,0.6655529,0.7499523,0.6834886,0.76226443,0.6326583,0.767065,0.6518401
0.64108264,0.90269893,0.6368152,0.8950341,0.6394338,0.9088362,0.64448875,0.9054,0.6533194,0.9370361,0.6683365,0.926931,0.6935089,0.9322534,0.66426957,0.877638,0.7188293,0.8551089,0.65599936,0.8193301,0.7073306,0.8235979,0.73860335,0.82453525,0.7555873,0.8299743,0.7284996,0.64764965,0.74360925,0.6434969,0.7724998,0.59387475,0.7758368,0.58502215
0.6388261,0.92933166,0.63240904,0.9129673,0.63151914,0.93646705,0.63791037,0.9144581,0.63792956,0.9705119,0.6669148,0.9347269,0.686257,0.9714742,0.69304246,0.8863988,0.7294778,0.9030134,0.6942408,0.82217413,0.71963906,0.82528025,0.7409487,0.7825749,0.7565288,0.8032718,0.7360615,0.6477379,0.7525304,0.6672487,0.78318113,0.5688319,0.781125,0.57771677
0.74661434,0.7610747,0.74468845,0.75701004,0.74708974,0.7588686,0.73443836,0.7435968,0.7508988,0.74634117,0.73250663,0.70883656,0.7532848,0.71057844,0.7593791,0.6428312,0.7872923,0.64262176,0.80387163,0.5641045,0.8069857,0.5527394,0.73165864,0.6790327,0.74265593,0.6830675,0.76701516,0.75819236,0.77462304,0.75901335,0.77224445,0.8116201,0.7784493,0.81331766
0.62925464,0.9348597,0.62951076,0.9225467,0.62866986,0.9285713,0.64015716,0.928452,0.6399697,0.9412591,0.65988845,0.94292253,0.6648505,0.96636444,0.6764495,0.88267255,0.67581934,0.91918623,0.6414352,0.85819376,0.6490046,0.8738534,0.7190338,0.9192911,0.718618,0.9340801,0.7249571,0.87642753,0.7246145,0.8906547,0.7579186,0.8085221,0.7551312,0.81878215
0.64022034,0.92228174,0.6374714,0.91894007,0.6384752,0.9202312,0.64466536,0.93667966,0.6488856,0.94366217,0.65820324,0.95489,0.6805262,0.9537305,0.66070837,0.9026434,0.6947755,0.88819635,0.6345541,0.85020095,0.6648112,0.82844895,0.71575165,0.89275545,0.7305255,0.8980722,0.74818605,0.8096629,0.76025593,0.81898075,0.74010754,0.8863516,0.7510043,0.90956944
0.6364874,0.92131054,0.63313276,0.9140825,0.6323287,0.9248138,0.6408339,0.92616326,0.6413819,0.95307755,0.661406,0.93511915,0.683393,0.9603239,0.6720941,0.86903816,0.7200572,0.8857256,0.6498162,0.8388114,0.71092,0.8385612,0.73539144,0.86292833,0.7490713,0.8789768,0.7402864,0.7555299,0.7518984,0.7720295,0.7585505,0.79574186,0.7672319,0.8069826
0.6443741,0.9268345,0.64101255,0.92013466,0.6415574,0.92847174,0.6481711,0.9272397,0.6504235,0.94811755,0.67109054,0.9306826,0.6861742,0.944326,0.67589444,0.87348765,0.7023346,0.8621454,0.6470105,0.8254881,0.6801564,0.7934872,0.74437904,0.8630485,0.7539814,0.8724791,0.7392483,0.76215684,0.7480363,0.77136767,0.7539503,0.79666054,0.76072377,0.8006761
0.6439081,0.94063663,0.63905334,0.92651546,0.63963413,0.94741315,0.6461155,0.91265965,0.6474564,0.96022916,0.6811835,0.88763624,0.6853004,0.95543945,0.6951995,0.82980436,0.6978276,0.91864336,0.6629991,0.8076335,0.6643618,0.81891125,0.7691866,0.8313739,0.7732799,0.86181647,0.73850363,0.6954629,0.7433321,0.73136497,0.7746524,0.73441726,0.77847415,0.75474656
0.645992,0.9409278,0.64390963,0.9329941,0.64422125,0.9451949,0.6561909,0.9245862,0.6545338,0.95112234,0.688595,0.9069538,0.69205827,0.93023384,0.69461554,0.8537312,0.71610445,0.8584552,0.66175747,0.8321465,0.7080062,0.7943522,0.7664885,0.859217,0.7674884,0.86896634,0.7296774,0.720961,0.7332679,0.7346852,0.7576392,0.7587831,0.7666325,0.77014047
0.6510975,0.9510909,0.646105,0.93913925,0.64671177,0.95886564,0.6534752,0.93124026,0.6539443,0.9780145,0.6870348,0.9167746,0.6922327,0.9638098,0.6979288,0.8301449,0.71488315,0.87271833,0.6764073,0.80337733,0.7030563,0.79784864,0.7662591,0.8602061,0.7703109,0.88152695,0.74189603,0.7022755,0.75029576,0.7191497,0.77392787,0.75298935,0.78289783,0.7527524
0.662422,0.93451005,0.6593517,0.92732155,0.6593818,0.9408297,0.67021745,0.9399635,0.6707927,0.97359,0.69301486,0.9461555,0.7077429,0.9806947,0.70486444,0.891538,0.73692626,0.94100064,0.68590415,0.77399665,0.7259652,0.8250794,0.7456891,0.890505,0.75457776,0.9067438,0.7525946,0.71962696,0.76084495,0.7401261,0.763908,0.7614298,0.7698075,0.7836327
0.6637363,0.9377835,0.6584677,0.927333,0.6606862,0.94208723,0.6651513,0.9341553,0.6730181,0.96776354,0.6896179,0.9404988,0.7181422,0.9667716,0.71347064,0.87879145,0.7709571,0.9038005,0.7062995,0.8558838,0.76491064,0.85681444,0.752596,0.8829929,0.77123034,0.89500856,0.74813265,0.717435,0.76375353,0.72577864,0.7698382,0.84154403,0.78281546,0.8488012
0.70371884,0.89950037,0.6987683,0.89623994,0.70447934,0.90509003,0.7020411,0.91209084,0.7165984,0.93209803,0.7155735,0.9124071,0.7409177,0.92750424,0.7194986,0.8565027,0.7734617,0.87633175,0.70272565,0.7992506,0.7731248,0.84493834,0.7514947,0.86996275,0.7670266,0.87855583,0.7539876,0.715631,0.7657744,0.7252432,0.7763694,0.8212816,0.78181833,0.83124804
0.7424292,0.85471207,0.7377811,0.85180753,0.74409026,0.85490906,0.7342324,0.8791076,0.75272673,0.8873276,0.7337727,0.90991634,0.7620959,0.910344,0.72268116,0.88358384,0.7731917,0.88350517,0.69727916,0.779628,0.75995034,0.82439446,0.7450773,0.87586,0.76339,0.8794379,0.76629066,0.7482673,0.7814689,0.75884527,0.7700298,0.82317066,0.77704614,0.8441429
0.7441314,0.87501466,0.73759717,0.8720332,0.74598366,0.87735796,0.73018837,0.8978566,0.7535698,0.91117215,0.72950524,0.9254638,0.76203674,0.9202861,0.7272112,0.8442641,0.77325577,0.8194798,0.7173472,0.7881473,0.7667699,0.809118,0.738702,0.877701,0.7612341,0.8799864,0.76025575,0.72767025,0.77972525,0.7356789,0.77339345,0.8336314,0.77852625,0.8483413
0.7436041,0.82652175,0.73536545,0.818295,0.745061,0.82582724,0.7256032,0.8406368,0.7529648,0.8605334,0.726196,0.88106215,0.763915,0.8745956,0.7166884,0.83674675,0.7679186,0.8026143,0.7118916,0.77063364,0.75669175,0.7985819,0.7456005,0.87098134,0.7718935,0.87398267,0.7622984,0.67414886,0.7891655,0.68155116,0.7730828,0.8584104,0.7836165,0.8707492
0.74419904,0.78368837,0.7359237,0.77025664,0.74755204,0.7791826,0.73706096,0.7794383,0.76564264,0.8002602,0.7512585,0.817834,0.78885454,0.8097869,0.73759747,0.8202116,0.8124706,0.77367747,0.720648,0.8066937,0.81016797,0.7984714,0.7748579,0.85467094,0.7995475,0.84889436,0.7555314,0.6693832,0.7813277,0.6648087,0.7558049,0.8830558,0.76974195,0.8810672
0.7604807,0.7717302,0.7524017,0.7598596,0.76085734,0.76869744,0.7479965,0.76864606,0.76681226,0.7918394,0.75952995,0.790018,0.77733725,0.7978318,0.7553126,0.78112084,0.7892644,0.77611977,0.74733746,0.8604101,0.7883647,0.86269027,0.77384514,0.8141471,0.78720134,0.8159549,0.7673523,0.6637251,0.7887172,0.66203845,0.75481033,0.8960917,0.77613115,0.8869055
0.76356274,0.80372,0.7565765,0.8007342,0.7645777,0.80714566,0.7496523,0.8224666,0.77079463,0.8391144,0.7552109,0.83321863,0.7833604,0.8377199,0.7566006,0.7883443,0.7988155,0.78873575,0.7576104,0.8763525,0.7981805,0.8833631,0.7685811,0.84492075,0.7883732,0.84717584,0.7733681,0.6735265,0.797989,0.67724377,0.7628287,0.8843308,0.78950125,0.88779557
0.7635486,0.81685734,0.75434804,0.80647224,0.76027524,0.819768,0.74308425,0.8263938,0.7603622,0.8611861,0.7477388,0.8557046,0.7800941,0.8654409,0.7517939,0.81364214,0.8005231,0.8036018,0.76068765,0.8855322,0.7976022,0.8930915,0.7634751,0.8434274,0.787366,0.84910405,0.76967305,0.6991674,0.8014826,0.70698225,0.76157135,0.87972087,0.7864602,0.8820128
0.7635795,0.8113143,0.7550648,0.79528916,0.76284575,0.8061728,0.7477805,0.80694664,0.76843524,0.83463216,0.75313634,0.84896004,0.78444844,0.8533359,0.75566006,0.8424988,0.8033328,0.82146657,0.7688015,0.92540437,0.80093825,0.9122294,0.76581854,0.8399422,0.7888413,0.8431982,0.76929104,0.6978956,0.79503983,0.7032456,0.761949,0.8791994,0.7780367,0.8825654
0.76678765,0.79985625,0.75742453,0.785007,0.7623809,0.7984991,0.748944,0.797559,0.7613496,0.8337491,0.75795764,0.8311811,0.7821049,0.835781,0.75954676,0.8343365,0.80179226,0.81052196,0.7674335,0.9360271,0.795585,0.9252609,0.7757811,0.8363853,0.7938884,0.83885396,0.7789747,0.6888242,0.80599606,0.69248074,0.759987,0.8978695,0.781542,0.8950578
0.76909685,0.78828156,0.7603366,0.77360225,0.7656513,0.7859113,0.75266224,0.786999,0.76683617,0.82027084,0.7593475,0.82481545,0.7861232,0.824853,0.753974,0.8366657,0.8010585,0.80775154,0.76064694,0.9266982,0.79198253,0.92384255,0.7742965,0.83822435,0.7938275,0.83903164,0.78038776,0.6890504,0.80724853,0.69175535,0.7619194,0.892736,0.78228563,0.89267486
0.75123084,0.8120883,0.7417557,0.8002303,0.7490015,0.8130325,0.73038715,0.82089454,0.7541248,0.85495204,0.73100543,0.8687821,0.7807161,0.8602383,0.71712804,0.85451764,0.799982,0.80777967,0.72629356,0.8657651,0.79386663,0.88693935,0.7549011,0.85905635,0.7893247,0.8583822,0.76429665,0.7179528,0.80626816,0.71857,0.7626776,0.8706882,0.7897601,0.8721044
0.7642932,0.79715365,0.7545561,0.7833354,0.7617166,0.79589283,0.742439,0.801371,0.7658053,0.83508193,0.74212307,0.8451929,0.7915748,0.8369831,0.72878623,0.8505986,0.80915624,0.802703,0.73785424,0.8964834,0.7986629,0.89955354,0.762154,0.83356947,0.79702526,0.8319912,0.76918757,0.71918315,0.81320333,0.7185436,0.7592634,0.87832767,0.7923104,0.8763012
0.7631326,0.82889295,0.75337046,0.81577903,0.7625599,0.82685846,0.739918,0.8345158,0.77065706,0.86294305,0.73332393,0.87634665,0.79461974,0.86543494,0.7129596,0.8829349,0.80736285,0.8317891,0.7250969,0.873203,0.7928938,0.89297235,0.7519865,0.83677286,0.7943311,0.83488435,0.7513922,0.76279974,0.7999286,0.76089823,0.75128907,0.87778634,0.78494173,0.8740886
0.76581305,0.8344446,0.7571557,0.8235991,0.7659812,0.83241147,0.743742,0.8465934,0.77376896,0.87019163,0.7339155,0.89680654,0.7927744,0.8824476,0.7078856,0.8996777,0.79893285,0.8445273,0.7175808,0.8672653,0.7858393,0.8865796,0.7471604,0.86020523,0.78843397,0.8571619,0.74882644,0.8002687,0.79808295,0.7970842,0.7495404,0.871564,0.785932,0.8687529
0.7726322,0.8384002,0.7658155,0.83059585,0.7735288,0.83707935,0.75339365,0.85668975,0.7790009,0.87431306,0.7438619,0.9056865,0.7935187,0.8915204,0.7267045,0.87829876,0.8080538,0.83090854,0.73367876,0.88563,0.8108298,0.8918184,0.7516912,0.8653378,0.7864298,0.86296654,0.7651503,0.7767023,0.80157584,0.7780108,0.7722575,0.8706833,0.7953419,0.88121504
0.8013096,0.8695889,0.79622585,0.8627835,0.80470514,0.8643518,0.778572,0.87700754,0.805613,0.88223714,0.7607392,0.9080033,0.79767704,0.9013394,0.7562713,0.88792235,0.80773544,0.86718696,0.76705235,0.9302889,0.81869316,0.9271739,0.7392039,0.89440364,0.7660468,0.8957045,0.77117884,0.7888099,0.7992601,0.7928318,0.7765809,0.881039,0.7999169,0.89326394
0.8219638,0.9172167,0.81727713,0.9118646,0.82505625,0.91155523,0.79449767,0.91717863,0.81778955,0.91813004,0.7689859,0.9242808,0.79994863,0.92047375,0.7834849,0.8614639,0.8101058,0.84843343,0.8129738,0.9444535,0.8292565,0.9398184,0.7289592,0.90513664,0.7518494,0.9085764,0.7683394,0.81053925,0.79183084,0.82093275,0.7720217,0.87748754,0.79022264,0.8925466
0.8158607,0.8347678,0.80981964,0.82847124,0.81564885,0.835404,0.7936499,0.8529449,0.8133076,0.8698053,0.78135455,0.8876956,0.8168734,0.87776357,0.78910524,0.8420202,0.83663243,0.8064054,0.8123008,0.93634915,0.8426507,0.9294499,0.7628574,0.8728336,0.78920674,0.8692008,0.7693605,0.76625955,0.80152553,0.7681729,0.7743009,0.8804242,0.8027019,0.88948166
0.7769364,0.7872369,0.77129525,0.7814027,0.77732766,0.78739876,0.76379275,0.81029963,0.7820156,0.8243936,0.7606665,0.850346,0.795091,0.8389936,0.750404,0.8288325,0.831576,0.7838013,0.75114864,0.90283436,0.8454048,0.8626937,0.7644551,0.86155486,0.786471,0.85764223,0.7687115,0.73769945,0.7920613,0.7323916,0.7707472,0.87635064,0.7918801,0.87375325
0.89343137,0.32350487,0.9013851,0.30691206,0.8921446,0.3092714,0.92110187,0.31637555,0.89698833,0.31845245,0.9301681,0.41154596,0.9000277,0.40341493,0.91533387,0.5418566,0.8782156,0.51177275,0.8660904,0.57253367,0.85637647,0.56845623,0.90872824,0.61858124,0.88907653,0.598965,0.8323558,0.66860414,0.81771463,0.65234226,0.8461353,0.87090796,0.8370406,0.84646
0.892122,0.32596198,0.8998093,0.30928192,0.8911409,0.31176716,0.91953117,0.31723857,0.89682496,0.3195738,0.92914504,0.4107064,0.9001223,0.40311673,0.9147054,0.5408233,0.8781902,0.51250947,0.8662019,0.5721232,0.85642856,0.56895846,0.9082241,0.6191161,0.8893737,0.599702,0.83195764,0.6688941,0.8181189,0.65245324,0.8460432,0.871905,0.83714336,0.8462128
0.8911787,0.32775626,0.89873475,0.31098005,0.8903006,0.31365857,0.9185886,0.3182564,0.8963448,0.32105574,0.9286923,0.41101998,0.89982265,0.40362018,0.91423,0.54100037,0.8776192,0.51264083,0.8658914,0.5720967,0.8560341,0.56893754,0.9081839,0.6197912,0.88943976,0.600455,0.83204395,0.66824496,0.8183264,0.6519697,0.845778,0.87153876,0.83673745,0.8460287
0.889903,0.3286236,0.89755565,0.31165588,0.8889167,0.31445432,0.9176783,0.31847775,0.8948807,0.32157886,0.9279787,0.41107574,0.8990275,0.40429437,0.9140369,0.5409175,0.8772923,0.5132866,0.86621237,0.5719715,0.8556598,0.5693521,0.9084042,0.6207098,0.8895957,0.60171056,0.83194286,0.6679856,0.81807536,0.6525045,0.8459129,0.87208533,0.83675414,0.84752846
0.88865227,0.32993692,0.89618695,0.31247464,0.8875038,0.31579742,0.91652197,0.318287,0.89370537,0.3227521,0.92752117,0.41091534,0.898838,0.40511608,0.9138819,0.5410817,0.8773859,0.51427346,0.8657101,0.57158065,0.8552829,0.569371,0.9085733,0.6211111,0.8899909,0.60228235,0.83197224,0.6675783,0.8184978,0.65185076,0.8456818,0.87218106,0.83665305,0.84651494
0.88763237,0.33397922,0.89494365,0.31564662,0.8859839,0.3196595,0.91492987,0.31799406,0.89192194,0.32441002,0.9267489,0.4085332,0.898465,0.4047655,0.9139234,0.53966,0.877788,0.51511115,0.8655142,0.57122636,0.8547088,0.5696964,0.90927166,0.6212967,0.8910654,0.6031882,0.8321617,0.6675535,0.8194128,0.6523854,0.8451559,0.8727443,0.83651495,0.84655464
0.8866105,0.33549833,0.8940267,0.3171096,0.8844637,0.32116783,0.91371316,0.3192303,0.88933945,0.32616267,0.9255975,0.409116,0.8962042,0.4065072,0.9142615,0.53878033,0.8767295,0.516231,0.8660205,0.57064885,0.8544523,0.5703405,0.9084124,0.61908674,0.88952714,0.60147685,0.83261174,0.6683994,0.8195839,0.65314907,0.8447815,0.8732464,0.836565,0.84658635
0.88513005,0.3354924,0.8925805,0.31725717,0.88325447,0.32130966,0.91273767,0.32066008,0.8887022,0.32753062,0.9251213,0.41149744,0.8957359,0.40909046,0.914272,0.54028505,0.87598926,0.5174797,0.8649561,0.5710523,0.853316,0.5695233,0.90799826,0.62114114,0.88910294,0.60351306,0.8326395,0.6673977,0.8192896,0.6527925,0.8450206,0.8733924,0.83649105,0.84785247
0.8830766,0.34074688,0.8900223,0.3222219,0.8813907,0.32670262,0.9098967,0.32267606,0.8877968,0.3307103,0.9239904,0.41033676,0.89561194,0.40929776,0.9144937,0.53916526,0.8758109,0.5178256,0.8648205,0.5716156,0.8526198,0.56839997,0.9084415,0.6222994,0.8904298,0.6050561,0.83274347,0.6665764,0.82072526,0.65197104,0.8445817,0.8739248,0.8369775,0.84682953
0.8808388,0.3425994,0.8874081,0.32412162,0.8793112,0.3288444,0.9071323,0.32412976,0.8864326,0.33279237,0.9225783,0.4106943,0.89490604,0.4096256,0.9142055,0.5406597,0.87529004,0.5187893,0.8647928,0.5710607,0.85276383,0.5670923,0.90854484,0.62076586,0.8910721,0.6033998,0.8325278,0.6641715,0.82128954,0.6487904,0.84412205,0.87290955,0.8368009,0.84375757
0.8787368,0.34516615,0.8846752,0.3255941,0.87705576,0.33130574,0.90412897,0.3220044,0.88528186,0.33302435,0.9211386,0.40811077,0.89559376,0.40686452,0.9123069,0.54382885,0.87560385,0.5191716,0.862863,0.5716262,0.85159475,0.5655613,0.9095387,0.62278056,0.89355373,0.60524267,0.83221734,0.6620897,0.8227601,0.64544654,0.84418947,0.8747457,0.8366383,0.8418769
0.8768509,0.34775448,0.8829442,0.3273263,0.8739936,0.33414286,0.9020017,0.32171977,0.87991375,0.33589348,0.92023957,0.4068562,0.89075863,0.40817645,0.9130381,0.54280794,0.871713,0.51693285,0.86149246,0.5754826,0.84754246,0.56613153,0.90985745,0.6210607,0.8912263,0.60449046,0.83278906,0.65876085,0.8207504,0.6429552,0.844809,0.8738375,0.83556175,0.8421803
0.87396854,0.34863982,0.8801574,0.32815957,0.8709647,0.33456194,0.8996075,0.32193983,0.8769442,0.33514228,0.91757786,0.40771782,0.8893811,0.40703967,0.9089369,0.5459868,0.8704966,0.51703686,0.8595797,0.5758451,0.8464555,0.56528395,0.9107364,0.6206404,0.89281493,0.6037236,0.8331478,0.65610427,0.82166165,0.6394477,0.8446116,0.872789,0.8354168,0.84017533
0.871918,0.35431647,0.8777666,0.33378214,0.86896336,0.34052438,0.8968115,0.32400376,0.87492484,0.3382862,0.9165924,0.40500462,0.88695204,0.40549132,0.90860933,0.54428875,0.8673051,0.5159836,0.85742235,0.57742184,0.8434467,0.5669984,0.91102314,0.61847156,0.8921506,0.6017365,0.83315593,0.6525203,0.82042944,0.6351872,0.84470886,0.8730062,0.8341244,0.83918256
0.8686142,0.35707158,0.8742021,0.336629,0.8659784,0.34371728,0.89379483,0.32710916,0.87301,0.34215596,0.91404676,0.4071254,0.88572854,0.4081856,0.9040025,0.5456794,0.86579126,0.5195059,0.8541593,0.57818747,0.8438918,0.5678053,0.9101335,0.6173404,0.89201957,0.60097116,0.8320169,0.6543433,0.8207815,0.63571614,0.8439793,0.8763514,0.83423835,0.83851546
0.864333,0.36007872,0.8696608,0.33924556,0.86150235,0.34656674,0.8891717,0.32819596,0.8688721,0.3440709,0.9113752,0.4076773,0.8829032,0.40936083,0.9004472,0.5500472,0.86378163,0.52373785,0.8477685,0.5818481,0.8403538,0.5686156,0.9103341,0.6208729,0.89204615,0.60411143,0.831675,0.6512785,0.81997263,0.6293929,0.84278005,0.8758926,0.8329094,0.8324239
0.86128014,0.3610779,0.8666052,0.34071523,0.8580718,0.347639,0.8856897,0.33053288,0.86447966,0.3457837,0.90874016,0.40876716,0.87920773,0.41091165,0.8983722,0.54908234,0.86081314,0.52315843,0.84337616,0.58541286,0.83674395,0.57100075,0.9109624,0.617204,0.891894,0.60068285,0.8324531,0.65454584,0.82003653,0.6325679,0.8416942,0.8772257,0.8322196,0.83390725
0.85683423,0.36338624,0.86208075,0.3430279,0.85341233,0.3501898,0.88112897,0.33375013,0.85953,0.34970105,0.9047036,0.41211784,0.8748503,0.41593567,0.8939466,0.5501234,0.8559554,0.52583295,0.8406059,0.58590865,0.8317645,0.5674449,0.9102812,0.617036,0.8909504,0.6021755,0.8336261,0.65350974,0.821029,0.63357574,0.84238815,0.87349886,0.83263487,0.832371
0.85168,0.37236345,0.8560735,0.35000974,0.84888333,0.3585575,0.876081,0.33793002,0.8575627,0.35496312,0.903107,0.41572222,0.87319463,0.414496,0.8924953,0.54896224,0.8540145,0.5224193,0.8420896,0.5970925,0.8288277,0.5718437,0.9113656,0.6229071,0.8907493,0.6064795,0.83577234,0.6476265,0.8244608,0.6287262,0.8430316,0.8654554,0.833821,0.8314671
0.8470964,0.38222516,0.8518885,0.3614941,0.8447663,0.3690232,0.8703155,0.34599817,0.8521944,0.3610437,0.8945063,0.4116549,0.86641693,0.41659373,0.88591254,0.5509781,0.8452883,0.5216798,0.8337278,0.6016106,0.8218733,0.5754935,0.9077329,0.6131775,0.88934463,0.6025457,0.8337106,0.65057963,0.82240933,0.6449368,0.8447887,0.8511878,0.8390549,0.83254576
0.84221375,0.38329253,0.8458689,0.36354434,0.8403778,0.37203133,0.8645895,0.3495522,0.85008174,0.3670795,0.89179325,0.41584024,0.86397904,0.42036384,0.8811433,0.54570925,0.84331656,0.522262,0.83119315,0.60386974,0.8211258,0.5737179,0.90553534,0.6182181,0.8879232,0.6066373,0.83388567,0.6607515,0.82424587,0.6485418,0.8459051,0.85876364,0.8392339,0.8288139
0.83769983,0.39340052,0.84156317,0.37313688,0.83505887,0.3823487,0.86049473,0.35506448,0.8432421,0.3745438,0.8878216,0.41526103,0.8584021,0.42472586,0.87959045,0.5452387,0.84123296,0.5314455,0.830183,0.60594803,0.8193992,0.58464277,0.9039324,0.6139314,0.8852369,0.6049718,0.8327095,0.6604605,0.82271355,0.651327,0.8460844,0.85452694,0.84137934,0.8276674
0.83366555,0.39720795,0.8372798,0.37653798,0.8303024,0.38671806,0.8556413,0.35707918,0.8374772,0.37902415,0.8841615,0.41697773,0.8535501,0.4273104,0.87837535,0.54639935,0.836784,0.5306763,0.8291354,0.61298037,0.81511134,0.59115833,0.90371305,0.61121154,0.88468885,0.6035991,0.83333033,0.66719824,0.8261941,0.6590231,0.84879297,0.8559453,0.84842485,0.8292834
0.8269252,0.3995755,0.83043283,0.38254538,0.8242715,0.3863463,0.84780896,0.370548,0.8297534,0.37755015,0.87895745,0.42154726,0.8454262,0.417858,0.87838835,0.5627651,0.8378256,0.53900254,0.83695567,0.62803525,0.81266683,0.6079754,0.90852624,0.6015542,0.88554806,0.59234506,0.8294215,0.65657395,0.82213897,0.6451022,0.8474636,0.8472478,0.852594,0.82460356
0.82227373,0.40712675,0.82561153,0.38950038,0.81923467,0.3936995,0.84276456,0.37477815,0.8246307,0.3829784,0.8745515,0.42338824,0.8412213,0.42225268,0.87563354,0.56598854,0.83572406,0.54563123,0.8326421,0.6377113,0.8105151,0.61531574,0.9065529,0.6012189,0.88373226,0.59405315,0.83085024,0.6584268,0.82371056,0.64922076,0.8487634,0.8466958,0.8533894,0.82664007
0.8185806,0.4243917,0.82152456,0.40548488,0.815559,0.41471994,0.8373014,0.3791096,0.82254326,0.4006189,0.8707515,0.42476806,0.8394634,0.44107655,0.87494147,0.56109446,0.8233677,0.5472396,0.82629234,0.6452496,0.8061175,0.62255865,0.9016864,0.6049331,0.88297623,0.6017179,0.8307648,0.6770952,0.82526296,0.67485636,0.850568,0.85187185,0.8525675,0.8294374
0.81395066,0.4277229,0.8176082,0.40874574,0.8096642,0.4180259,0.8344995,0.38352543,0.8141804,0.40504616,0.86466736,0.43157816,0.8336488,0.44606778,0.8644005,0.56984687,0.81873465,0.5517853,0.8218905,0.660986,0.8019479,0.63306487,0.9003176,0.5979484,0.88145256,0.59589857,0.83037233,0.6799311,0.8261507,0.6791292,0.8488582,0.8513926,0.853836,0.83223456
0.8053078,0.4273555,0.8086239,0.41030425,0.8027212,0.4167356,0.82648623,0.39011914,0.8100687,0.40231302,0.8561668,0.4419172,0.8301547,0.44126678,0.8537774,0.5832782,0.81661284,0.55383945,0.81826603,0.6721415,0.8043977,0.63790834,0.8974566,0.5924278,0.8807791,0.5855632,0.8286002,0.68287396,0.82517,0.6745882,0.84927577,0.8565909,0.85362715,0.8312337
0.8014798,0.4344913,0.80419654,0.41693473,0.79888904,0.42421478,0.82149184,0.3961152,0.80629474,0.41038927,0.85253125,0.44761673,0.82575667,0.44745612,0.8487158,0.5962594,0.81108534,0.56743705,0.81357586,0.68242764,0.8021167,0.6498433,0.8960902,0.59111613,0.8784918,0.58517957,0.82868093,0.68214613,0.82383484,0.67466384,0.8502402,0.8546555,0.8510956,0.82949203
0.79495203,0.43942752,0.7978875,0.42156988,0.79161054,0.42950788,0.8150075,0.40360957,0.7972581,0.41914678,0.8445984,0.45554695,0.8194872,0.45957193,0.84404176,0.5979063,0.808379,0.5764881,0.8119957,0.69092464,0.8005792,0.6595885,0.8930928,0.5852099,0.87586683,0.58285743,0.8290969,0.6814363,0.82289535,0.6818052,0.85207474,0.8528229,0.8502245,0.83825606
0.7908291,0.46234274,0.7921724,0.44260135,0.7875721,0.45325518,0.8081972,0.4152328,0.7949505,0.43752673,0.84090835,0.45807546,0.8194234,0.46343896,0.8428155,0.60072684,0.8083375,0.5735967,0.8128087,0.71041495,0.7975155,0.6632031,0.89310664,0.5850385,0.879144,0.5833172,0.8248963,0.67672884,0.82362235,0.6827692,0.850258,0.8489974,0.84923077,0.84162575
0.7850662,0.46657863,0.78622645,0.45145512,0.7823899,0.45696643,0.79984576,0.4305242,0.7898463,0.4423834,0.83205396,0.4682559,0.81445503,0.47150275,0.8382826,0.6035233,0.8041645,0.57795084,0.80747235,0.7081191,0.7903163,0.67881125,0.89103574,0.57796204,0.87994623,0.57590604,0.82997435,0.6933981,0.8278298,0.69128484,0.8496957,0.85410476,0.84765816,0.8321479
0.7802815,0.47930384,0.78085047,0.4621031,0.7770329,0.46988732,0.7941911,0.4378918,0.78193486,0.453028,0.82603216,0.4758583,0.810464,0.47662336,0.83482665,0.61401075,0.8011436,0.58093977,0.80690175,0.71713316,0.7894636,0.68653697,0.88963807,0.5714808,0.8790149,0.57045305,0.82577723,0.6845859,0.8285314,0.68728375,0.8507102,0.8552072,0.8516485,0.83814174
0.77732784,0.49900058,0.77799636,0.47912043,0.7734628,0.48921862,0.79283035,0.45061302,0.7794402,0.47270626,0.82613915,0.48269716,0.80735505,0.4884536,0.8371952,0.62225956,0.7993364,0.5895171,0.8085505,0.7370615,0.7854499,0.69535655,0.88840675,0.5693996,0.87712544,0.56983924,0.82404864,0.672669,0.8243783,0.6839816,0.850697,0.8436628,0.85070103,0.84000343
0.77386546,0.5039299,0.7749303,0.48536104,0.769854,0.4942373,0.79029334,0.45635745,0.7731833,0.47440836,0.8224943,0.48922464,0.80293316,0.49112198,0.83104306,0.6367915,0.79264456,0.6040291,0.8037082,0.7360036,0.78255075,0.7063782,0.8889765,0.5639622,0.8753218,0.56424767,0.8248644,0.6752766,0.825964,0.6804135,0.85217285,0.8541949,0.85300034,0.8408336
0.76903933,0.5047421,0.77107364,0.48693314,0.7643351,0.4947236,0.78726834,0.46392527,0.7676481,0.481886,0.81796235,0.4981978,0.7973526,0.5048725,0.82733965,0.6401033,0.7884318,0.61722094,0.7993481,0.75176674,0.77755857,0.71492887,0.8864376,0.55514485,0.8732771,0.5567079,0.8239646,0.68151975,0.82473755,0.6882196,0.8508541,0.84940624,0.8557194,0.83661515
0.7671064,0.5168319,0.76848537,0.4999589,0.7623793,0.50640845,0.7835948,0.4736015,0.7649677,0.48940355,0.8145593,0.5031713,0.7932077,0.50250834,0.82235974,0.6526121,0.7837253,0.61889905,0.7930667,0.7695678,0.77451724,0.73199064,0.88219994,0.550175,0.8683506,0.54841477,0.8240987,0.68788075,0.8243349,0.68615997,0.84939235,0.85414016,0.8527793,0.829534
0.76536626,0.5233435,0.7661863,0.50649405,0.7606321,0.51366633,0.77993387,0.47926167,0.7620309,0.4968962,0.81093305,0.50504464,0.7874061,0.50839007,0.8187319,0.6514865,0.7775957,0.6254753,0.78795856,0.7818094,0.769139,0.75162894,0.8769075,0.5506189,0.8611256,0.55114335,0.82314664,0.6888132,0.8186413,0.6891438,0.85107154,0.84939224,0.84723204,0.82498646
0.7613405,0.5352093,0.7624283,0.5196374,0.75720966,0.5249713,0.7758359,0.49153483,0.7585119,0.50430137,0.80573696,0.5151872,0.7823056,0.51111406,0.812195,0.6696925,0.77177066,0.6306412,0.784757,0.7995127,0.7626998,0.760502,0.87333184,0.5558898,0.85724634,0.55454534,0.82079095,0.6945317,0.81306237,0.693646,0.8533558,0.84180534,0.8446774,0.81955504
0.7582499,0.5402938,0.7605147,0.5237134,0.7532802,0.5286993,0.77491885,0.4991535,0.7517728,0.51092553,0.80386204,0.5266454,0.77411765,0.5237527,0.8096488,0.68566006,0.7637446,0.6488312,0.7796004,0.8147728,0.7565851,0.776835,0.871926,0.5566273,0.8512193,0.556556,0.8222119,0.69854736,0.80828744,0.6980465,0.85815394,0.84450626,0.844388,0.8225912
0.757212,0.55700487,0.7586492,0.5398195,0.75208336,0.5471714,0.7717704,0.51246876,0.7500425,0.5293336,0.80035204,0.535817,0.77151215,0.5377565,0.8079241,0.69271976,0.7600536,0.6590909,0.77508634,0.82470185,0.7501054,0.78720766,0.86731464,0.5607569,0.84775203,0.56400836,0.81864256,0.70401895,0.8097138,0.7100061,0.8593448,0.84496796,0.8510286,0.82906765
0.7518763,0.571341,0.7536371,0.55320776,0.7470852,0.5627172,0.76803225,0.52037805,0.7453781,0.540123,0.79815835,0.5383092,0.767318,0.54781383,0.80552816,0.71268207,0.7555542,0.6849268,0.76958936,0.82562727,0.74442405,0.8057532,0.86788267,0.5708025,0.8471056,0.5799125,0.8165409,0.70565075,0.8091919,0.72196114,0.8641496,0.8535686,0.85652065,0.8520955
0.746524,0.5786478,0.7477172,0.5604335,0.7420697,0.5707722,0.7611076,0.52938545,0.7406644,0.55036026,0.7908348,0.5475346,0.7634967,0.5591684,0.797559,0.7266796,0.7503736,0.70247585,0.763691,0.85098815,0.7358115,0.82767224,0.86420375,0.5661922,0.844748,0.57676643,0.81303436,0.6999737,0.80178875,0.718703,0.86496514,0.8469984,0.8481595,0.84818566
0.74369854,0.5920206,0.74467987,0.57365763,0.7397416,0.58369285,0.757523,0.53888285,0.7390062,0.5585246,0.7861193,0.55495405,0.76138306,0.56296563,0.78670645,0.7446655,0.7446553,0.71373475,0.754012,0.87526345,0.7259331,0.84758633,0.86217874,0.5709071,0.84369004,0.580391,0.80824006,0.7025404,0.7931353,0.72097933,0.8640685,0.844862,0.83856994,0.8479512
0.74432373,0.594926,0.74468195,0.5738461,0.73862,0.58688766,0.75486267,0.5416355,0.73323673,0.5690489,0.78049874,0.5661548,0.7543537,0.58583504,0.77838945,0.75245816,0.73518795,0.7417168,0.7455961,0.88531303,0.71281934,0.8763563,0.8542016,0.5845945,0.834238,0.59978694,0.8059001,0.7145306,0.7865812,0.73896474,0.8639313,0.85284865,0.82858676,0.8579552
0.74010146,0.62071604,0.7411506,0.6006665,0.7347815,0.6121876,0.751889,0.5672655,0.7281177,0.5911113,0.7774437,0.5850442,0.7417409,0.60718584,0.7753556,0.760127,0.7247132,0.75853735,0.7316759,0.91623527,0.70285225,0.89923203,0.84514093,0.60512984,0.81799823,0.62195736,0.8061272,0.7284419,0.773628,0.7581153,0.8671834,0.83033687,0.8234647,0.84501576
0.733031,0.64175487,0.73456603,0.6237042,0.7291819,0.6330778,0.7457595,0.5926623,0.7251912,0.6106392,0.77135074,0.60985935,0.73629594,0.6266452,0.76748616,0.78215486,0.7176045,0.7756712,0.7234838,0.93903255,0.6926157,0.915088,0.83745736,0.6276031,0.8108074,0.6421429,0.80200636,0.7460531,0.76895446,0.7724391,0.8616256,0.8362398,0.8211012,0.8547422
0.7221948,0.66762424,0.7251406,0.6528183,0.71931785,0.65712357,0.738661,0.61920863,0.7178363,0.62674576,0.7636089,0.6196122,0.7269395,0.62343556,0.7585361,0.804661,0.7068667,0.77157354,0.72286516,0.9472106,0.686572,0.934817,0.83391374,0.64484143,0.8063819,0.655051,0.80359775,0.7824277,0.7608708,0.80702406,0.8555999,0.8711294,0.800943,0.8972104
0.72629756,0.69675136,0.7273249,0.6806387,0.7212887,0.6865598,0.7361307,0.646602,0.7133742,0.66050464,0.7582532,0.6473184,0.7205678,0.65988827,0.7507135,0.80885357,0.70202255,0.8003573,0.7193305,0.94850314,0.6821756,0.9382638,0.82047874,0.6442893,0.79089653,0.65670556,0.7990882,0.7786875,0.74584997,0.80189615,0.84347194,0.83574796,0.7705373,0.8520424
0.71581405,0.72194827,0.71735483,0.7053802,0.7114607,0.71013016,0.7276457,0.6695837,0.70482314,0.67979026,0.75297207,0.67351246,0.71172917,0.67912334,0.7529864,0.8202273,0.6974792,0.80581576,0.72711164,0.9523966,0.6814334,0.9341427,0.8104281,0.6673504,0.77786857,0.67656523,0.7978587,0.8149846,0.7407612,0.83233595,0.84089196,0.84403896,0.76425046,0.8615695
0.70926565,0.74803877,0.71127236,0.7312696,0.7042017,0.7373736,0.7243571,0.69232064,0.69879717,0.7074996,0.75040674,0.68404686,0.7065221,0.6973503,0.7561392,0.81718117,0.69378775,0.8104055,0.730153,0.94929826,0.6817481,0.9432006,0.80264074,0.67933214,0.76899225,0.69207907,0.79748887,0.8188679,0.73462504,0.8491484,0.8350045,0.8382275,0.75051874,0.87258166
0.70417887,0.7654816,0.70569175,0.7487182,0.69882935,0.75498533,0.7168106,0.70609826,0.6913225,0.7210399,0.74183124,0.69445044,0.6989674,0.7074942,0.75166667,0.8243723,0.69245714,0.8141491,0.7244999,0.95629513,0.68227077,0.94206905,0.79708093,0.69116074,0.76485366,0.7060333,0.79404575,0.82786727,0.73869056,0.86273277,0.8367236,0.83337677,0.76392084,0.87385356
0.70150685,0.77026266,0.70228577,0.7526633,0.6957089,0.7601586,0.71108687,0.7081606,0.6861275,0.7255992,0.735507,0.69905233,0.6923608,0.71639925,0.75225157,0.8247985,0.6906989,0.82071877,0.7279316,0.95977736,0.6824691,0.9445981,0.7895494,0.7110191,0.758608,0.7291449,0.7891955,0.8392787,0.7431434,0.8767198,0.8335493,0.832578,0.7763953,0.8732604
0.697428,0.7696913,0.6987148,0.75139904,0.69163716,0.75897044,0.7096922,0.70969296,0.6843733,0.7277971,0.73395836,0.70765954,0.6914537,0.71837074,0.7491938,0.83029217,0.68816394,0.8133699,0.7283926,0.954067,0.68191254,0.9363821,0.7813948,0.7283316,0.74906105,0.7432082,0.79205924,0.8450971,0.73538566,0.88026714,0.83438045,0.83178127,0.7569215,0.8739525
0.6952677,0.76513076,0.6978306,0.7449704,0.6888862,0.7535898,0.71013564,0.70466197,0.6810755,0.7244213,0.7319113,0.70994407,0.68571895,0.72498375,0.7463941,0.82718503,0.6810667,0.8196831,0.73012036,0.9457809,0.67988735,0.9390559,0.77468216,0.75180113,0.7397909,0.77084345,0.79089016,0.85115254,0.7309655,0.8934678,0.8373355,0.82281524,0.7578282,0.8737331
0.6920474,0.74070644,0.6961977,0.71905017,0.68454367,0.7275579,0.7105403,0.68841976,0.6759719,0.70752835,0.7303714,0.7117511,0.6805337,0.7266373,0.7428709,0.824033,0.67339116,0.82168585,0.7292304,0.93581766,0.67856663,0.9392771,0.7710336,0.7914085,0.7336189,0.8115049,0.78869635,0.8555447,0.73080546,0.89678544,0.8304882,0.81448036,0.7609233,0.8599696
0.7022412,0.7324375,0.70438164,0.7106682,0.69481814,0.7205827,0.70944065,0.6819089,0.67849326,0.7017212,0.72185105,0.7085718,0.668801,0.7319864,0.7386392,0.813822,0.66197294,0.82985604,0.7256771,0.9330161,0.67461735,0.94461626,0.7535797,0.8165394,0.7136776,0.84491736,0.78013945,0.82923806,0.7131706,0.8845148,0.8357634,0.82004297,0.75389385,0.8776106
0.7036752,0.71420056,0.70560604,0.69210565,0.69558346,0.7022439,0.7098531,0.67169094,0.67763036,0.6920295,0.7215884,0.71013105,0.6668324,0.73411924,0.7374288,0.8159064,0.6553412,0.8321053,0.72423387,0.93612254,0.66984874,0.93619215,0.7540698,0.829353,0.71172917,0.8587223,0.78553313,0.82486886,0.7075351,0.8825701,0.839003,0.82680994,0.7397598,0.88375324
0.7061905,0.7017119,0.70793056,0.6779686,0.6978311,0.69026446,0.71140605,0.6595682,0.6789089,0.6836497,0.7216465,0.7022985,0.6654425,0.7336602,0.7365522,0.8141722,0.65076023,0.8418932,0.72295684,0.93152845,0.6664929,0.93079674,0.75141853,0.8227974,0.7068276,0.8568584,0.7857967,0.81787777,0.69623697,0.8900084,0.8398306,0.8191441,0.7219145,0.89737225
0.710406,0.69108635,0.71076775,0.6666182,0.7010234,0.6816666,0.71189153,0.6540075,0.6797501,0.6847941,0.7209272,0.7040009,0.6644081,0.7449035,0.73548865,0.81248116,0.64727896,0.85766274,0.72346276,0.92769104,0.6666419,0.9329561,0.7505254,0.82146126,0.7068554,0.8616176,0.7894678,0.80461836,0.706931,0.8835302,0.8369684,0.80882615,0.73101896,0.8902298
0.7112798,0.6665688,0.7107919,0.6452829,0.70209455,0.6590858,0.7085902,0.6454534,0.6799081,0.67376274,0.7163488,0.7055447,0.6618523,0.74990344,0.73092026,0.8129712,0.6458872,0.8730595,0.72050756,0.9263107,0.67543596,0.93813276,0.7512338,0.8365064,0.7102866,0.8812915,0.7967062,0.8019356,0.7265642,0.8825365,0.83659166,0.80802697,0.7559864,0.88760537
0.7093608,0.68143207,0.7091927,0.6622043,0.70213526,0.66873884,0.70778704,0.6620137,0.6816196,0.67562544,0.70825595,0.7229441,0.6540461,0.7539339,0.72586215,0.8139777,0.64437574,0.88201684,0.73356754,0.89013565,0.68865603,0.9231773,0.70509243,0.8739046,0.66747254,0.8976893,0.7357585,0.86481017,0.68573827,0.89376736,0.7194288,0.91485256,0.68347424,0.9594567
0.7035825,0.67630565,0.70281214,0.65786415,0.6959676,0.6638789,0.70071524,0.6643737,0.67417973,0.67670023,0.70388585,0.7370392,0.6499916,0.76595646,0.72317827,0.8359833,0.64556354,0.89892036,0.7227593,0.9088897,0.6866784,0.9363205,0.7050877,0.8938259,0.6668926,0.91585374,0.7338876,0.90384465,0.6795798,0.931688,0.7205673,0.9447054,0.6738116,0.98827744
0.6958554,0.6799337,0.69374573,0.66091895,0.6879925,0.6699008,0.69111955,0.66662884,0.6667001,0.68709105,0.69698143,0.735789,0.64727765,0.7814957,0.72337824,0.8227087,0.653393,0.9175826,0.7175608,0.8887142,0.6989011,0.9382077,0.7105668,0.90336007,0.6744045,0.9346051,0.73575073,0.8843935,0.68477625,0.9222321,0.72382736,0.9339618,0.67862815,0.99100316
0.68595785,0.68675196,0.68413824,0.6685318,0.6782832,0.67789996,0.6824763,0.6738635,0.6585364,0.69551563,0.6903296,0.7354462,0.6441639,0.784473,0.72097045,0.8074856,0.6549106,0.91025597,0.715445,0.8777925,0.6961657,0.9379161,0.7120501,0.90151614,0.67688465,0.9328984,0.72720253,0.85182416,0.6679927,0.8883413,0.7291959,0.91581666,0.666918,0.970899
0.67407125,0.70501447,0.6724104,0.68477035,0.6663952,0.7007544,0.66751,0.68291,0.6480319,0.71861994,0.68094975,0.7224442,0.6380233,0.8033711,0.70955175,0.7899338,0.65572613,0.9301208,0.71230453,0.8846597,0.700709,0.93689585,0.72968835,0.83521974,0.6970163,0.894513,0.7768696,0.7550172,0.7140567,0.8407022,0.8301223,0.79692745,0.7586841,0.87404484
0.66417164,0.72211903,0.6623802,0.70385605,0.65707874,0.7205119,0.658988,0.70218635,0.6425163,0.7391923,0.6747877,0.7357159,0.63873386,0.81367254,0.70410466,0.7953327,0.6572306,0.9252378,0.707576,0.8837735,0.70532364,0.9239408,0.7315337,0.8098135,0.7041815,0.86857796,0.77637523,0.7486782,0.7232272,0.8392912,0.8272056,0.7829046,0.76685923,0.8753131
0.64740914,0.74602634,0.6462789,0.72795045,0.64103645,0.74595076,0.6465709,0.7232549,0.6293777,0.76339346,0.661905,0.7389255,0.62487274,0.8337812,0.6981456,0.77455395,0.64703065,0.93406683,0.70510626,0.88237846,0.6963919,0.9210457,0.7172221,0.80001396,0.6899671,0.86739004,0.7715799,0.7506277,0.7192712,0.8563435,0.8176161,0.76459736,0.76355076,0.8714195
0.64313626,0.7428738,0.6404583,0.7274165,0.636849,0.74668884,0.6360693,0.72729397,0.62346846,0.76907384,0.6497895,0.745465,0.6201664,0.84107465,0.6927025,0.7861981,0.6473486,0.9407109,0.7027886,0.88262206,0.69924396,0.9102897,0.7144388,0.79162073,0.6948995,0.86317015,0.76782864,0.72703075,0.73963124,0.84209573,0.8120025,0.75173646,0.7964501,0.87863547
0.6366989,0.761038,0.63165873,0.7424669,0.63124114,0.7627804,0.62356853,0.74068516,0.6162657,0.7849882,0.6380291,0.7658174,0.6143593,0.85515356,0.68567544,0.81501055,0.6455149,0.94883686,0.6916091,0.87036026,0.6853432,0.9328605,0.7020642,0.81729436,0.68324107,0.88741064,0.7647077,0.73001486,0.7211351,0.8527587,0.8235428,0.73812973,0.7657794,0.8834276
0.6373629,0.76597804,0.63238287,0.75452137,0.63265556,0.7651615,0.6257972,0.76510876,0.62240773,0.78965884,0.63585824,0.8073502,0.618409,0.8601386,0.6764802,0.82537043,0.6450738,0.92447466,0.6892275,0.8814539,0.6825585,0.9157817,0.68031394,0.88842887,0.6672805,0.9268232,0.70360893,0.89304245,0.69490206,0.9357541,0.7099513,0.89940023,0.70789677,0.95764256
0.629523,0.786578,0.6249773,0.7719249,0.6228857,0.785952,0.62196916,0.78074723,0.6102627,0.81351566,0.63558185,0.81563115,0.6110173,0.88100064,0.677105,0.82282364,0.6349453,0.9440822,0.68190396,0.8787146,0.6762881,0.92593193,0.69141144,0.87857205,0.6725646,0.9220085,0.7006162,0.90468514,0.6838932,0.9520109,0.71483916,0.89612347,0.70436114,0.9605577
0.61990565,0.8034648,0.61747575,0.7872426,0.6131829,0.8004844,0.6182754,0.7872849,0.60208684,0.8196439,0.62986857,0.81017125,0.60807264,0.875998,0.66073745,0.8332005,0.6290053,0.95670724,0.6687352,0.8820622,0.6550352,0.96152735,0.6863701,0.86806554,0.6707887,0.9098477,0.69324285,0.9008309,0.68285716,0.9440635,0.7138703,0.90607214,0.7122771,0.96292454
0.61643595,0.8216834,0.6130678,0.80702734,0.6106144,0.8196307,0.6122177,0.8030761,0.6002347,0.832725,0.62828845,0.81109583,0.6053476,0.87179404,0.66122365,0.8289348,0.6268597,0.936841,0.65656143,0.8884472,0.6582777,0.92823404,0.69175595,0.84804696,0.67456293,0.8880309,0.69079334,0.90015304,0.68023145,0.94204026,0.71579087,0.92254543,0.71528524,0.97661036
0.5907499,0.8496973,0.58942425,0.8349155,0.586566,0.84571266,0.5942864,0.81515044,0.5853047,0.8404128,0.6166366,0.8021479,0.5993125,0.8566766,0.6514486,0.82688427,0.62525076,0.9250818,0.64985913,0.89687115,0.6486619,0.92899024,0.6881201,0.82862425,0.67495525,0.8645278,0.680942,0.8904789,0.675927,0.9263012,0.71391517,0.9160325,0.7141431,0.95532924
0.010458319,0.576799,0.0111658685,0.5655639,0.0094330115,0.56592447,0.007691938,0.57261837,0.010191667,0.5736767,0.0092185065,0.6334542,0.009761098,0.6366143,0.02531061,0.7079502,0.024345376,0.71749383,0.04480754,0.6982985,0.04811214,0.7067932,0.010358307,0.7809061,0.011519953,0.7837911,0.014021342,0.8752357,0.017687086,0.87655324,0.01515846,0.9576557,0.018053694,0.9585052
0.12791348,0.51798546,0.1287671,0.51069087,0.12726764,0.5117516,0.1281452,0.49927604,0.120870784,0.50119126,0.121677354,0.48669413,0.10838624,0.50562406,0.14394069,0.4864767,0.12113998,0.5429425,0.1626871,0.48217046,0.14874345,0.53484005,0.1115547,0.5278888,0.10142882,0.54194516,0.12590227,0.50901204,0.11547927,0.52704406,0.14217907,0.5600015,0.13121945,0.58670276
0.116072886,0.514621,0.1153328,0.5100539,0.11666194,0.51058847,0.11026193,0.500657,0.11604526,0.5023807,0.108026855,0.49212873,0.11404312,0.49664652,0.12677191,0.49690342,0.1383575,0.5034102,0.1500145,0.48630232,0.15798728,0.4888999,0.10304991,0.5190827,0.10625267,0.52370065,0.12095976,0.5338312,0.12203353,0.5380653,0.13031736,0.5789692,0.13095994,0.58514225
0.12739901,0.48041952,0.12648639,0.47385237,0.12783203,0.47520706,0.11377424,0.4650526,0.12658861,0.46984586,0.107404545,0.46812683,0.12182971,0.47553828,0.12539648,0.483622,0.14398542,0.48703185,0.15475324,0.4932068,0.16280764,0.48753187,0.09658118,0.5383884,0.105708,0.5438551,0.1256192,0.5590333,0.13404772,0.56229,0.12736365,0.59458196,0.13754445,0.60122097
0.5977468,0.8556214,0.59072685,0.84139585,0.58815974,0.85314953,0.58507746,0.8495149,0.57384163,0.88770616,0.6031464,0.89158493,0.59169674,0.9461364,0.6339802,0.8281169,0.62311864,0.9019001,0.6394394,0.8043639,0.63466215,0.8077908,0.67872304,0.8546948,0.67530996,0.8982081,0.7570491,0.76139516,0.7610464,0.79937273,0.7578666,0.77243036,0.77089626,0.8026376
0.12703928,0.5011267,0.12661757,0.4972069,0.127528,0.4971049,0.12208092,0.4909963,0.12758066,0.48996794,0.11913359,0.48504984,0.12506962,0.48247838,0.13414487,0.4949623,0.14376774,0.49052083,0.15772402,0.49466443,0.16065325,0.49266616,0.107690334,0.51622224,0.11127857,0.51492137,0.1130644,0.515477,0.11370535,0.5140755,0.117134415,0.58018625,0.11854124,0.5808988
0.109259844,0.5058828,0.10809683,0.5017903,0.10983224,0.50180495,0.10372527,0.49233723,0.109878615,0.4919404,0.10402083,0.4804645,0.110104896,0.48066738,0.12399685,0.48523805,0.13361166,0.48801908,0.14921686,0.49094203,0.15392406,0.49457324,0.103445075,0.51089454,0.10676457,0.5125182,0.11160886,0.50591177,0.112287425,0.50631917,0.12293285,0.5763125,0.1222009,0.5773036
0.5870661,0.8806164,0.5816276,0.8653281,0.579784,0.88216037,0.58254355,0.847992,0.5712403,0.893482,0.6096791,0.8379027,0.59026635,0.92723525,0.6473258,0.80917233,0.6278714,0.94616795,0.62438846,0.9022179,0.6358767,0.94573724,0.6985019,0.8097961,0.6888636,0.8678401,0.76017296,0.8137359,0.75984234,0.86567944,0.8050456,0.79048645,0.8156592,0.81080234
0.58332604,0.89632267,0.58368593,0.8795565,0.57605314,0.8912383,0.59016675,0.8563027,0.57009566,0.88641655,0.610611,0.83862394,0.58160156,0.88808686,0.63503355,0.86937904,0.59802264,0.94072473,0.6170303,0.9357344,0.6156201,0.93985176,0.6506996,0.85527575,0.62871605,0.8825701,0.6527113,0.90344703,0.62710506,0.9308158,0.6618646,0.9289948,0.64422786,0.9611355
0.58407974,0.89460486,0.5846894,0.8760208,0.57583225,0.88860434,0.59167784,0.85247093,0.5682974,0.88499635,0.613189,0.83788973,0.5807116,0.89115083,0.6390945,0.8654088,0.5965849,0.9435205,0.6190851,0.93874776,0.6145441,0.94989365,0.6565098,0.86627877,0.6320509,0.8951029,0.65542525,0.91577244,0.62570786,0.94433117,0.66605395,0.9270109,0.6438114,0.96086
0.5839418,0.8879058,0.57940394,0.8727562,0.57669944,0.89073837,0.5827508,0.85394454,0.5702616,0.90121144,0.612477,0.8390783,0.58805716,0.9266522,0.64228624,0.8410161,0.6073421,0.97108185,0.62302464,0.9388135,0.61244637,0.9850433,0.70807993,0.8188853,0.69539386,0.8771628,0.7580561,0.8324995,0.75748456,0.8816438,0.8092206,0.8352753,0.821623,0.8448447
0.02454322,0.5469726,0.029154653,0.531978,0.022346666,0.532863,0.043822464,0.5332758,0.023140362,0.53801244,0.061483394,0.60912794,0.025204225,0.60670966,0.06480651,0.72524387,0.020245869,0.7084949,0.021128004,0.71208787,0.016384874,0.6990588,0.044792138,0.8075638,0.021882553,0.8000475,0.03403833,0.8542677,0.01701724,0.8470627,0.024614014,0.9771822,0.021741912,0.9663066
0.5833732,0.8919737,0.5773207,0.8742591,0.5755095,0.89531887,0.57923174,0.85220885,0.56874007,0.9065926,0.60906595,0.84504515,0.58850974,0.9273025,0.64171606,0.84942424,0.61450607,0.9586355,0.6237866,0.9386931,0.62029237,0.97333807,0.70072466,0.8206763,0.6907619,0.87684333,0.756604,0.8301923,0.75963163,0.8767251,0.81343997,0.8344498,0.82301027,0.8425845
0.5794943,0.8732121,0.57696277,0.8583714,0.5754612,0.8719885,0.5830988,0.8423675,0.5723226,0.87541074,0.6201741,0.8458854,0.58812344,0.8907443,0.6418919,0.8595259,0.6095492,0.915227,0.6216981,0.9279647,0.61255187,0.9289926,0.705816,0.8402758,0.6852142,0.8777747,0.75517553,0.81657505,0.75134224,0.8400275,0.8106964,0.8080217,0.8220091,0.80965936
0.57893527,0.8769001,0.57600194,0.8625312,0.5734624,0.87473553,0.582154,0.84570044,0.56854147,0.87817186,0.6200054,0.84393275,0.58671355,0.891942,0.6424152,0.85996985,0.6072932,0.9267165,0.6222767,0.9244463,0.61355585,0.92779595,0.7090437,0.8370049,0.6875537,0.87661827,0.76907337,0.815866,0.76367056,0.84165186,0.8051843,0.8241743,0.81764144,0.8299332
0.79412764,0.23699743,0.79844993,0.22657612,0.79091144,0.22626144,0.80610335,0.23414524,0.78657216,0.23457108,0.8169963,0.3010361,0.78120786,0.30290422,0.82754177,0.3827961,0.7760266,0.3831497,0.8164811,0.4434033,0.7739213,0.44619542,0.80868024,0.46262172,0.78562206,0.46236643,0.80659693,0.5860022,0.7833609,0.58494073,0.8088253,0.6975495,0.787445,0.6947363
0.7936854,0.2349174,0.79793584,0.22412369,0.7902488,0.22418086,0.80561125,0.2315766,0.78573215,0.23295878,0.8166879,0.2990892,0.78076977,0.3023492,0.8270919,0.38106015,0.7756402,0.38379636,0.8162045,0.44303346,0.7742602,0.44706696,0.80923575,0.4623663,0.7857633,0.46278542,0.8081606,0.5865853,0.78220475,0.58621687,0.8093962,0.70070785,0.7831778,0.69880015
0.7924872,0.23271069,0.7967209,0.22158796,0.78886694,0.2219507,0.80453604,0.22944026,0.7842419,0.2315932,0.8159189,0.2982076,0.7797813,0.302788,0.8265957,0.3810783,0.7754649,0.38609102,0.8157488,0.4449041,0.7741477,0.44926244,0.8091733,0.46316823,0.7852625,0.46425897,0.8092565,0.5875773,0.7811853,0.58798325,0.81015253,0.7019764,0.78009516,0.70105183
0.79060805,0.23166426,0.7948181,0.22031792,0.7869723,0.22106633,0.80296993,0.22806163,0.78274184,0.23127958,0.8148797,0.2970577,0.77911556,0.30362132,0.8258163,0.3795305,0.775643,0.38906586,0.81572527,0.4456506,0.77409506,0.45559385,0.8089299,0.46311647,0.78503203,0.46493447,0.8094706,0.5887496,0.77947116,0.5897984,0.81032604,0.7038432,0.776587,0.7036554
0.7897205,0.23208566,0.79395175,0.2205487,0.78596807,0.2214677,0.80221397,0.22831193,0.7816539,0.2319678,0.8139922,0.2973418,0.77838266,0.30463102,0.82496405,0.37944174,0.7751412,0.3903182,0.8157339,0.44615522,0.77403224,0.45626146,0.8085255,0.46373612,0.7845452,0.46593556,0.8096075,0.59022397,0.77833384,0.5916708,0.81071997,0.70643365,0.77434844,0.70673895
0.78911966,0.23151837,0.79417163,0.22129034,0.78503525,0.2214029,0.80334914,0.23012415,0.78141993,0.2307152,0.81287444,0.2981089,0.7789826,0.30297863,0.82621443,0.37869886,0.7741146,0.38502717,0.815115,0.44209698,0.7736125,0.4509041,0.80610764,0.46288761,0.7825562,0.4635332,0.8106209,0.58923966,0.7779131,0.5944008,0.81310505,0.7046274,0.77466136,0.7109144
0.7880239,0.23245181,0.79304904,0.22222388,0.7839313,0.22244371,0.802156,0.23057106,0.7801796,0.23150228,0.81180924,0.29754865,0.7774956,0.30293286,0.8255674,0.37703183,0.77267236,0.38294658,0.8154807,0.44154292,0.77367157,0.44439617,0.8051204,0.46287772,0.78124183,0.46398288,0.81055564,0.58905363,0.777249,0.5949338,0.8131766,0.7059193,0.773728,0.71263295
0.7862473,0.23220932,0.79113334,0.22177869,0.782227,0.22244363,0.8002121,0.22952393,0.77873725,0.23147787,0.81021446,0.2958769,0.7760822,0.30214685,0.8246898,0.3760176,0.77088815,0.38185677,0.815537,0.44315302,0.77273214,0.44258922,0.8038146,0.46184254,0.78014874,0.4637131,0.8095366,0.58645016,0.7769677,0.5940916,0.81302685,0.70662475,0.77381265,0.7148945
0.7841911,0.2307524,0.78905267,0.22055669,0.7802926,0.2212803,0.7981402,0.22861144,0.7770692,0.23071834,0.80769235,0.29475167,0.77432424,0.30158508,0.8214909,0.37300768,0.7687357,0.37941244,0.8144974,0.44242892,0.7718202,0.437755,0.8018985,0.46100676,0.7787521,0.4638044,0.8086276,0.5870832,0.77693397,0.5963737,0.8125717,0.70726854,0.7737392,0.71725005
0.78240526,0.23044872,0.7873022,0.21990189,0.7782549,0.22130065,0.7965478,0.22775868,0.7747205,0.23134093,0.806052,0.2946925,0.7722661,0.30328003,0.8197052,0.37442115,0.76647025,0.38393047,0.8139248,0.44652507,0.77006453,0.44814742,0.80113477,0.46078184,0.77775717,0.46494314,0.80787176,0.5863874,0.77634037,0.59868973,0.81219274,0.7069222,0.77360415,0.7216412
0.7799341,0.23047261,0.78442043,0.21940497,0.7755649,0.22196037,0.79316485,0.22653422,0.771954,0.232872,0.8033356,0.29315367,0.76986223,0.30524045,0.8179572,0.37263727,0.76420486,0.38782072,0.81369954,0.44696227,0.76829803,0.45339605,0.79971886,0.4601374,0.77662486,0.46629503,0.8067347,0.5853718,0.77575105,0.60085505,0.81194574,0.70648336,0.77277464,0.72425056
0.77840513,0.23101057,0.78260326,0.21912958,0.7746748,0.22025977,0.7910289,0.22599794,0.7703111,0.22987328,0.80331767,0.29427835,0.7654447,0.30394176,0.8158755,0.3749416,0.7607643,0.39432007,0.81493455,0.44876543,0.76123506,0.47018778,0.8005517,0.4625163,0.77526957,0.4666534,0.806578,0.59226406,0.7721266,0.5956273,0.8127004,0.71705705,0.77189654,0.7191116
0.7764995,0.2304932,0.78075236,0.21850055,0.7727142,0.21973488,0.78926194,0.22487845,0.76832193,0.22906594,0.80156726,0.29220736,0.76348925,0.30302292,0.8149072,0.37110758,0.75897974,0.39388695,0.8158161,0.44512215,0.7591377,0.47143754,0.79919285,0.46075487,0.77373403,0.46547604,0.8060033,0.59164894,0.7706746,0.59549516,0.8132314,0.7168318,0.77063924,0.7194565
0.77365535,0.22779523,0.7782103,0.21550545,0.7698863,0.21659105,0.7873251,0.22158684,0.76567256,0.22541143,0.79986423,0.28973633,0.76043934,0.30003083,0.81371063,0.37155828,0.7554404,0.39377216,0.8157719,0.44803858,0.7545218,0.47630847,0.79666823,0.45977974,0.7705093,0.4641671,0.8038077,0.59142154,0.7685349,0.5947901,0.8126184,0.71731913,0.77081746,0.7192439
0.7703987,0.22377314,0.7752065,0.21119249,0.7666748,0.21233818,0.78510183,0.21712933,0.7629473,0.22108003,0.7978968,0.28610983,0.75846183,0.29590526,0.8123428,0.3693696,0.75330967,0.388899,0.81575966,0.449775,0.7533335,0.47057226,0.7951412,0.45914418,0.76899385,0.46328256,0.8021323,0.59103304,0.76702726,0.59408927,0.8123723,0.7151055,0.7703181,0.7162711
0.7679845,0.22219825,0.7730769,0.21014653,0.7641492,0.21108413,0.7824381,0.21844245,0.7600936,0.2221586,0.79445124,0.2902579,0.755475,0.29998076,0.81091213,0.3717271,0.7523983,0.39282265,0.81527376,0.44833967,0.75217724,0.46910778,0.7907141,0.46331757,0.7650877,0.4671171,0.7981554,0.59594846,0.76476085,0.5979462,0.8074253,0.7183247,0.76917356,0.71892285
0.766121,0.21707723,0.77096957,0.20505446,0.7622275,0.20641802,0.7801509,0.21408607,0.75811404,0.21861587,0.79312825,0.2870137,0.753277,0.29757375,0.8105568,0.3696063,0.74890184,0.39165932,0.81565046,0.44601077,0.7477034,0.46711886,0.7908165,0.4598557,0.7647288,0.46412724,0.7977101,0.5943808,0.7644054,0.5970041,0.80617505,0.7225266,0.76936525,0.7237921
0.76502717,0.21563631,0.76969755,0.20352378,0.76082116,0.205136,0.77822775,0.21258277,0.7560916,0.21781553,0.79154056,0.2856304,0.75082684,0.29756635,0.81037265,0.3690362,0.7468476,0.3927842,0.81520313,0.4475867,0.74209327,0.47073475,0.7896747,0.45768598,0.7631509,0.46285504,0.7968248,0.59347576,0.76378626,0.5970032,0.8054391,0.7220026,0.76926,0.72502893
0.7633149,0.20982291,0.76795405,0.19763552,0.7588987,0.19944254,0.77625567,0.20832138,0.7538573,0.21406348,0.7895652,0.28397053,0.7484263,0.29704538,0.8079786,0.3685614,0.7439119,0.39536253,0.81312656,0.4477196,0.73841256,0.47859284,0.7885198,0.4553984,0.7619228,0.4612303,0.79539174,0.592847,0.7640793,0.59691024,0.802663,0.7234462,0.7699315,0.7272539
0.76192135,0.20855206,0.7666497,0.19603594,0.7572957,0.19820224,0.7750027,0.20667998,0.75196236,0.21331276,0.78797114,0.28201538,0.7465735,0.29593447,0.80534565,0.366508,0.74098593,0.39226913,0.8103778,0.44342455,0.7359168,0.46917328,0.78762877,0.45258975,0.7609932,0.45906904,0.79383206,0.59147215,0.7642082,0.596209,0.80011743,0.72453797,0.7707818,0.72925484
0.76029146,0.20780063,0.7647843,0.19525261,0.7556359,0.19763513,0.77292913,0.2055536,0.7502678,0.21268772,0.7867982,0.28173754,0.7446977,0.2958903,0.80418265,0.36820605,0.73824584,0.39336076,0.8075599,0.44581246,0.73147506,0.47184452,0.78714454,0.454632,0.76018643,0.4611902,0.7920596,0.5948832,0.7631521,0.59972525,0.79774517,0.72845083,0.77011603,0.7333921
0.7583452,0.20629042,0.7629132,0.19344996,0.75351954,0.19594188,0.7712993,0.20330283,0.7480073,0.21062005,0.78532237,0.27970046,0.7428134,0.29237816,0.8015524,0.3707305,0.7356649,0.38878784,0.8047698,0.4490749,0.7285487,0.46042705,0.7858053,0.45159113,0.758682,0.4575576,0.7904286,0.5949625,0.76242995,0.599234,0.79601526,0.73201704,0.77008003,0.7361063
0.7570552,0.205545,0.7618332,0.1925301,0.7521561,0.19479847,0.77056307,0.20231618,0.7465314,0.20909674,0.78442186,0.27994177,0.7414008,0.2913238,0.7998734,0.3723423,0.73332274,0.38726136,0.802425,0.4510754,0.72563076,0.45960572,0.7844306,0.4557063,0.7571473,0.46103296,0.7883876,0.5998551,0.7617148,0.60346365,0.79338485,0.7380403,0.7700021,0.74105585
0.7561381,0.20456412,0.76100105,0.19148758,0.75113314,0.19353403,0.76973933,0.20148805,0.74520785,0.20757791,0.7832131,0.28003305,0.73997176,0.2901961,0.79789305,0.37480947,0.73178047,0.38708225,0.80050707,0.4536776,0.7229606,0.45908448,0.78309,0.4569398,0.7560905,0.46186048,0.7847752,0.6026777,0.76202244,0.60597825,0.78943294,0.74186176,0.7722053,0.7444494
0.7541957,0.2035888,0.7591093,0.19061764,0.74933344,0.19248123,0.768087,0.20097405,0.7437253,0.2065286,0.7819149,0.28005967,0.73871845,0.28910884,0.7963666,0.37586305,0.7308855,0.38555953,0.7993307,0.45511562,0.72128224,0.45569846,0.78147364,0.45653564,0.7549054,0.4608042,0.78051645,0.6016555,0.76128,0.6044241,0.78491133,0.74255717,0.7732879,0.7442039
0.7537377,0.20416722,0.75913763,0.19228591,0.7482861,0.19451009,0.7688314,0.20094079,0.74245447,0.206203,0.78006417,0.28216687,0.7381598,0.29274777,0.79560155,0.37501624,0.72947,0.38765484,0.7956603,0.46261534,0.72219086,0.45600644,0.77801156,0.46914393,0.7526056,0.47403517,0.7765938,0.608732,0.75952905,0.6095331,0.7824723,0.74795336,0.7761005,0.7460653
0.75149184,0.20677337,0.75664836,0.1937497,0.7469012,0.19525808,0.7663326,0.20263849,0.7418832,0.20750833,0.78043836,0.28142333,0.73680735,0.2881583,0.79320306,0.37966257,0.7283687,0.3820868,0.7952029,0.46388945,0.7186262,0.45238125,0.77767366,0.46120456,0.75129294,0.46417534,0.77700436,0.60654294,0.760488,0.6080946,0.7791588,0.7484154,0.7728505,0.748014
0.7503529,0.20654112,0.7556407,0.19347765,0.7457396,0.19483937,0.7656475,0.20237567,0.74087,0.20703109,0.779973,0.28173456,0.7359973,0.28770712,0.7925393,0.38165578,0.72745186,0.38204607,0.79381365,0.46679422,0.7178343,0.45281133,0.775966,0.46395448,0.7495178,0.46631396,0.7753556,0.6117211,0.7601899,0.6127214,0.7750527,0.75487584,0.77146953,0.7536718
0.74924314,0.2057994,0.75459874,0.19272116,0.744705,0.19399586,0.7648242,0.20210463,0.7400606,0.20658997,0.7792463,0.2827345,0.7353918,0.28809816,0.79120666,0.38410264,0.72654444,0.38225982,0.79178876,0.47122544,0.71700495,0.4530696,0.7749447,0.46615306,0.7486301,0.46816865,0.7738947,0.6152507,0.7596244,0.61603093,0.77205586,0.7612412,0.76987547,0.7595754
0.74768203,0.20484093,0.75320643,0.19187826,0.7434014,0.19291396,0.7640058,0.2018895,0.7393326,0.20575641,0.77865714,0.2833807,0.7341822,0.28819495,0.79062724,0.38538396,0.7243228,0.3845182,0.7923306,0.47275412,0.71742857,0.45904413,0.77353525,0.46854854,0.7469368,0.4700674,0.7717325,0.6200543,0.7580134,0.6203738,0.76808935,0.7694044,0.76789993,0.7669379
0.7462649,0.20317647,0.7518458,0.19013561,0.7418689,0.19124168,0.7627161,0.20092314,0.7377189,0.20507586,0.77720034,0.2830402,0.73297924,0.28893682,0.7896114,0.38459465,0.723394,0.38733014,0.7922084,0.4729196,0.7173988,0.46513465,0.7725033,0.46930057,0.7460512,0.47132516,0.7708141,0.6220407,0.7577932,0.62288225,0.76647484,0.77083397,0.76719505,0.7689193
0.74488515,0.20391038,0.750449,0.19064315,0.740293,0.19184536,0.76101047,0.20037855,0.7357735,0.20449398,0.77524185,0.28272218,0.73108,0.28914392,0.78986007,0.38259658,0.72316664,0.38898253,0.7915529,0.46689045,0.71722114,0.46455917,0.77039385,0.46888086,0.7441272,0.47098956,0.7683712,0.6234735,0.75523657,0.6242086,0.76527804,0.76892793,0.76665884,0.7677354
0.7434753,0.20397937,0.7493591,0.19051217,0.73929465,0.19122367,0.7608469,0.1997397,0.7356175,0.20282549,0.7742899,0.2841628,0.7309252,0.28958532,0.787488,0.3826222,0.722821,0.38715538,0.7916604,0.47149426,0.7185737,0.46409312,0.76849025,0.4749044,0.7430266,0.47689492,0.766818,0.6296622,0.75608873,0.6304192,0.761924,0.774915,0.7650633,0.7734289
0.7428481,0.20244259,0.7487779,0.18896116,0.7386808,0.18955906,0.76006883,0.19870345,0.73477376,0.20136538,0.77299696,0.28408417,0.7297426,0.2889127,0.78661674,0.38440377,0.7219983,0.38698703,0.79171866,0.4796427,0.7178094,0.4672645,0.76736224,0.47503206,0.7419323,0.4770262,0.76471776,0.6297319,0.7543482,0.63059497,0.76158,0.7746584,0.76479656,0.77346325
0.74044174,0.20103115,0.74652225,0.187665,0.7366903,0.18795358,0.7585931,0.19795723,0.7337377,0.1999524,0.77224797,0.28479284,0.7291319,0.28860387,0.7861039,0.38820115,0.7221991,0.38937405,0.7904043,0.48575118,0.71774644,0.47348198,0.7662549,0.4777982,0.74086356,0.47894442,0.7627317,0.6337767,0.75220466,0.6337575,0.7613851,0.7803815,0.7642735,0.77780956
0.23506562,0.1434908,0.23812807,0.12844402,0.23351379,0.13132387,0.24955891,0.13507144,0.23886514,0.14150639,0.27239624,0.22490893,0.23223324,0.23059665,0.29334977,0.34063792,0.21803163,0.34301907,0.28677303,0.45046714,0.21178162,0.42600995,0.2642878,0.45579436,0.24139719,0.4549843,0.25936484,0.62958676,0.24739647,0.624637,0.25932208,0.79542094,0.25312302,0.77946997
0.7366461,0.19701101,0.74252295,0.18346553,0.7330546,0.18420176,0.75519556,0.19331737,0.7308175,0.19642013,0.77105004,0.2800991,0.72727984,0.283008,0.7863888,0.39200523,0.7213809,0.38801736,0.78736115,0.4928641,0.71452034,0.46934238,0.7630116,0.47729927,0.7369599,0.47675487,0.7573039,0.6399552,0.7448428,0.6386199,0.75753134,0.79474145,0.759004,0.7906828
0.73388886,0.1948194,0.7396428,0.1811929,0.73089415,0.18196209,0.75335896,0.18976444,0.7301728,0.19325511,0.77072924,0.27648857,0.7276564,0.2795015,0.7864625,0.38930666,0.7219605,0.38599512,0.78552854,0.4912887,0.7137493,0.4708524,0.76163846,0.47841048,0.73604655,0.4771699,0.75607103,0.64240307,0.7432901,0.6405225,0.7564702,0.7988018,0.7570528,0.7937499
0.73063016,0.19103242,0.7367356,0.17639275,0.72780806,0.17722452,0.75178164,0.18326537,0.7278316,0.1871571,0.76966155,0.27217606,0.7265229,0.27484405,0.7848859,0.38780594,0.7227267,0.3805504,0.7850443,0.49979436,0.7147494,0.46583953,0.76007617,0.48129034,0.7344446,0.47986162,0.7540938,0.6432587,0.74098504,0.64110345,0.75735945,0.79916894,0.7559949,0.79324484
0.72794443,0.19050841,0.7340312,0.17569143,0.72556347,0.1764595,0.7499512,0.18085544,0.7264864,0.1848762,0.7687711,0.26855227,0.7258005,0.2714097,0.7837118,0.38420132,0.72212654,0.37915295,0.78245604,0.497727,0.7127893,0.4722558,0.75843257,0.48226327,0.73280084,0.48018467,0.7520037,0.6437663,0.73739254,0.6408717,0.7567318,0.7996557,0.75274754,0.7925323
0.7255664,0.18976258,0.7322355,0.1743901,0.72227645,0.17618997,0.7491884,0.17577522,0.7247808,0.18019953,0.7652312,0.26158342,0.7265858,0.27009895,0.77961624,0.3701531,0.72289115,0.37945634,0.7748036,0.488239,0.7134778,0.4690496,0.755084,0.48042783,0.7309851,0.47865847,0.7503671,0.6502431,0.7320669,0.6347346,0.7619955,0.79913336,0.7478396,0.7665304
0.72313887,0.18714915,0.7298643,0.17156535,0.72048324,0.17305104,0.74748003,0.1724631,0.7246415,0.17586385,0.76369464,0.25874367,0.7270407,0.2674627,0.77707595,0.36694673,0.724343,0.38054198,0.7727409,0.482929,0.71247905,0.47096702,0.75317335,0.4810897,0.7301001,0.47848716,0.7475049,0.65243924,0.727377,0.6335427,0.7627331,0.7936164,0.7446106,0.75521404
0.72069365,0.1826556,0.7266685,0.16783264,0.71854794,0.16939235,0.74472284,0.17027096,0.72403514,0.17443845,0.76095647,0.25433624,0.72541016,0.26419508,0.7753997,0.35995355,0.7214152,0.38001814,0.7676454,0.4735004,0.7116737,0.47072712,0.7498979,0.48140675,0.72763264,0.47918177,0.7470347,0.6515279,0.72471315,0.6343945,0.7626716,0.80123436,0.7418365,0.7628177
0.71739006,0.18332578,0.7230727,0.16855699,0.7159356,0.17011078,0.74154556,0.17011401,0.72308904,0.17381126,0.75850606,0.25240642,0.72510415,0.26144373,0.7725577,0.36098254,0.72131103,0.37935778,0.7629944,0.47099608,0.7105338,0.46811265,0.748669,0.47986725,0.72757095,0.47742534,0.74568075,0.6484019,0.7228568,0.6329606,0.7622139,0.7980495,0.73937833,0.7630717
0.7155902,0.18379143,0.7211656,0.16853963,0.7134718,0.17049457,0.739139,0.16864428,0.7198504,0.17384097,0.7556127,0.24934967,0.72343993,0.2597145,0.7687956,0.35817426,0.72026557,0.3780166,0.7592169,0.47007945,0.7093239,0.47029263,0.7469587,0.4769494,0.72609705,0.47534108,0.7454879,0.6450446,0.7200608,0.63223654,0.76113766,0.7994982,0.7319879,0.76764315
0.71264523,0.1845379,0.7178557,0.16909212,0.7109932,0.17117152,0.73613375,0.1670959,0.718705,0.17257138,0.75328535,0.24520609,0.72300726,0.25403967,0.7663688,0.35777113,0.7192683,0.37373948,0.75494784,0.4628911,0.71028966,0.46661213,0.7448624,0.47464475,0.7246209,0.47295117,0.7453529,0.6439102,0.71761453,0.6371089,0.7593052,0.8037535,0.72298455,0.7827777
0.7098168,0.1847251,0.71516883,0.16878778,0.70808476,0.17163125,0.73412657,0.16569339,0.71576166,0.17318797,0.751496,0.24272914,0.7210259,0.25544468,0.76436156,0.35289794,0.71730053,0.37313002,0.75090474,0.457339,0.7104415,0.46508902,0.74392444,0.47637418,0.7230121,0.4772574,0.74604124,0.64555997,0.7154935,0.64999086,0.75823087,0.808058,0.7158864,0.80509496
0.7077868,0.18119349,0.71280354,0.16527615,0.70637643,0.16796978,0.7313978,0.16376436,0.7149671,0.17109077,0.7498003,0.24183802,0.7204092,0.25525534,0.761788,0.35235122,0.7167827,0.37357402,0.744324,0.45495152,0.71043915,0.4632547,0.74324656,0.47897872,0.72242534,0.48001468,0.7470459,0.64838386,0.7128401,0.655649,0.7573067,0.8137034,0.70746696,0.81569636
0.7045929,0.17934437,0.70941705,0.16339497,0.7037875,0.16573423,0.72846544,0.16198945,0.7139198,0.16835672,0.74773276,0.24074893,0.7198147,0.252488,0.758758,0.3575699,0.7159556,0.374372,0.7379599,0.45753813,0.7092691,0.46149758,0.74171466,0.4806046,0.7212899,0.48084295,0.7466224,0.6499437,0.7089161,0.65934604,0.7561895,0.8159902,0.69926786,0.8227055
0.703159,0.17744745,0.70874697,0.16055833,0.70223165,0.1627046,0.72830737,0.15947291,0.71310204,0.16358967,0.74738336,0.24124649,0.72091055,0.24498731,0.7569628,0.36142144,0.71980196,0.357207,0.7332838,0.4517706,0.7100346,0.4467608,0.7430155,0.4786311,0.7229364,0.47644854,0.7452601,0.64678526,0.7065766,0.65635836,0.7560773,0.816052,0.69674706,0.83190095
0.70146435,0.17369056,0.70753855,0.15660846,0.69990736,0.1586347,0.7274185,0.1557794,0.7093284,0.1600862,0.7459019,0.23853481,0.7172026,0.24397868,0.7551586,0.35792378,0.7158693,0.35659918,0.73043984,0.45021972,0.7053365,0.4452684,0.7413558,0.47456113,0.7196403,0.47317946,0.74581647,0.64555633,0.7047382,0.6560339,0.755895,0.8140825,0.69412524,0.8312534
0.70052165,0.17408092,0.7065811,0.15640832,0.69844276,0.15916036,0.7261617,0.15355009,0.7068483,0.15984625,0.74483293,0.23462322,0.7146981,0.24289742,0.754814,0.3526691,0.71339697,0.35499766,0.7289473,0.44588444,0.7023895,0.44410676,0.74009436,0.47314858,0.7172963,0.47326547,0.7459106,0.644277,0.70320445,0.65848047,0.75575435,0.8143457,0.6915271,0.8369992
0.6975889,0.17286034,0.7040258,0.15578328,0.69528717,0.1582744,0.72327083,0.1551571,0.7020845,0.16084507,0.7419518,0.23644744,0.7085313,0.24695462,0.75425816,0.35212386,0.70748025,0.35926855,0.72630256,0.4466903,0.6988167,0.45164302,0.73799765,0.47298458,0.71302754,0.47507823,0.7454262,0.6433647,0.7011914,0.663165,0.75630057,0.8111903,0.69192654,0.84258324
0.6962853,0.16933493,0.7029006,0.1526333,0.69382256,0.15532087,0.7215988,0.15472355,0.69960433,0.16056716,0.7399281,0.23823781,0.70527196,0.2505513,0.7534701,0.35461643,0.70379966,0.36326143,0.72519916,0.44781318,0.69599605,0.45183006,0.7371728,0.47400934,0.71132314,0.4780498,0.74466026,0.6434481,0.6997827,0.6694231,0.75681174,0.80998164,0.6920906,0.85077876
0.6943857,0.16899835,0.7011098,0.1524877,0.691262,0.15536621,0.71860594,0.15609233,0.6950025,0.16251305,0.7367492,0.23993646,0.7001771,0.25601855,0.75468564,0.3503466,0.7014762,0.36657217,0.72588676,0.4440217,0.6948472,0.45663556,0.7341453,0.47874123,0.7070526,0.48535854,0.7442271,0.64849997,0.69832724,0.6815189,0.75609475,0.8091077,0.69114727,0.86066484
0.6930179,0.1664598,0.70015657,0.14985022,0.68918264,0.15266813,0.717016,0.15441947,0.69065934,0.1606137,0.73442584,0.23977733,0.6945872,0.257341,0.7545959,0.34955922,0.69667333,0.37024248,0.728413,0.43933132,0.6928784,0.45874962,0.73223466,0.47941598,0.7031552,0.4878134,0.74321795,0.6490073,0.6964627,0.6857492,0.75512576,0.80456424,0.69139737,0.8620832
0.69058377,0.15865283,0.6980772,0.14203428,0.6866913,0.14486822,0.71508193,0.14842632,0.68760407,0.1542342,0.7320603,0.23639457,0.69040185,0.25407565,0.7535774,0.34663954,0.69263476,0.3687288,0.73233217,0.43661737,0.6941465,0.45800027,0.72989863,0.47760713,0.6997651,0.48722053,0.74074227,0.64714766,0.69381684,0.68620586,0.7546449,0.80068123,0.6914649,0.86035323
0.6914671,0.15111594,0.6982853,0.13426864,0.6853594,0.13984382,0.71221274,0.13950895,0.6805591,0.1539665,0.7275681,0.22714229,0.6827076,0.25930926,0.7510592,0.3370443,0.6847076,0.37839472,0.73769224,0.43560302,0.6901411,0.45525578,0.7271773,0.46838254,0.69508046,0.48590052,0.74121815,0.64423615,0.6929851,0.6959334,0.75570357,0.79758817,0.6898139,0.8675132
0.6916148,0.14650537,0.69805866,0.12964901,0.68509525,0.1355563,0.71042746,0.13592015,0.6782671,0.15057361,0.7254236,0.22639193,0.6775202,0.25948074,0.7483608,0.3383863,0.67683244,0.3837793,0.73687047,0.43878073,0.681037,0.46709666,0.7261135,0.46873426,0.6924201,0.48771143,0.740534,0.643086,0.6929183,0.6954622,0.75230736,0.79484826,0.6903278,0.8681051
0.69271046,0.14241645,0.6986034,0.12512176,0.68540895,0.13241526,0.7092682,0.13256773,0.6758863,0.14957108,0.7233774,0.2251791,0.67286605,0.2618486,0.74563193,0.33708823,0.67050403,0.39269125,0.7398042,0.44275007,0.6754547,0.48629954,0.7259276,0.46815512,0.69083196,0.49018338,0.73997664,0.6424269,0.6926563,0.69826055,0.7491998,0.7920077,0.690463,0.8717137
0.69486904,0.14077798,0.7002472,0.123259425,0.68717116,0.12998174,0.7075693,0.13314655,0.67490906,0.14906986,0.7201498,0.22973172,0.66806215,0.26287156,0.74340785,0.34888387,0.6639628,0.40607914,0.7441641,0.4625468,0.6690583,0.51928645,0.7253365,0.47411647,0.68904966,0.4946751,0.73671013,0.6451672,0.6909942,0.69593024,0.74714273,0.79772264,0.6903704,0.87380034
0.69632334,0.13525315,0.70077246,0.11859564,0.68855536,0.12520333,0.7072679,0.1283565,0.6736631,0.1423783,0.7192122,0.22511035,0.6664964,0.2557108,0.74470985,0.34236178,0.66118515,0.38978288,0.7502782,0.45097426,0.6620747,0.49291876,0.7263895,0.46925744,0.69040227,0.49018294,0.7379848,0.649292,0.69138396,0.70050967,0.744169,0.8017899,0.68895125,0.87703604
0.6989473,0.1318849,0.70266974,0.116017155,0.69113874,0.12107557,0.7069139,0.128419,0.67383814,0.13924651,0.71769756,0.2279229,0.66337055,0.25450686,0.743191,0.34086585,0.65469277,0.3944672,0.7535342,0.4336695,0.65496606,0.5072913,0.72594994,0.47396293,0.6893124,0.4924203,0.7369632,0.6597794,0.6911816,0.69815254,0.7430886,0.8217897,0.6902636,0.87613124
0.70005053,0.1278849,0.7039323,0.11322745,0.6918296,0.11751776,0.70764154,0.12888527,0.6749186,0.13742799,0.71835464,0.22526479,0.6610297,0.24699423,0.741422,0.34258515,0.64690834,0.38657895,0.7558658,0.4366924,0.6462373,0.51145124,0.7257058,0.46974367,0.6869879,0.48789275,0.73918927,0.6523707,0.68889517,0.68612844,0.74229914,0.8200092,0.6867375,0.8635825
0.70175403,0.12795648,0.7054844,0.11322019,0.6936337,0.11700642,0.70843,0.12815203,0.67561764,0.1350172,0.7174426,0.22468771,0.6606336,0.24192627,0.7407102,0.33946693,0.64305466,0.3731268,0.7586586,0.42950544,0.63729876,0.48861653,0.72526807,0.469773,0.6868351,0.48672706,0.74016166,0.65423894,0.68901545,0.68799984,0.74432576,0.8188711,0.6863059,0.8648607
0.70526135,0.13195267,0.7082847,0.116451524,0.69790715,0.11848603,0.7091331,0.12700301,0.67664164,0.13044065,0.7162314,0.22670114,0.660289,0.24065064,0.743776,0.34417975,0.64160866,0.37449652,0.7633864,0.43100753,0.63243914,0.48583904,0.72573906,0.4755871,0.68837565,0.48992005,0.74055046,0.66395,0.691493,0.69351465,0.7463471,0.83453506,0.6899496,0.880025
0.7077932,0.13159667,0.7104094,0.1156586,0.70053667,0.11735593,0.71008223,0.12451087,0.6782204,0.12702332,0.71639335,0.22472414,0.66016084,0.23494503,0.7439017,0.34467435,0.6392876,0.36758572,0.76396626,0.42534798,0.62937653,0.4765687,0.72555834,0.47669196,0.68795776,0.48934984,0.7411069,0.6670844,0.6914555,0.69142675,0.7492996,0.8414029,0.6908521,0.8781777
0.71077216,0.13100104,0.7128805,0.11475233,0.7037154,0.11611691,0.7110127,0.1219485,0.6801602,0.123602584,0.7163072,0.22166438,0.66020125,0.22933261,0.74369687,0.3450352,0.6381344,0.3629547,0.7645265,0.4240626,0.6276185,0.4742584,0.7255724,0.47651356,0.68786734,0.48821938,0.74200064,0.6672437,0.69107413,0.68835616,0.7529232,0.84385103,0.6915038,0.8751536
0.71343356,0.1288155,0.71514523,0.11282731,0.706752,0.11351561,0.7119221,0.120870024,0.6826269,0.12080508,0.7165603,0.22133192,0.6606187,0.22488923,0.74380493,0.34635162,0.63695526,0.3570712,0.76420873,0.4232024,0.6262962,0.4715511,0.7255835,0.47655076,0.68774956,0.4863507,0.74268436,0.6691183,0.6905271,0.6848356,0.7566507,0.8518376,0.6924771,0.8748709
0.7157573,0.12870423,0.71758264,0.112516984,0.70899725,0.11284111,0.7142162,0.12040037,0.68414855,0.11938474,0.71774566,0.22195353,0.66107064,0.2236505,0.74367934,0.3494102,0.6364076,0.35594872,0.76339173,0.4263719,0.6263008,0.4699956,0.7262948,0.47663456,0.68773776,0.4861289,0.74515367,0.67203486,0.69066316,0.68749464,0.76024455,0.85426307,0.6926147,0.8769323
0.71779555,0.12956697,0.71941906,0.11288688,0.71130556,0.113341145,0.715354,0.11908246,0.6864976,0.118112,0.718801,0.2198716,0.66189873,0.22043662,0.74445695,0.35363287,0.63621944,0.3536006,0.76431507,0.44058478,0.62738115,0.46933863,0.7268371,0.47769764,0.68785256,0.48716822,0.7470337,0.67441255,0.69014394,0.6896719,0.7649918,0.85956585,0.69260794,0.8805325
0.7190816,0.12961791,0.7207108,0.11271395,0.71270823,0.11310835,0.716451,0.11792743,0.6880766,0.117028244,0.719613,0.21761324,0.6633462,0.21872035,0.7436054,0.35181525,0.6382257,0.35130426,0.76239085,0.44417143,0.6302361,0.46341032,0.72755903,0.47769397,0.68856895,0.4868922,0.74855965,0.6787411,0.6897286,0.6907851,0.7688415,0.8688074,0.6926688,0.88280237
0.71944714,0.12735628,0.72150415,0.11058808,0.71308386,0.11073517,0.71788144,0.1163772,0.68899935,0.11486022,0.72039205,0.21746637,0.6650232,0.21759985,0.7424141,0.3531154,0.6414436,0.34914264,0.7602539,0.44730166,0.6345363,0.4584836,0.7279863,0.47836298,0.68929935,0.48709267,0.74929285,0.67920625,0.6897995,0.69081336,0.77042466,0.8685047,0.69312817,0.8825014
0.7194099,0.12425026,0.7217931,0.10715835,0.7127887,0.10781766,0.71929896,0.11289356,0.68942857,0.11273273,0.72224265,0.21487765,0.6665197,0.21692544,0.7420098,0.3551101,0.6452279,0.35359564,0.757008,0.46290272,0.6420843,0.46785972,0.7287106,0.47644922,0.6895583,0.48556402,0.7501353,0.67811424,0.6904234,0.6889704,0.7709529,0.8715916,0.69375837,0.8823113
0.71971816,0.12132092,0.72238547,0.10415437,0.7128005,0.10515468,0.721167,0.11088312,0.69000775,0.11130537,0.72477263,0.21461539,0.6683706,0.21591929,0.7428001,0.35555372,0.6499164,0.35251582,0.75388545,0.46955982,0.6517805,0.47421345,0.73093146,0.47543144,0.6910066,0.48389253,0.7512785,0.67868674,0.6909687,0.68801606,0.7727479,0.8748495,0.69453084,0.8816704
0.7176591,0.115073465,0.7217915,0.09810314,0.7105049,0.09895808,0.72387993,0.10686824,0.69021285,0.106796235,0.72822565,0.21400106,0.6703325,0.21391405,0.74391776,0.3583546,0.6524658,0.349464,0.75293916,0.48218107,0.6551389,0.47360048,0.731954,0.47557452,0.6908726,0.48350954,0.7532651,0.6760363,0.6906225,0.68680006,0.7744993,0.872719,0.6944349,0.8843841
0.71452785,0.11168983,0.7203831,0.09459677,0.7073862,0.09549097,0.7267267,0.10420078,0.6917601,0.10447706,0.7336063,0.21362637,0.6742347,0.21334042,0.74722934,0.35583746,0.65550345,0.3507148,0.75309706,0.47094163,0.6601974,0.4777377,0.73350394,0.47497654,0.69157815,0.48152074,0.75440216,0.6791367,0.6905686,0.6872517,0.7758601,0.87465125,0.69533485,0.88612205
0.7124607,0.10949199,0.7196271,0.091933824,0.7050184,0.093371175,0.7296459,0.102877624,0.69251,0.10485764,0.7384556,0.21548775,0.67835826,0.21519026,0.7494672,0.35463053,0.6596007,0.34789595,0.75261015,0.4563587,0.66335416,0.46520683,0.7366409,0.4791513,0.6941407,0.4842961,0.75579154,0.6836559,0.69081897,0.68968093,0.77710056,0.87751776,0.6955592,0.88860923
0.71070164,0.11023503,0.7186443,0.09212517,0.70356905,0.09358766,0.73186874,0.10324615,0.69486266,0.105790205,0.7440146,0.22166577,0.6825252,0.21679434,0.7543673,0.36740947,0.66232735,0.34893936,0.7566452,0.46366447,0.6682338,0.46727413,0.7397582,0.48926973,0.69659364,0.49087358,0.757647,0.6942374,0.6917841,0.6933948,0.7790755,0.8843068,0.69541234,0.8863541
0.70832676,0.11397242,0.7166397,0.095758826,0.7021047,0.09725597,0.73305255,0.10525596,0.69710606,0.10887579,0.7486618,0.2214198,0.6874219,0.21896785,0.75980836,0.35883784,0.6676044,0.3456603,0.7583994,0.44618997,0.6713231,0.45787182,0.7427501,0.49611622,0.6997912,0.4959487,0.75909585,0.70023954,0.6928424,0.695258,0.7797898,0.88972044,0.69491607,0.8850916
0.7079195,0.11352101,0.7164734,0.093990296,0.70279425,0.09556154,0.7350334,0.104397714,0.701204,0.106476344,0.75397915,0.22215632,0.69333214,0.21826583,0.76374793,0.36625555,0.674222,0.34863302,0.75988835,0.47416303,0.6769175,0.45701265,0.7473744,0.49287868,0.7036735,0.4905627,0.76217335,0.7034472,0.69375986,0.69183296,0.7825396,0.8976694,0.6946593,0.880004
0.70890236,0.11398891,0.71743006,0.09484953,0.7042129,0.096000805,0.73754185,0.10484149,0.7040526,0.10716912,0.75825554,0.221952,0.6986651,0.22030888,0.7714497,0.36872768,0.68112123,0.3518073,0.77264374,0.49115276,0.68105334,0.4550008,0.7519928,0.4936756,0.7093188,0.49051973,0.76490873,0.7059749,0.69676375,0.69050324,0.7830225,0.8997855,0.6946306,0.8725225
0.7098675,0.11372808,0.7183038,0.09523774,0.7057429,0.09582132,0.73859507,0.10456134,0.7065391,0.105413795,0.7617348,0.2193253,0.70227337,0.21849926,0.7798118,0.36665842,0.6876225,0.34812233,0.7824495,0.5008968,0.686482,0.44695777,0.756064,0.49392268,0.7139875,0.48989272,0.76772463,0.70760804,0.6996082,0.689787,0.7822957,0.901237,0.6943423,0.8699118
0.7111871,0.11500289,0.7186287,0.09582209,0.7073516,0.0977095,0.7406146,0.098388486,0.7097535,0.105666324,0.7657504,0.20662153,0.7072552,0.21496856,0.7863057,0.34789398,0.6909137,0.3511522,0.7915473,0.47951192,0.68703336,0.4495528,0.7588864,0.4899732,0.7183761,0.48700923,0.7682389,0.70330536,0.7042257,0.6867441,0.78112555,0.9049861,0.6974041,0.87085086
0.71273506,0.10834071,0.72057384,0.08859616,0.70886195,0.09024799,0.7432608,0.09270821,0.7121094,0.0985371,0.7696555,0.20325491,0.71180385,0.21295902,0.7929196,0.33881974,0.69872206,0.35292014,0.8045374,0.4614504,0.6923844,0.45178232,0.7633824,0.4892647,0.7232503,0.48607948,0.77191484,0.7061709,0.7069239,0.68379515,0.78298277,0.90783453,0.698888,0.8657324
0.7142303,0.10978241,0.72169775,0.089894235,0.7110425,0.09165933,0.74501,0.09078153,0.71598876,0.09689713,0.7728349,0.1991117,0.7159049,0.20927933,0.7996492,0.33784142,0.7033195,0.3521564,0.81731683,0.4747943,0.69508696,0.4533359,0.7649411,0.48853248,0.72613496,0.4849506,0.77361685,0.70664215,0.7117966,0.68170565,0.7839133,0.9077946,0.70427865,0.860537
0.71689314,0.11197809,0.72430205,0.091721,0.71399766,0.09353756,0.7485091,0.08998343,0.719945,0.09610577,0.77706736,0.19770007,0.720118,0.20628294,0.8064724,0.33810383,0.7073064,0.35754713,0.82703507,0.46259564,0.6993074,0.4696647,0.767646,0.48919284,0.7295928,0.4843784,0.77399504,0.7037087,0.717318,0.6757569,0.784785,0.90817636,0.7130702,0.8571794
0.71881086,0.113491856,0.7260745,0.09311565,0.71597254,0.0956297,0.7508867,0.08992799,0.722317,0.098163545,0.780393,0.19324316,0.7230247,0.20669807,0.8114773,0.32246286,0.7104172,0.35223413,0.8358099,0.45806113,0.70396036,0.4633943,0.7703733,0.4842201,0.7324652,0.48072696,0.7755372,0.69781303,0.7209948,0.6686002,0.7858807,0.90655917,0.7176804,0.84880924
0.7206806,0.11431186,0.72791773,0.093297265,0.7175791,0.09650676,0.7530542,0.0874506,0.7239961,0.09757939,0.78220576,0.18950441,0.7254287,0.20653045,0.81354344,0.3137805,0.7138356,0.3568381,0.8435661,0.44153908,0.7078127,0.4641122,0.77145976,0.4829052,0.7345387,0.48051858,0.7754225,0.6986935,0.72567385,0.66623986,0.78694826,0.904315,0.7256365,0.8383145
0.7210898,0.1164204,0.7280841,0.09559082,0.71880573,0.09910848,0.7541149,0.08755243,0.727228,0.09777712,0.7851409,0.18723235,0.72931445,0.20257537,0.82005465,0.30795443,0.7186345,0.34496874,0.8500924,0.44609186,0.71166605,0.46063203,0.7733265,0.48447776,0.73788995,0.48082465,0.77418756,0.70149666,0.7302467,0.6673815,0.7884796,0.9028803,0.7353331,0.83284533
0.72258043,0.11935298,0.7294276,0.09846004,0.72023094,0.10248324,0.75564116,0.08845037,0.72894883,0.099814676,0.78631675,0.18539181,0.7323346,0.20108011,0.8212177,0.3030238,0.72199094,0.34108368,0.8503067,0.43085018,0.71495783,0.45477661,0.775495,0.48259082,0.7416995,0.4797473,0.7745933,0.70059985,0.7365306,0.67046225,0.78875726,0.90223294,0.7433035,0.8381356
0.72348124,0.12368158,0.73024267,0.10296689,0.72117645,0.10698259,0.75660115,0.09141446,0.730547,0.1028397,0.78689307,0.18594828,0.73550785,0.20276944,0.82096857,0.29763788,0.7264321,0.34288695,0.8494477,0.4135288,0.71787214,0.45440212,0.7774763,0.48462865,0.7457668,0.48202577,0.7746323,0.7016325,0.74134684,0.6704571,0.7898086,0.8982002,0.7509639,0.8315195
0.72428197,0.12483585,0.7307409,0.10408736,0.72246253,0.1086044,0.757295,0.09184819,0.73307294,0.10436154,0.7877504,0.18432742,0.73863393,0.20424584,0.8213585,0.2946143,0.7295737,0.34939435,0.84845984,0.40783483,0.7205649,0.4618971,0.77920043,0.48375934,0.7492765,0.48245198,0.77486545,0.7004703,0.7458932,0.6700731,0.7929031,0.9005756,0.7593958,0.8319779
0.7249257,0.1261416,0.73141,0.10611713,0.7234041,0.10983398,0.7577626,0.09413942,0.73455423,0.104475856,0.78769875,0.184973,0.74113667,0.20268562,0.82225865,0.29710376,0.73447794,0.3484301,0.8454649,0.4081956,0.7259204,0.46382117,0.7800972,0.4834749,0.75214714,0.4817945,0.7747366,0.69999814,0.7501701,0.6722561,0.793179,0.89978373,0.7665261,0.8359637
0.7254052,0.12993483,0.73154604,0.10766712,0.7245973,0.11288669,0.7560725,0.097510055,0.7366957,0.110242926,0.7873536,0.18802604,0.7425565,0.20998052,0.8212147,0.29897857,0.73774534,0.35556325,0.8390047,0.4016745,0.73051697,0.47266245,0.7816018,0.48565096,0.7532217,0.4861531,0.77535695,0.69498813,0.75274366,0.67120236,0.79311675,0.8885069,0.77168155,0.8378659
0.7267739,0.12871552,0.7322732,0.10891025,0.7258754,0.11391879,0.75727195,0.09544933,0.73893607,0.10881498,0.7887543,0.18067469,0.74591094,0.20352419,0.8234874,0.29044753,0.740839,0.34418714,0.83300227,0.4123425,0.7318354,0.45932576,0.78085274,0.48372698,0.75595146,0.48467138,0.7766889,0.69683605,0.75984263,0.677606,0.7947626,0.90108854,0.77857774,0.8482237
0.7283625,0.1267986,0.73279274,0.10598708,0.72822416,0.11219629,0.75709325,0.09593996,0.74358726,0.11159203,0.7881136,0.18583381,0.7502121,0.20914909,0.819397,0.29897672,0.74477667,0.35175982,0.8255192,0.40234077,0.73731214,0.45934108,0.78039753,0.4854923,0.7588591,0.4881903,0.77849185,0.69068366,0.765253,0.6782371,0.79460496,0.8955789,0.78120154,0.8551151
0.7300376,0.12709847,0.7340363,0.10731418,0.73011315,0.11250411,0.7562455,0.097909585,0.74547523,0.11041329,0.78601694,0.18720761,0.7521291,0.20688695,0.81536496,0.3105993,0.74971396,0.35055232,0.81010646,0.42452687,0.74004483,0.45820758,0.7813143,0.48324674,0.7628248,0.48604676,0.7788126,0.6897816,0.77274674,0.68413043,0.7913976,0.8930083,0.78997546,0.8673414
0.73317623,0.13081436,0.73736495,0.11069328,0.73196536,0.115662344,0.7584044,0.09900971,0.7454466,0.11176666,0.7852752,0.1880622,0.7541858,0.20560424,0.8106634,0.31024718,0.7529339,0.34545785,0.8031192,0.42582056,0.74424094,0.46218455,0.78109163,0.48321027,0.7644889,0.48570687,0.7790009,0.6947387,0.7761089,0.6885903,0.79130304,0.90023804,0.79196775,0.8721282
0.7354573,0.12920693,0.7396337,0.109950915,0.73423475,0.11417539,0.7595278,0.10201566,0.7459815,0.112619616,0.7835908,0.1904655,0.75376195,0.20904611,0.8056448,0.30750182,0.75467974,0.3455012,0.79316974,0.4227957,0.7450209,0.4586904,0.78478867,0.4708055,0.76840985,0.47516903,0.7835264,0.6861327,0.778366,0.685699,0.7933753,0.89124453,0.79279983,0.8762678
0.73587763,0.12888572,0.74020964,0.111026324,0.73528063,0.113669716,0.7600755,0.105991445,0.74774796,0.11245827,0.7823534,0.19400841,0.75653744,0.20544374,0.80027676,0.3171769,0.75764436,0.3399073,0.7812895,0.43344283,0.75016797,0.456221,0.7854479,0.46557006,0.7712714,0.4677821,0.782449,0.679501,0.7795736,0.68145925,0.7935575,0.887939,0.79468554,0.8777306
0.736509,0.14029513,0.738998,0.12178078,0.7372877,0.125419,0.75644743,0.11314375,0.75419825,0.121308506,0.7808034,0.1965235,0.76354015,0.2072258,0.79570216,0.3263226,0.76210296,0.34468246,0.7711619,0.44737387,0.752465,0.45522597,0.78637165,0.4733394,0.7779426,0.47491094,0.7810793,0.6828442,0.78365874,0.68329626,0.79503626,0.8934743,0.7961199,0.8766449
0.7398607,0.14804542,0.7420076,0.12953837,0.74066794,0.13316269,0.7578833,0.11964182,0.75785345,0.12756597,0.78054184,0.19972007,0.7678225,0.20975934,0.79272354,0.32969344,0.7647969,0.3444156,0.76627934,0.44733557,0.75252587,0.44412175,0.7872794,0.47441962,0.7816313,0.476259,0.7812932,0.6802259,0.78543025,0.6833167,0.7962263,0.8917503,0.79583615,0.8778195
0.7418446,0.14776434,0.74411327,0.12944171,0.74279344,0.13260426,0.7598708,0.12300565,0.76032156,0.12949388,0.78056395,0.20878576,0.77026725,0.21569683,0.7886602,0.34313077,0.7650357,0.3538797,0.76078266,0.45545912,0.75028497,0.44985688,0.7867377,0.47563815,0.783175,0.47580805,0.779061,0.67897975,0.7883069,0.67672884,0.7939468,0.8906168,0.8010435,0.8687813
0.7434234,0.147672,0.74538225,0.13046302,0.7451082,0.13225614,0.7604496,0.12848066,0.7647175,0.13048653,0.77860093,0.21549276,0.77638054,0.21550056,0.782979,0.34725097,0.77156556,0.35269207,0.7556668,0.45572785,0.75179315,0.45252988,0.786716,0.47290307,0.78841156,0.46968618,0.7765468,0.6792616,0.790547,0.6691269,0.791244,0.8927244,0.8043523,0.86136
0.7459325,0.15654925,0.74790806,0.13870469,0.74719304,0.14033845,0.7631323,0.13331209,0.76709104,0.13480935,0.7786064,0.21960257,0.7813263,0.21653312,0.7797645,0.35436037,0.7772639,0.35535946,0.7536359,0.45956042,0.75286335,0.45055848,0.78654987,0.47514766,0.7914199,0.4704941,0.77726936,0.6813362,0.7935357,0.66826344,0.7900726,0.8961754,0.80532724,0.86146975
0.74722946,0.16141617,0.74885553,0.14358193,0.74869436,0.14489464,0.7633556,0.13689208,0.76939875,0.13756686,0.7783541,0.22163312,0.78449005,0.2162491,0.776851,0.35799196,0.7789594,0.35579517,0.75045556,0.464195,0.7527237,0.45166114,0.7881857,0.47365248,0.7956187,0.4676892,0.7763655,0.6795407,0.7968506,0.66280407,0.7876367,0.89689475,0.8083634,0.8567687
0.7494177,0.16893926,0.75117654,0.15127613,0.7510014,0.15237068,0.76575154,0.1438114,0.77152514,0.14400215,0.77897453,0.22671367,0.786574,0.22032854,0.7742476,0.36264715,0.77963567,0.3580672,0.7484413,0.47295532,0.7523163,0.45771405,0.78834456,0.47360107,0.7964721,0.46745697,0.7767507,0.6770587,0.7968948,0.6612789,0.78752226,0.8922037,0.80745167,0.854433
0.7516369,0.1781003,0.7528099,0.16023406,0.7535671,0.16109519,0.76610464,0.14941348,0.77564704,0.14867336,0.77898014,0.22784027,0.7918477,0.21908817,0.77396625,0.36387756,0.7852184,0.35566732,0.74819684,0.47358033,0.75500244,0.45492205,0.7891255,0.47532064,0.80072576,0.46806568,0.77716154,0.6748327,0.79878414,0.6578695,0.7879792,0.88617927,0.80738556,0.84683394
0.7526827,0.17574155,0.75372434,0.15786998,0.7547188,0.15852246,0.7662587,0.1482757,0.77740175,0.14669286,0.77832144,0.2274439,0.79452306,0.21849869,0.7740809,0.36152962,0.7891651,0.35435724,0.75020665,0.47065172,0.75817317,0.4495211,0.78892154,0.47507834,0.80276793,0.4677848,0.7770155,0.6727629,0.7997532,0.65576696,0.787223,0.8812869,0.80753344,0.8417882
0.7545299,0.17565764,0.7558893,0.15879506,0.755981,0.15843451,0.7684513,0.15101773,0.77846193,0.14720961,0.77903694,0.22739868,0.7972307,0.21624032,0.77495366,0.3642329,0.7928897,0.35489064,0.75123614,0.47643843,0.76487607,0.44412276,0.7889903,0.47544056,0.80359095,0.4675712,0.77667147,0.66983986,0.80009365,0.65325624,0.7853985,0.8799358,0.8077406,0.8373298
0.75548863,0.1748306,0.7570142,0.15833984,0.7570192,0.15778321,0.7696157,0.1521288,0.77947617,0.14757821,0.77875334,0.2283745,0.79906124,0.21704529,0.7749469,0.3611141,0.79720706,0.35275245,0.7548055,0.47050482,0.77184695,0.43795925,0.788929,0.47310278,0.80499953,0.46560618,0.77645683,0.66707665,0.80220604,0.65193886,0.78360385,0.8736125,0.81063503,0.8342497
0.75690883,0.17457426,0.7586431,0.15929942,0.7586295,0.15695481,0.7704809,0.15363754,0.780946,0.14501299,0.778097,0.2278026,0.80168295,0.21337312,0.77517694,0.3592344,0.80351275,0.3464739,0.7565684,0.46636254,0.7797813,0.42974773,0.7899364,0.46702874,0.80751914,0.45837063,0.77785814,0.66710347,0.80266875,0.65009385,0.7846202,0.8697922,0.8101436,0.8292105
0.757165,0.17475383,0.7590868,0.1594618,0.7588348,0.1571244,0.7711149,0.15375453,0.78114504,0.14486955,0.77776873,0.22828962,0.802928,0.2131009,0.7744136,0.35869455,0.80599463,0.34390867,0.7571842,0.46214747,0.78316945,0.42670166,0.79074264,0.46567422,0.8092386,0.45716903,0.777415,0.66444993,0.8027855,0.64894503,0.7858244,0.8635875,0.81145686,0.825262
0.7582054,0.17755143,0.7601127,0.16167466,0.759682,0.15976319,0.7722769,0.15421937,0.78236616,0.14614458,0.7778226,0.22829139,0.805592,0.21288663,0.7735461,0.35742983,0.80968136,0.3419179,0.7573187,0.45957285,0.7855105,0.42389834,0.79047596,0.46555945,0.81042403,0.45701957,0.77782524,0.6641042,0.80259556,0.648821,0.7872973,0.8618317,0.8105761,0.82373494
0.75823647,0.17722926,0.7600331,0.1608188,0.7598175,0.15957604,0.77179474,0.15334423,0.78315943,0.14635296,0.776519,0.22827213,0.80723375,0.21268032,0.77229774,0.35830244,0.81163436,0.33968616,0.75680304,0.4552519,0.7875623,0.41594672,0.7892185,0.46375805,0.81084865,0.45574683,0.77716404,0.6600505,0.8019104,0.6472585,0.7896827,0.8557637,0.81066674,0.82115495
0.75866103,0.176649,0.76061565,0.15983509,0.7603542,0.15947162,0.772763,0.15229309,0.78409946,0.14685857,0.7759721,0.227993,0.8088233,0.21396616,0.7705622,0.35802576,0.8128869,0.3391921,0.75553185,0.45634422,0.7880415,0.4170621,0.788168,0.46204394,0.8110854,0.45586938,0.7770692,0.6521381,0.80238503,0.6470717,0.79117817,0.8412438,0.8117811,0.8194936
0.75775605,0.17647697,0.7599222,0.15944365,0.7599391,0.15953049,0.7724982,0.15230033,0.78433424,0.14748517,0.7744998,0.22888897,0.80926675,0.21588327,0.76808923,0.35983014,0.8128691,0.3393264,0.7546272,0.45950827,0.78898555,0.41734904,0.7870051,0.46109533,0.81089395,0.4565861,0.77740884,0.6477223,0.8020464,0.64976555,0.7940065,0.83198726,0.811799,0.8218922
0.75770986,0.17739166,0.75986606,0.16020715,0.7599868,0.16045088,0.77247185,0.15302859,0.7847673,0.1482326,0.7739317,0.23002172,0.8100029,0.21706356,0.7673842,0.36186367,0.81481886,0.3420129,0.7535374,0.46588328,0.79025406,0.42573208,0.7860732,0.46111247,0.81073916,0.45688686,0.7778024,0.6455403,0.80215293,0.64873695,0.79566103,0.8252331,0.8126314,0.81735694
0.756343,0.1774782,0.7584766,0.16047968,0.758931,0.16049138,0.77115816,0.15415294,0.78415567,0.14858831,0.77273476,0.23100244,0.80896807,0.2178046,0.76590484,0.3619556,0.81378365,0.34297624,0.7513444,0.46590155,0.78743356,0.42739093,0.78523546,0.46079847,0.8098184,0.45650455,0.7788793,0.6446009,0.80143493,0.6471007,0.7979765,0.82036966,0.81256944,0.81226623
0.7558036,0.17791158,0.75747406,0.16232784,0.75885063,0.16098852,0.7671692,0.16034378,0.7862402,0.15400173,0.7726341,0.23684058,0.80452436,0.22338322,0.76633185,0.36921084,0.81190234,0.34654173,0.75111324,0.46408203,0.7875607,0.43625417,0.7875502,0.45894784,0.8087187,0.45146722,0.78203636,0.6329091,0.79863745,0.62770104,0.8011552,0.8114591,0.8119233,0.7971992
0.75462556,0.17827937,0.75634193,0.16266505,0.75771505,0.16127972,0.7659592,0.16258043,0.78531355,0.15587445,0.7708455,0.24190141,0.80403227,0.22752763,0.76484185,0.3741884,0.8132486,0.3472566,0.74914783,0.4685132,0.7897231,0.4316132,0.78632635,0.46267465,0.8079692,0.45507523,0.78170276,0.6330911,0.79793924,0.62801796,0.8017934,0.8055607,0.81137866,0.79142517
0.75414896,0.17970388,0.75606906,0.1640517,0.7571141,0.16266735,0.7658687,0.16524169,0.7845629,0.15849401,0.76997656,0.24616103,0.8035828,0.23163618,0.76310337,0.3778444,0.81360924,0.3492116,0.74681056,0.4697662,0.7905633,0.42839688,0.78555435,0.46303493,0.8071856,0.45550328,0.7815952,0.6323946,0.79729044,0.6275495,0.80179423,0.80465716,0.8102261,0.79081255
0.75215065,0.18216926,0.75385875,0.16634923,0.7552814,0.16496907,0.7633393,0.16795255,0.78321636,0.16082342,0.7671369,0.25002125,0.8027806,0.23432186,0.76057154,0.38401738,0.8140566,0.3516702,0.7435897,0.48464593,0.791335,0.43615705,0.7836862,0.46844596,0.8061973,0.46047264,0.779944,0.6362978,0.7943122,0.63111055,0.80295,0.8062709,0.80841774,0.7922215
0.74918115,0.19178791,0.75082195,0.17563757,0.75241727,0.17422931,0.76059055,0.1749748,0.780786,0.1677505,0.7640831,0.25424466,0.8008892,0.23762126,0.75758046,0.387731,0.812743,0.35297683,0.74198604,0.49111646,0.79094255,0.43936917,0.78042763,0.47276902,0.8035852,0.46425137,0.77793324,0.63846695,0.7908634,0.63262206,0.80272055,0.80367893,0.80553514,0.78886944
0.74703777,0.19637752,0.7502711,0.1814369,0.7500892,0.18028584,0.7636882,0.17925146,0.77345556,0.1697232,0.76539767,0.26172805,0.79668254,0.24274766,0.75555205,0.40327594,0.8091284,0.36829033,0.74065787,0.5048536,0.7887705,0.4712311,0.78118366,0.485468,0.8014168,0.47978124,0.77327996,0.6502055,0.7895481,0.65041465,0.80132115,0.8000069,0.8079341,0.795666
0.74429655,0.21283011,0.74768525,0.19788711,0.746904,0.19679515,0.7610093,0.19267693,0.76954645,0.18338853,0.76331156,0.2732432,0.7932676,0.25483483,0.7537686,0.41567934,0.80668133,0.3805893,0.7374521,0.51427484,0.78689736,0.47826183,0.77988183,0.49719664,0.7995047,0.4916802,0.7702742,0.6575871,0.78731066,0.6576333,0.79897565,0.80129445,0.80746716,0.7958093
0.7413198,0.22696525,0.7444076,0.21257453,0.74442416,0.2108691,0.7559469,0.21021996,0.76746434,0.19911551,0.7592824,0.29277262,0.79031587,0.27290043,0.74943036,0.43786457,0.8040619,0.39644957,0.730175,0.53750306,0.7845593,0.484764,0.7787928,0.5148325,0.7990377,0.5085153,0.7672945,0.6681721,0.78383887,0.6648307,0.7992042,0.8063606,0.8068413,0.79425985
0.73826355,0.24691491,0.74108577,0.23175368,0.7414749,0.23041567,0.75201786,0.22537255,0.76515776,0.21467769,0.75636095,0.30749625,0.7886821,0.28453326,0.74504006,0.463154,0.8011001,0.40866575,0.72653794,0.56812906,0.7791953,0.49526936,0.77930194,0.5302797,0.80022854,0.5227935,0.76571745,0.67895,0.7798396,0.6729929,0.8022553,0.8122481,0.8044534,0.7958996
0.734688,0.26377398,0.73654777,0.2451926,0.73735136,0.245651,0.74869245,0.23958701,0.7616339,0.2322282,0.75320023,0.3235414,0.78667945,0.3017489,0.7430196,0.47709352,0.7978258,0.42672756,0.7238006,0.58843666,0.7749802,0.5080509,0.77976894,0.53642654,0.8007647,0.5288782,0.7605117,0.6818799,0.7709457,0.6741391,0.7996495,0.82180953,0.79487807,0.7942218
0.72913474,0.28529614,0.73114175,0.26740977,0.73242986,0.26813546,0.7452905,0.2627858,0.7577401,0.25597054,0.7522198,0.34554017,0.782545,0.32485077,0.7417781,0.49442157,0.7921605,0.44539532,0.7205811,0.60657966,0.7710548,0.53023213,0.78032964,0.55443066,0.7997245,0.54717,0.75853044,0.69253784,0.77077,0.685441,0.79837507,0.8215329,0.7982132,0.79424304
0.72486895,0.31759092,0.7260795,0.29971328,0.7282146,0.30025044,0.7381696,0.28923488,0.7537287,0.28146732,0.74889386,0.3674531,0.77863204,0.33779463,0.7391222,0.5320771,0.78331834,0.455525,0.71164566,0.652066,0.7546445,0.5368029,0.7836809,0.5729309,0.8031091,0.5616843,0.7553157,0.6981883,0.7670391,0.6877484,0.8007417,0.82092565,0.79776496,0.7897798
0.72033733,0.34478298,0.72313,0.326479,0.72249067,0.3256902,0.73642516,0.32308075,0.7474905,0.3134394,0.74608654,0.39825594,0.7708823,0.3739663,0.73440635,0.5548953,0.7660147,0.5113906,0.7129163,0.6789564,0.7336179,0.6459985,0.79148334,0.58862627,0.80520004,0.57568175,0.7485918,0.69509345,0.754466,0.6806861,0.8029112,0.8137918,0.7955611,0.7846403
0.7131348,0.36788383,0.7157244,0.3490202,0.7156944,0.3485013,0.7297768,0.34672785,0.74195,0.33745337,0.74349695,0.42351878,0.7659058,0.3997305,0.7351778,0.5841777,0.7568116,0.5418211,0.7057721,0.70810145,0.7185217,0.6811844,0.7927669,0.6058309,0.8050284,0.59264785,0.7462837,0.70787054,0.75262195,0.69309676,0.80142957,0.81253743,0.7974164,0.78271645
0.70932806,0.40479803,0.712197,0.38521993,0.7118422,0.38464466,0.7278232,0.3804834,0.7385252,0.3709816,0.7422912,0.45206422,0.76300025,0.42708975,0.73021334,0.61771953,0.7475478,0.5736409,0.7026481,0.7230234,0.7100603,0.69905204,0.7937178,0.6217558,0.80534595,0.6079151,0.74726874,0.7098333,0.75537384,0.694357,0.79464746,0.8196755,0.79537857,0.787977
0.70602864,0.426253,0.70900416,0.41449982,0.71074545,0.41053575,0.7214818,0.40745246,0.73114544,0.38953096,0.73753536,0.4800677,0.753823,0.43614167,0.72391504,0.6615211,0.73978215,0.53951955,0.6983405,0.77989906,0.70924455,0.62079537,0.79350483,0.6196185,0.8046822,0.60383433,0.7425751,0.6949666,0.7549736,0.6838298,0.7924173,0.80606675,0.79748315,0.78533995
0.70141506,0.4635143,0.70410335,0.45363683,0.70562977,0.44812676,0.7164498,0.44413695,0.7246259,0.42298192,0.733273,0.50681454,0.74951684,0.4529489,0.7193145,0.6806214,0.7351019,0.5378239,0.6917054,0.80191946,0.70525515,0.6260054,0.79451245,0.6281608,0.80571747,0.6081674,0.74039537,0.7007209,0.75672066,0.68588233,0.78248996,0.8089892,0.7956428,0.7874124
0.69797397,0.49609196,0.7010922,0.48707837,0.7007932,0.4820904,0.71531683,0.47923326,0.71633923,0.46068525,0.7323028,0.53661597,0.7422203,0.48341644,0.71595556,0.70667094,0.7233324,0.558951,0.68591684,0.83388436,0.6968476,0.6273082,0.7932341,0.63888144,0.800711,0.61842746,0.73360574,0.69205874,0.75630766,0.6801486,0.7605026,0.8145783,0.7895339,0.7974422
0.68931997,0.5218649,0.69317573,0.5126407,0.69241303,0.5077636,0.70822424,0.50808066,0.7060339,0.4892563,0.7260432,0.5675538,0.72865766,0.5216956,0.70847124,0.74477744,0.7122277,0.6321143,0.6787047,0.88170075,0.691512,0.7819894,0.79403365,0.654737,0.7939718,0.6401627,0.7431107,0.70825934,0.74600345,0.704493,0.786169,0.80764836,0.78690594,0.80632114
0.6835504,0.5507757,0.6857487,0.54214895,0.6875064,0.5336965,0.6989549,0.539787,0.70579624,0.5141546,0.7136666,0.5955878,0.73069936,0.5460316,0.69716555,0.7697664,0.7156002,0.6600159,0.6739566,0.9043965,0.6907138,0.8048353,0.78317714,0.68609315,0.79621905,0.6687944,0.72941107,0.72169405,0.756154,0.70572793,0.7506573,0.8398728,0.7867717,0.81190753
0.67617387,0.5991571,0.677958,0.5898997,0.6778657,0.5833447,0.6899969,0.5817626,0.69155914,0.56262326,0.70815474,0.6279585,0.71589863,0.58836925,0.6969828,0.79490495,0.7065032,0.70227563,0.6724257,0.903844,0.68008393,0.82513463,0.7806231,0.70362157,0.7872092,0.69092315,0.7374373,0.7518042,0.7549507,0.7344596,0.7622744,0.8425166,0.78861266,0.809807
0.65894777,0.64259374,0.6602632,0.6307394,0.6599671,0.62615114,0.6744342,0.6087334,0.6729909,0.59531134,0.706693,0.64061004,0.699671,0.60289204,0.703419,0.8224818,0.69754875,0.7352121,0.67223555,0.9229802,0.6716627,0.8867918,0.7879217,0.71320915,0.7804801,0.69876903,0.7507476,0.78739464,0.73053604,0.77065575,0.7859683,0.8156873,0.75880975,0.7970124
0.6541242,0.65781766,0.6545417,0.64924103,0.65582365,0.64523184,0.6676837,0.630041,0.6708619,0.61646473,0.6965001,0.6562605,0.69617546,0.6234836,0.70036846,0.8351635,0.70248127,0.76016885,0.67436993,0.90675294,0.67779726,0.8896331,0.776115,0.733066,0.7748929,0.72702885,0.7610957,0.8149808,0.7587835,0.80693287,0.7957449,0.8185878,0.79547226,0.8113479
0.649296,0.6852436,0.64972335,0.676657,0.64976406,0.67408836,0.6619852,0.6555668,0.661262,0.64657515,0.69076854,0.67376274,0.6862213,0.6505058,0.7016861,0.83599305,0.69510037,0.7749027,0.6792323,0.899662,0.6753188,0.88803643,0.7702377,0.73460597,0.76586896,0.73418146,0.7619909,0.82119954,0.75503254,0.8241154,0.7965965,0.8103862,0.7898779,0.81698525
0.64426893,0.7025252,0.6445121,0.6910746,0.6424567,0.68583053,0.6555446,0.6526597,0.65250605,0.6404016,0.68476766,0.6759902,0.688581,0.6384762,0.6963465,0.85436827,0.70305055,0.7733518,0.6800474,0.89795977,0.6768927,0.87623346,0.77133316,0.77628,0.77374923,0.7650818,0.7428039,0.8382085,0.7506505,0.8219936,0.76885206,0.8207179,0.78293854,0.7994909
0.63997376,0.7234591,0.63797456,0.7165984,0.64042217,0.7082489,0.6442903,0.68080026,0.6533534,0.6632861,0.6745538,0.69138074,0.68706506,0.65555686,0.69288933,0.86595434,0.70649403,0.8041195,0.6874381,0.8940362,0.6896656,0.87880075,0.7594182,0.76060206,0.7702021,0.74906373,0.7376735,0.835071,0.7632022,0.8098701,0.74687696,0.82104826,0.7889038,0.78689766
0.6281322,0.70316076,0.6242769,0.69904,0.6324025,0.6845576,0.6282448,0.6794978,0.6543191,0.6447085,0.6644041,0.7172215,0.6905913,0.64687055,0.69452846,0.8954464,0.7181096,0.779114,0.68321157,0.9010052,0.698158,0.87661725,0.7528053,0.7921323,0.77385986,0.7651749,0.73646814,0.84287095,0.77192646,0.79634243,0.74735373,0.81508446,0.79919,0.7658875
0.6203088,0.76049846,0.61599344,0.7575737,0.6221308,0.74178,0.61712044,0.7339046,0.6341869,0.6999326,0.6518855,0.7530925,0.66689384,0.68283284,0.6840062,0.9134816,0.7044019,0.7973346,0.67904866,0.90794617,0.6967965,0.887078,0.7484662,0.7799076,0.7587619,0.75620455,0.76572615,0.8640339,0.77534723,0.8067169,0.78706694,0.84892887,0.80007976,0.7833583
0.12899299,0.47894374,0.12901384,0.4724146,0.12733506,0.47330838,0.12719844,0.4699179,0.12126924,0.47180387,0.12580673,0.4862544,0.111848794,0.4961069,0.14533786,0.4914162,0.11057287,0.5234377,0.15967268,0.49745005,0.13121723,0.5310697,0.11947359,0.5644069,0.11079084,0.5724175,0.14088336,0.5524555,0.13283949,0.56135994,0.13782535,0.6213567,0.1337689,0.6354432
0.65292996,0.82065696,0.64763,0.8230605,0.6544738,0.82712847,0.6344814,0.8643662,0.65961933,0.8802598,0.63426876,0.9126076,0.6737814,0.910949,0.6213834,0.8902474,0.6695014,0.8612271,0.6345087,0.81121665,0.66224474,0.79979676,0.6696664,0.8896414,0.6956977,0.8946095,0.68618584,0.8035074,0.71139085,0.80544746,0.70669925,0.7774015,0.7193756,0.7789882
0.025044387,0.5082867,0.026069084,0.50032467,0.023814725,0.5025481,0.032462727,0.48746076,0.025074724,0.4926295,0.04679468,0.49320498,0.026353735,0.50386477,0.062422067,0.5141429,0.02428629,0.5453719,0.06549461,0.51106673,0.027795786,0.55689526,0.053753793,0.57039243,0.041222975,0.5744837,0.05507064,0.64049065,0.042156424,0.6436923,0.055295523,0.71145153,0.044030506,0.71199006
0.72590625,0.85475975,0.72340316,0.861878,0.73057085,0.8613607,0.70394343,0.90207577,0.7318914,0.907003,0.67381024,0.9235511,0.72173184,0.9095799,0.62075007,0.8760533,0.7089806,0.842022,0.6300696,0.7871359,0.7345962,0.8190729,0.65412086,0.85767806,0.6831782,0.8556342,0.6783924,0.7265156,0.70377713,0.72250783,0.69108814,0.6639773,0.70896316,0.66963625
0.6623719,0.81247413,0.6593892,0.8098806,0.6641765,0.8137155,0.6493521,0.85011834,0.6709097,0.8644705,0.6372143,0.9210253,0.691549,0.8942485,0.6059262,0.87164694,0.70383763,0.77574575,0.63469493,0.74368733,0.7222223,0.66008216,0.6592788,0.85533726,0.6941804,0.84846294,0.66678256,0.73778486,0.7010039,0.7205048,0.69458085,0.6471684,0.7138118,0.6312124
0.69506264,0.8536602,0.6923662,0.854059,0.7010793,0.8531695,0.6788863,0.89363056,0.7110227,0.90111387,0.6587609,0.9488058,0.71764773,0.93098736,0.6015707,0.93741685,0.6944923,0.87398803,0.62802714,0.81075,0.70277834,0.72773963,0.6647999,0.872902,0.7027804,0.86380094,0.6688473,0.7884691,0.700095,0.7674789,0.6763403,0.6756123,0.6933631,0.64845663
0.69102925,0.87721664,0.6860271,0.8706521,0.69437337,0.87438387,0.66851246,0.89261734,0.697061,0.910337,0.64922756,0.94392365,0.70525044,0.950126,0.6112233,0.93578017,0.68843454,0.9255644,0.6415842,0.79013044,0.694859,0.7469498,0.66611505,0.88109136,0.70388645,0.88623774,0.66968787,0.77527076,0.7048415,0.7757757,0.68810934,0.67252517,0.7011221,0.65966666
0.7296658,0.89175636,0.7264307,0.8913437,0.7330598,0.8941675,0.7061341,0.91112506,0.7325129,0.9288229,0.67644906,0.9154743,0.71833485,0.9235718,0.6378193,0.8508521,0.6884413,0.85094106,0.6624675,0.73896486,0.7089462,0.71038324,0.6357431,0.83845437,0.6623017,0.8403941,0.6667418,0.74271387,0.6911511,0.739071,0.6582859,0.6687829,0.6694055,0.6523937
0.71823925,0.910146,0.7163791,0.90660584,0.7184417,0.9089511,0.7042363,0.9133798,0.7170436,0.92806673,0.6755783,0.92362154,0.7207138,0.8923041,0.62930703,0.9079787,0.6965315,0.7936663,0.64336264,0.82617235,0.70880574,0.6846779,0.65148014,0.76192,0.6803469,0.75148565,0.6837921,0.73183244,0.71517676,0.72596604,0.6753854,0.62758744,0.68741953,0.6250596
0.7377746,0.9278048,0.7367547,0.92825377,0.73830414,0.92628056,0.73940915,0.91416466,0.7380861,0.91491145,0.7342085,0.84783083,0.7353749,0.851337,0.7362907,0.70556015,0.7166477,0.73977107,0.7275418,0.6307172,0.7312641,0.65227306,0.68994206,0.7448231,0.69054455,0.73366004,0.67724603,0.84273213,0.6788254,0.85161626,0.6081712,0.90006274,0.60656726,0.9198734
0.13928804,0.47952527,0.13671735,0.47114763,0.13888134,0.4725051,0.120858684,0.46664554,0.13811725,0.4688139,0.11465325,0.49109522,0.13752164,0.49275744,0.12530921,0.51112896,0.15548448,0.50727874,0.15381782,0.5128764,0.1665817,0.4951887,0.115291774,0.6124535,0.1306022,0.61514556,0.1367532,0.66396666,0.14766744,0.6641692,0.13894773,0.73615474,0.14951672,0.73934036
0.12437222,0.5072792,0.12478199,0.49777424,0.12143642,0.500822,0.12767078,0.4912544,0.11634852,0.49950907,0.13694099,0.50942546,0.112980604,0.5319512,0.16072917,0.4901724,0.106377654,0.55381626,0.1647843,0.47741225,0.11288812,0.57854563,0.14348939,0.62227976,0.12909593,0.63462514,0.15173303,0.67773175,0.1418508,0.6892941,0.15740179,0.73851585,0.15409398,0.7528679
0.025132729,0.50729126,0.024782045,0.49940154,0.026261179,0.49949938,0.025781045,0.48927507,0.03730222,0.48649976,0.027686333,0.51021427,0.050397117,0.50058585,0.023039449,0.54161125,0.07107035,0.52251935,0.030360995,0.53568304,0.0683886,0.5177503,0.043005202,0.6046208,0.057804532,0.59950805,0.038626652,0.67104137,0.05439324,0.6654376,0.041628074,0.73030347,0.053735625,0.7193797
0.025766915,0.49296772,0.02523358,0.48656756,0.026865268,0.4866676,0.023913968,0.4807311,0.034492742,0.4790092,0.023856137,0.5029508,0.04338192,0.49756995,0.018206045,0.5284746,0.06419025,0.51971996,0.027622178,0.51219195,0.069314755,0.5084057,0.03717882,0.5948652,0.049699273,0.59236807,0.03803116,0.6640397,0.051657595,0.66015947,0.042969283,0.72198087,0.053510245,0.71461713
0.122574344,0.47442007,0.12181079,0.46707204,0.11990867,0.4695172,0.120865725,0.46477965,0.11286415,0.46990824,0.12194764,0.48368,0.109889925,0.49666756,0.14858405,0.47433394,0.11554517,0.50998354,0.1665166,0.4797445,0.13395594,0.50218654,0.121114336,0.5745265,0.113929115,0.5836568,0.13537328,0.5499615,0.13126536,0.561034,0.13877964,0.6114323,0.13825677,0.62884355
0.8889248,0.33873063,0.89637136,0.321897,0.8892342,0.3259293,0.91861534,0.32759026,0.8980729,0.33191308,0.9313596,0.41614836,0.90175647,0.40962464,0.9126005,0.5383802,0.87735873,0.5076207,0.8628135,0.5707129,0.8519065,0.56034845,0.9082754,0.62563837,0.8894987,0.60518956,0.8310737,0.66330403,0.81673205,0.64351135,0.8430998,0.86323273,0.8344076,0.83128196
0.88849175,0.33539516,0.89609385,0.31898856,0.88888305,0.32260558,0.91843987,0.32630968,0.8976423,0.32965267,0.93082774,0.41611907,0.90116274,0.40965807,0.9120793,0.537879,0.8770564,0.5084481,0.8628173,0.5709998,0.85181075,0.56113434,0.9081343,0.6253523,0.8892952,0.60514706,0.8313214,0.6627935,0.81667626,0.6435193,0.8434454,0.86313856,0.8347886,0.8321769
0.8882639,0.33423394,0.8959843,0.31789824,0.88870126,0.3214409,0.9184597,0.3257372,0.89748555,0.32872558,0.9303358,0.416221,0.90106887,0.4095815,0.91142607,0.53788966,0.8769828,0.50834674,0.8625974,0.57079434,0.8513093,0.561027,0.90774626,0.625198,0.8891401,0.6051753,0.8309596,0.6625622,0.81641454,0.64399225,0.84418374,0.86248046,0.83543456,0.8326401
0.88786834,0.3337677,0.89570904,0.31738672,0.8881165,0.3208312,0.9182585,0.32544643,0.8965236,0.32837492,0.92981094,0.41640067,0.9004604,0.41015837,0.9110759,0.53837097,0.876763,0.5098729,0.86306506,0.5709237,0.851295,0.5617129,0.907599,0.6251372,0.8889201,0.6054418,0.83121485,0.66059285,0.8166114,0.642595,0.84391326,0.86176866,0.83527863,0.83261454
0.8873084,0.3344886,0.8951443,0.31777003,0.88750297,0.3214341,0.917744,0.32489574,0.89589846,0.32832992,0.92942774,0.41575313,0.9000632,0.4100504,0.91102886,0.53862256,0.8764569,0.51056397,0.8630665,0.57050127,0.85101074,0.56181514,0.90752614,0.6257984,0.88885576,0.606421,0.8311617,0.6600131,0.81670123,0.64258474,0.8443474,0.86161745,0.8356783,0.83295316
0.88694125,0.33431196,0.8946509,0.3173188,0.8868974,0.3213322,0.91698056,0.32407922,0.89518213,0.32845643,0.92892754,0.41532034,0.9000465,0.4105355,0.91124743,0.5387023,0.87687457,0.5115615,0.8635089,0.56967866,0.8513031,0.56185985,0.90783435,0.6258946,0.88953686,0.6070107,0.83116734,0.659606,0.8172946,0.6431614,0.8442373,0.8610515,0.83568317,0.83303225
0.88644546,0.33457032,0.89400005,0.31750968,0.8856742,0.3207136,0.91466564,0.32487357,0.89242077,0.32931834,0.92588055,0.41807336,0.8973608,0.4126245,0.91171676,0.543501,0.87387735,0.51598096,0.8629703,0.5674957,0.8519983,0.56147456,0.90669364,0.62791944,0.88818216,0.60917646,0.83045924,0.66078293,0.816521,0.64646727,0.8435723,0.86620384,0.8333691,0.8422393
0.8856577,0.3366127,0.8928701,0.31916696,0.88487405,0.32306162,0.91333336,0.3251912,0.8920767,0.3312185,0.92534083,0.4173516,0.8973218,0.4125469,0.9114712,0.5436502,0.87402517,0.5161228,0.862966,0.5673901,0.8524252,0.5608594,0.90629387,0.62799925,0.88816804,0.6094612,0.82991135,0.66064674,0.8167734,0.6458055,0.8437031,0.86642104,0.83364785,0.8404573
0.88462096,0.34024513,0.8915712,0.3223097,0.88391984,0.32660162,0.9121683,0.3258698,0.8917556,0.33303788,0.92484504,0.41650483,0.89751625,0.4123553,0.9107858,0.54418886,0.87386006,0.51746255,0.8624816,0.5678715,0.85257286,0.561408,0.9059397,0.62866616,0.8883352,0.61021745,0.82993025,0.66032124,0.81760263,0.64475775,0.84346086,0.867375,0.8333878,0.83903813
0.88388014,0.34344026,0.89063543,0.32501072,0.88308233,0.32971644,0.91130906,0.3263556,0.89126474,0.3346141,0.9245818,0.41554168,0.8979716,0.41177985,0.91064894,0.54432786,0.8742992,0.51759225,0.86272925,0.56791985,0.852647,0.561259,0.90636533,0.62854266,0.8893003,0.610023,0.829546,0.6590848,0.8180084,0.6428819,0.8427871,0.86797976,0.8329897,0.8377364
0.8824417,0.3470162,0.8886817,0.32829338,0.88198274,0.33339185,0.90920156,0.32737797,0.89145917,0.33654603,0.9240414,0.41412166,0.89867586,0.4110241,0.9107149,0.5436393,0.8747468,0.5177415,0.8623312,0.5681795,0.85226196,0.56044185,0.9067492,0.62971944,0.89062625,0.6111148,0.82928336,0.65910953,0.8186106,0.6419575,0.8425361,0.8694363,0.8326952,0.8364813
0.8819281,0.3502085,0.8884088,0.33102325,0.8808287,0.33641896,0.90907174,0.3286765,0.8892364,0.33882225,0.9236836,0.4147284,0.8975426,0.4125202,0.91063005,0.5441258,0.8746485,0.5187151,0.8621643,0.56847686,0.8519077,0.56200665,0.9071482,0.6294533,0.8904815,0.61119044,0.8293399,0.6589034,0.818374,0.642001,0.84249526,0.8698353,0.83293146,0.83697146
0.88069534,0.34983835,0.88688534,0.3306787,0.87984145,0.33618522,0.9074394,0.3282364,0.88899916,0.33860373,0.9231125,0.41389972,0.89735574,0.4117184,0.91077673,0.54422146,0.8745591,0.5187571,0.86183864,0.5690552,0.8516102,0.56201816,0.9070713,0.6300768,0.89069605,0.61166906,0.82943505,0.658524,0.8185879,0.64102715,0.8425374,0.8707919,0.8327362,0.8367256
0.8796015,0.35130233,0.88569397,0.33173767,0.878735,0.3376081,0.9065439,0.3281276,0.88845176,0.3394164,0.92254823,0.4133354,0.897973,0.4123218,0.91039675,0.54300106,0.875192,0.5191934,0.86160403,0.5687864,0.8510561,0.5613537,0.90714055,0.6308608,0.8916406,0.6128095,0.8290433,0.6577717,0.8192238,0.64086956,0.84206676,0.8708912,0.8328158,0.8365492
0.87919533,0.3529847,0.88516474,0.33328208,0.87820065,0.33939737,0.9058694,0.32874215,0.8879065,0.3406461,0.9219662,0.4129611,0.89790785,0.41227934,0.9095794,0.5425062,0.87503666,0.5189773,0.8614506,0.5678916,0.85090905,0.5607796,0.90745443,0.63028944,0.8923076,0.61253536,0.828839,0.6579927,0.8196894,0.64149797,0.8417662,0.87137675,0.832846,0.83707595
0.8784154,0.3539966,0.8840933,0.3337474,0.8770119,0.34055027,0.9042937,0.32764953,0.8865495,0.3413359,0.92112905,0.4115253,0.89734983,0.41157982,0.9090597,0.5431645,0.87460005,0.51881295,0.86082345,0.5686633,0.849772,0.5599499,0.90772486,0.630088,0.8927941,0.6127072,0.8290631,0.6578347,0.82023495,0.641409,0.84189206,0.8714069,0.83242095,0.8362631
0.87779903,0.35521278,0.88321143,0.3346245,0.87621754,0.3418253,0.9029174,0.32695785,0.88589764,0.34158728,0.91986686,0.40989596,0.8974312,0.41059777,0.90810347,0.5428383,0.87501043,0.51883316,0.8603549,0.5689479,0.8492481,0.55939823,0.907316,0.62950546,0.8933527,0.61269945,0.82854956,0.6560733,0.820905,0.6408219,0.8416611,0.86970973,0.83253926,0.8353395
0.8771376,0.36100903,0.8825404,0.33941856,0.8747735,0.34725216,0.9023843,0.3276102,0.8839723,0.3439444,0.919088,0.40927404,0.89795715,0.40953785,0.90650254,0.5463347,0.87658757,0.51958686,0.85964626,0.56938565,0.849214,0.55943614,0.90825385,0.6300274,0.89516205,0.6130517,0.8279767,0.65404737,0.8216382,0.63819003,0.8410036,0.8689372,0.8327381,0.8329196
0.8765227,0.36341834,0.8819036,0.34145275,0.8738185,0.3494811,0.90178615,0.32812133,0.88278216,0.3450082,0.91850406,0.40937972,0.89795107,0.4091776,0.9059413,0.5486903,0.87723935,0.5205762,0.8602547,0.56893694,0.84968466,0.5591378,0.9090075,0.62969273,0.8963027,0.61261016,0.8277907,0.6528909,0.8220938,0.63671947,0.84067184,0.869569,0.83289576,0.8328025
0.8757334,0.36271274,0.8811268,0.3412421,0.87314886,0.3488434,0.9007336,0.3296075,0.88190955,0.34542122,0.9176462,0.41117465,0.8965123,0.41009933,0.90532905,0.54992265,0.875755,0.5206096,0.85844487,0.5699946,0.8483252,0.56043196,0.9088271,0.6293426,0.8955539,0.6119655,0.8283914,0.6528247,0.82117474,0.63626605,0.8415081,0.8690715,0.8320303,0.83263946
0.8735215,0.3641346,0.8784108,0.34333378,0.87174714,0.35061508,0.897723,0.33108148,0.8821622,0.34590143,0.91615695,0.40982673,0.896172,0.40790108,0.904006,0.5478026,0.87478656,0.5181134,0.8562561,0.570385,0.84799874,0.5592144,0.90836567,0.6292089,0.89589196,0.6112767,0.82776004,0.65449893,0.8209936,0.63639194,0.8410508,0.87092364,0.8312918,0.8320026
0.8714647,0.36371848,0.87614614,0.34318036,0.87021583,0.35008413,0.8956277,0.33076954,0.8817839,0.34465203,0.9150812,0.40916649,0.89575034,0.40659332,0.9022092,0.5475772,0.87368137,0.51735395,0.8543317,0.5723954,0.8468243,0.55870324,0.9086715,0.6305297,0.8966791,0.61219347,0.8281334,0.65081424,0.82149786,0.631445,0.8404791,0.8676671,0.8307527,0.82726103
0.87002605,0.36558858,0.8742095,0.34531358,0.8690643,0.35245928,0.89292955,0.3335033,0.88101953,0.34789428,0.9141682,0.4106087,0.89380133,0.40812588,0.9026106,0.5496899,0.87149715,0.5195407,0.85468096,0.5712685,0.8463851,0.55823076,0.9083576,0.63064396,0.89574784,0.61225855,0.82790434,0.65003246,0.8209735,0.62947863,0.83997625,0.86801744,0.83007634,0.82610255
0.8659998,0.36845616,0.8700849,0.3483895,0.8654025,0.3555034,0.88934356,0.33654076,0.8783135,0.35076073,0.9121095,0.41242328,0.8917181,0.4101188,0.9013408,0.5506452,0.8701707,0.521333,0.85297555,0.5712914,0.8458083,0.5588553,0.90808165,0.63159007,0.8954158,0.61302245,0.8277826,0.6497231,0.82041466,0.6278578,0.8402708,0.8677937,0.83015454,0.8239107
0.86353636,0.3686231,0.8677459,0.34898666,0.8628746,0.35583776,0.8869878,0.33950242,0.87504214,0.35325694,0.9101513,0.41582638,0.88809377,0.414562,0.9002719,0.5523818,0.8675677,0.525676,0.852904,0.5700515,0.8452941,0.5578913,0.90766317,0.6299265,0.89374363,0.61209714,0.82842505,0.64578754,0.81951857,0.62470466,0.8398778,0.8641981,0.82933897,0.8220688
0.8588611,0.3679759,0.86326027,0.34879863,0.85830444,0.35526755,0.88317776,0.34076348,0.8703993,0.35396537,0.90772104,0.41698962,0.8835317,0.41653302,0.89881593,0.55218285,0.8644614,0.52776706,0.8498047,0.5708726,0.8444845,0.5570998,0.905945,0.62649584,0.8905055,0.6083688,0.82884943,0.64580667,0.8180858,0.62167186,0.83905613,0.8640664,0.82827085,0.8175594
0.85736865,0.3733798,0.8621823,0.35345784,0.8558427,0.3601973,0.8826122,0.34256962,0.8664876,0.35694006,0.9055271,0.41882718,0.8816066,0.41885927,0.8943594,0.5577303,0.86405814,0.5336139,0.8472558,0.57045054,0.84448606,0.55651146,0.90471584,0.6261501,0.8892065,0.6086511,0.82848567,0.64184725,0.81766456,0.61815,0.8381239,0.8622025,0.8271456,0.8157584
0.8547414,0.38143727,0.8591285,0.36135125,0.8531559,0.36813805,0.8790952,0.34618673,0.8644207,0.3609028,0.90273964,0.41861936,0.8802698,0.41858315,0.8900749,0.55963695,0.86354953,0.5362127,0.8435852,0.5734185,0.84354943,0.5588627,0.9036791,0.6295377,0.8891099,0.6121487,0.8289651,0.6434799,0.81853485,0.6179377,0.838051,0.86186475,0.82645696,0.8121998
0.8511044,0.38844225,0.8553199,0.36911437,0.8497245,0.37471297,0.87491035,0.3511751,0.8616957,0.3632722,0.8979675,0.41901216,0.8791997,0.41793367,0.8850005,0.56171066,0.8641946,0.5395981,0.840249,0.57921326,0.8423616,0.5619547,0.9021234,0.6294728,0.88985264,0.6121725,0.8289966,0.64342725,0.81946176,0.61758083,0.837574,0.86111486,0.82558364,0.8102437
0.8474413,0.3886755,0.85133237,0.36894542,0.8470292,0.37362257,0.87034667,0.35351777,0.86068743,0.36175522,0.8924433,0.41765767,0.8783989,0.41544652,0.881398,0.5576202,0.86353046,0.5345796,0.8375687,0.5886429,0.8400197,0.5739194,0.90095896,0.6218783,0.8910694,0.60560876,0.8318101,0.6405026,0.8212736,0.6193643,0.83787155,0.84343934,0.8262848,0.80084246
0.84344786,0.3900563,0.84653044,0.37137958,0.8434661,0.37621832,0.8658069,0.35660887,0.8589342,0.3657673,0.8899679,0.4225577,0.87793237,0.4189651,0.8768733,0.5589776,0.8642818,0.5405463,0.8352198,0.59119374,0.8387877,0.57827497,0.8998152,0.6325383,0.8918894,0.61433744,0.83043367,0.6441408,0.8233781,0.6174013,0.8346991,0.8493465,0.82486117,0.79960483
0.83957905,0.3912218,0.84279436,0.37307736,0.8391553,0.3781655,0.86211216,0.3599188,0.8532095,0.36987448,0.887309,0.42527786,0.871497,0.4220835,0.87422335,0.55616117,0.8575272,0.53678685,0.8314291,0.5926445,0.83504325,0.5806153,0.89970034,0.6271832,0.8890913,0.6098162,0.83173925,0.64749694,0.8225096,0.621755,0.8361769,0.8444594,0.8255367,0.79758334
0.83510685,0.3979708,0.83774704,0.3799955,0.83487856,0.38485163,0.8565918,0.36483654,0.8498217,0.37450352,0.8838188,0.42730156,0.8686991,0.42260426,0.8720232,0.5587345,0.8550377,0.53690106,0.8289326,0.60188615,0.83139706,0.5861816,0.89924127,0.6273648,0.889126,0.60928947,0.8328913,0.6527257,0.82376665,0.6239745,0.83720726,0.84468615,0.8262028,0.7933748
0.8310625,0.4041078,0.83330625,0.38611796,0.8305413,0.3913854,0.8505956,0.36801213,0.8449233,0.3781139,0.8790231,0.42655757,0.86438715,0.42133144,0.86839336,0.56144017,0.85186243,0.5360012,0.82345676,0.60829645,0.82652295,0.58995163,0.8995161,0.62623996,0.88983816,0.60867447,0.8292379,0.65482205,0.82204074,0.6263541,0.83941144,0.84303856,0.8305492,0.79061157
0.8287258,0.41025564,0.83109254,0.39217728,0.8277564,0.39604703,0.84646475,0.3710996,0.84210217,0.37672445,0.8713407,0.4259415,0.8643675,0.41745543,0.8638541,0.56628,0.8557355,0.53130287,0.82371664,0.6089454,0.827417,0.5866443,0.89699715,0.623363,0.89262515,0.6073977,0.82661307,0.6617315,0.8229275,0.63570744,0.8417058,0.8365198,0.83642,0.7833601
0.82361174,0.4174015,0.82594985,0.39805865,0.8228242,0.40350217,0.8421565,0.37584847,0.8374025,0.38457936,0.868128,0.43015203,0.8615684,0.42452776,0.8602293,0.57378364,0.854346,0.54108953,0.8217784,0.6138624,0.82699853,0.60248464,0.8978756,0.62809896,0.89338505,0.61371565,0.8249788,0.65913063,0.8214278,0.63717735,0.8428818,0.8412767,0.8364984,0.79472506
0.8180198,0.4212413,0.8216945,0.40246782,0.8166097,0.40733993,0.8403099,0.38324606,0.8289095,0.39099652,0.8649811,0.4387214,0.8547082,0.43222874,0.8552944,0.5816372,0.84821904,0.54559475,0.81920856,0.62031287,0.825622,0.6116113,0.89989895,0.621563,0.89232177,0.6083723,0.8262591,0.6603318,0.8199838,0.6434404,0.84619105,0.8406024,0.83858824,0.80393064
0.8117213,0.43134364,0.8148556,0.41521502,0.8104296,0.4182386,0.83239216,0.3884332,0.82293797,0.3929631,0.8589392,0.43379048,0.84760684,0.4242802,0.84993327,0.57934695,0.83969796,0.5387782,0.8153438,0.62752783,0.8202187,0.6075142,0.89935935,0.61252457,0.8917764,0.5994752,0.82514393,0.6635637,0.8201957,0.6472947,0.8421513,0.837048,0.8372968,0.8038772
0.8046655,0.4370551,0.8075574,0.42219254,0.80384696,0.42423826,0.8252665,0.39839855,0.8165132,0.4005649,0.8534159,0.4428529,0.8411231,0.43078536,0.8448839,0.5901996,0.83239406,0.5446284,0.8100754,0.64508885,0.8143965,0.6195706,0.90036213,0.6055143,0.8917699,0.5927098,0.828618,0.67098594,0.8219779,0.65673566,0.843952,0.8378951,0.83706754,0.81011915
0.80170935,0.4490782,0.80320024,0.43173313,0.8005783,0.43566844,0.81947386,0.40585077,0.8134126,0.41247892,0.84947836,0.45256922,0.84165114,0.4362718,0.83870393,0.6077761,0.8319251,0.5562801,0.8031856,0.67722005,0.80942357,0.63455576,0.90092164,0.6089275,0.8945591,0.5937181,0.8287137,0.6620659,0.82655424,0.6463672,0.84574026,0.84860843,0.8391231,0.8198475
0.79493463,0.46161902,0.7958979,0.4447296,0.79421043,0.44861355,0.8112497,0.41767862,0.8075482,0.42430195,0.8416671,0.46000785,0.83635086,0.44633943,0.8303633,0.61370975,0.82524914,0.5681602,0.7978272,0.68474746,0.80222124,0.6443406,0.8990728,0.6099151,0.89424103,0.5971773,0.82796764,0.6656361,0.8270424,0.6539349,0.8448041,0.84773487,0.83822167,0.82443655
0.78757906,0.4714828,0.7881472,0.45581037,0.7875774,0.45827144,0.8025263,0.42970133,0.8023254,0.43287018,0.83321524,0.4645829,0.83199257,0.4526331,0.82822543,0.6154934,0.82439613,0.5716485,0.79716885,0.6968284,0.79833585,0.660856,0.8963935,0.6034857,0.89498836,0.5924694,0.82493794,0.6702449,0.82414573,0.6613926,0.84385884,0.83771574,0.8389679,0.81429684
0.78345555,0.48123044,0.7837885,0.46539587,0.78254753,0.4687195,0.79722637,0.43963894,0.7942142,0.4453986,0.8286085,0.4732736,0.82211065,0.46046153,0.8265449,0.620377,0.8162827,0.5697929,0.7933069,0.70548064,0.79706234,0.66549224,0.8907545,0.59583694,0.8858531,0.5855364,0.82392246,0.66647243,0.8216963,0.66026133,0.84364814,0.83044344,0.83750916,0.8112411
0.7773563,0.49349892,0.777694,0.47779888,0.7762674,0.48025218,0.79119694,0.4502171,0.78780794,0.4538662,0.8219078,0.48140824,0.8192608,0.46385565,0.818762,0.64208037,0.8138399,0.58266467,0.7869343,0.72563696,0.7922597,0.6777645,0.89139175,0.58522546,0.88907903,0.5739618,0.8211528,0.66834235,0.82328826,0.6636681,0.84162754,0.8330802,0.83987075,0.81791985
0.77175224,0.5085369,0.77351576,0.49019212,0.7705467,0.4922481,0.7874287,0.47417998,0.7872972,0.469917,0.817344,0.50021833,0.80977577,0.48829603,0.8117679,0.6623036,0.80667067,0.63674176,0.7801023,0.74014086,0.7849183,0.7049283,0.888941,0.5698428,0.8810198,0.56390065,0.81924075,0.67233294,0.81869096,0.6647103,0.8426324,0.83525586,0.8441868,0.8121169
0.7691505,0.52290285,0.7691218,0.51247454,0.7682029,0.5099054,0.77985305,0.48671025,0.77661467,0.48035556,0.8097159,0.5078826,0.80363464,0.48515177,0.8089307,0.6668929,0.7981631,0.6127168,0.77657014,0.7531644,0.7778636,0.7142516,0.8834147,0.57261187,0.8783808,0.56043094,0.82358706,0.68857783,0.82128614,0.67559004,0.8401513,0.83413,0.83687603,0.80877423
0.76378685,0.53744316,0.7639906,0.52565664,0.7628409,0.52480847,0.77603096,0.49954507,0.77203196,0.49643743,0.8049679,0.51429313,0.80001163,0.50067616,0.80120915,0.66338676,0.7915835,0.61823165,0.77021223,0.753612,0.77252716,0.724374,0.88489896,0.5763484,0.8804494,0.5700571,0.82339174,0.6869942,0.82165825,0.6806483,0.8405385,0.8424658,0.836784,0.819365
0.75913054,0.55312955,0.7602455,0.5434437,0.7578785,0.5416797,0.77286047,0.5231027,0.7634074,0.51766765,0.799736,0.53926647,0.7901533,0.52038306,0.79294443,0.68801767,0.77891624,0.6342619,0.7623276,0.7700416,0.7628241,0.73166126,0.8809721,0.57342994,0.87222904,0.56676155,0.821479,0.6914177,0.8158954,0.6883767,0.84351885,0.8305257,0.83632916,0.81737626
0.7533564,0.5683897,0.754436,0.55715805,0.75162596,0.5571921,0.7671836,0.53192675,0.7571393,0.53106844,0.7928559,0.5448117,0.78663725,0.53450996,0.78254956,0.6986227,0.7744995,0.66132796,0.75298095,0.79096216,0.7556875,0.75945157,0.877316,0.5744142,0.87057656,0.57191145,0.8162268,0.69512856,0.81246847,0.69876146,0.84059566,0.8326383,0.83373433,0.8254552
0.74557203,0.5851576,0.74573815,0.574534,0.7456543,0.5717056,0.75656736,0.5457758,0.75398135,0.5382043,0.78324574,0.55181265,0.7838911,0.5347378,0.77513736,0.7081351,0.7740095,0.6675584,0.7448148,0.81673527,0.74909925,0.7873334,0.8727747,0.57079595,0.8709006,0.56444806,0.8117,0.69751304,0.8098778,0.6954458,0.8370735,0.8385404,0.83261937,0.82830775
0.7406303,0.6039692,0.73971933,0.59377104,0.7413856,0.59060675,0.7489359,0.5585971,0.7505656,0.55025613,0.77697486,0.5543629,0.780815,0.53521,0.7692232,0.71136117,0.7714839,0.6677741,0.7376426,0.8257669,0.7448382,0.7994859,0.8708481,0.56341857,0.87066746,0.55644417,0.810919,0.6992433,0.80750036,0.69624776,0.83843184,0.8333386,0.82902193,0.8230197
0.7378218,0.61940646,0.7369108,0.60853845,0.73830414,0.60523015,0.7449589,0.5700339,0.7467754,0.5612023,0.77137935,0.570228,0.77817583,0.5418062,0.7572563,0.7516153,0.7643242,0.68603444,0.7240045,0.86283046,0.7355049,0.8352987,0.86902565,0.5659188,0.87132406,0.55615306,0.8042728,0.7018495,0.8083572,0.6962409,0.83718437,0.831654,0.8353096,0.8202906
0.7346611,0.63241225,0.7339058,0.62177014,0.7352384,0.6174041,0.7406151,0.582612,0.7422603,0.57135004,0.76605976,0.5853944,0.7716385,0.55074745,0.74846613,0.7775175,0.7558859,0.6971643,0.7142057,0.88598275,0.7273957,0.8489392,0.86539644,0.57320845,0.8674995,0.5616861,0.80012316,0.7090642,0.8074075,0.69838923,0.8387374,0.8255963,0.8422436,0.80838305
0.7290482,0.6479486,0.7282888,0.63828504,0.730099,0.6321494,0.73413914,0.6002186,0.73598444,0.58501464,0.7596782,0.6025445,0.761547,0.56212354,0.743802,0.7904564,0.748923,0.69880944,0.71068525,0.89703715,0.7273032,0.83926094,0.8562247,0.5946472,0.8557688,0.58155954,0.8001925,0.72251165,0.80343086,0.7088425,0.838181,0.82723415,0.83834404,0.8092475
0.7276825,0.66011,0.7269797,0.65160245,0.7278773,0.64627475,0.73231953,0.6166734,0.72960144,0.6028613,0.75658983,0.6188411,0.7528563,0.58250666,0.74125844,0.80527335,0.7428131,0.71824807,0.7030652,0.9105904,0.72912824,0.83569384,0.85212106,0.5951387,0.84727335,0.5850446,0.7989365,0.7293541,0.8007081,0.7203793,0.83490086,0.8247685,0.8373958,0.8111358
0.72047675,0.6764524,0.7203352,0.66795415,0.72119755,0.6626153,0.7258877,0.6321727,0.7242835,0.61690366,0.7486982,0.638735,0.74812645,0.592605,0.7350485,0.8182469,0.7393985,0.70633423,0.7023946,0.92567587,0.7265339,0.8308944,0.84154433,0.6249719,0.83911943,0.6113546,0.78930104,0.74280894,0.7939071,0.7286479,0.83561915,0.8337447,0.83999103,0.8165161
0.71359485,0.6907241,0.7126128,0.6861598,0.71460265,0.67665064,0.71709675,0.65594614,0.7225751,0.6322145,0.736414,0.66186047,0.7522546,0.5970607,0.7273397,0.8436908,0.74801475,0.7027719,0.7001604,0.9332244,0.7267757,0.8323475,0.8293643,0.6276203,0.8393218,0.6060812,0.7833179,0.7620883,0.7999455,0.7376305,0.82461244,0.8454365,0.8379141,0.81419146
0.70849794,0.7053162,0.7075005,0.6998968,0.7105504,0.68890435,0.7113534,0.66805416,0.71799535,0.6407864,0.7330882,0.67918944,0.74619925,0.6068211,0.72640043,0.8422871,0.75962466,0.6848786,0.7031285,0.93756914,0.75872374,0.77651906,0.8184835,0.6581479,0.8252926,0.63124317,0.79090995,0.8032732,0.8017301,0.7599482,0.8275471,0.83317125,0.83829594,0.7838691
0.6965128,0.72280014,0.6962568,0.7145566,0.69584256,0.7086097,0.706407,0.6794907,0.70429814,0.6655768,0.72990835,0.6762051,0.73175275,0.64109045,0.73174304,0.84655124,0.7379498,0.768644,0.70844775,0.92975724,0.7152813,0.9050408,0.81415445,0.662949,0.81470937,0.65523416,0.7946026,0.8022799,0.79145455,0.79142296,0.82608587,0.81751746,0.8210384,0.80068135
0.69265085,0.7286437,0.69177306,0.721334,0.6926119,0.71523136,0.6968821,0.6877363,0.69795316,0.67247874,0.7233196,0.6919468,0.7225892,0.6559534,0.73152566,0.876507,0.73307216,0.8005272,0.7161338,0.9112341,0.7140804,0.90438944,0.8093138,0.69317025,0.80836624,0.68491113,0.78097117,0.82145226,0.77969736,0.8110769,0.82097065,0.81072235,0.8191333,0.8032019
0.6827129,0.7324748,0.6813113,0.7263253,0.6837216,0.71861225,0.68685347,0.69455767,0.6922599,0.67589295,0.71687084,0.7017426,0.7166374,0.66346335,0.727523,0.9068704,0.73162127,0.83216137,0.7082565,0.91316646,0.7091126,0.90623283,0.8016781,0.7140567,0.8000458,0.70462054,0.78966343,0.82898724,0.7812781,0.8159214,0.8241687,0.7974834,0.8133052,0.7934024
0.6734698,0.7499258,0.67131376,0.7422354,0.67268646,0.7382358,0.67771584,0.7026902,0.6815103,0.6922903,0.7096435,0.7014096,0.70791775,0.6691813,0.7276972,0.9184061,0.73273253,0.8352425,0.7050406,0.9215894,0.7098892,0.90756375,0.8050911,0.7203063,0.8039076,0.719523,0.8049645,0.8225888,0.7989197,0.8201406,0.85340434,0.77211386,0.84594214,0.7740521
0.65773124,0.707051,0.65699047,0.6995753,0.66021985,0.6948243,0.6659753,0.68156296,0.67436427,0.66619134,0.70171696,0.7105421,0.7020833,0.67823803,0.72437716,0.9082158,0.7295941,0.84143096,0.7128331,0.9163197,0.71580213,0.90402085,0.7938048,0.7563615,0.7942068,0.7513476,0.7837646,0.84207577,0.7858923,0.8252856,0.83532745,0.7916088,0.8474476,0.7772839
0.6644755,0.76350397,0.6620977,0.75607467,0.66359943,0.7474901,0.66829294,0.7144337,0.6726882,0.69627243,0.70312995,0.7223622,0.70164216,0.6709277,0.72448856,0.9405217,0.72640157,0.8282482,0.706098,0.9241879,0.70571107,0.900694,0.80256265,0.752842,0.8025841,0.74211353,0.8107231,0.85994804,0.81198895,0.8358175,0.8484387,0.80538577,0.8534646,0.783567
0.6570093,0.7657775,0.653958,0.76200527,0.6578616,0.7495705,0.65876746,0.7322069,0.6722563,0.703166,0.68962526,0.7481282,0.70193964,0.6789317,0.7103341,0.9495867,0.72946143,0.8173739,0.692262,0.93061286,0.70140696,0.9109637,0.7815255,0.7873913,0.7922087,0.76903206,0.7957907,0.8889317,0.81368417,0.84792817,0.8278915,0.8539439,0.85485375,0.81089294
0.650676,0.8043032,0.648792,0.80095637,0.65175486,0.7878643,0.65583104,0.76310277,0.6654629,0.7345287,0.68542904,0.76890194,0.695748,0.7035853,0.697987,0.96405524,0.7177772,0.8405581,0.68691224,0.938461,0.69954467,0.91882527,0.78102994,0.7901168,0.7894595,0.77337474,0.7912071,0.9061437,0.80562544,0.8688968,0.82286733,0.86731017,0.8427536,0.82983696
0.6450147,0.8134923,0.6432196,0.81040466,0.646779,0.7948761,0.6494984,0.7704186,0.66298836,0.7351106,0.67699575,0.77805483,0.7001784,0.7066776,0.692081,0.9583892,0.7323299,0.8326989,0.691366,0.94730484,0.72037244,0.9201384,0.78023213,0.812933,0.7990614,0.79264206,0.77490747,0.93703365,0.8098731,0.89030296,0.8029995,0.88643795,0.8546362,0.83260006
0.6443292,0.7986483,0.6409724,0.79526377,0.647553,0.7816681,0.6453078,0.7791577,0.6658642,0.7462811,0.6723267,0.7998213,0.7009726,0.72654814,0.69165766,0.9638512,0.74610466,0.83111346,0.68991023,0.9640102,0.7413557,0.9038617,0.7689025,0.79448706,0.78949326,0.7736769,0.7878539,0.87234175,0.81247205,0.82000214,0.820648,0.87437725,0.85501415,0.81681895
0.65115273,0.7755635,0.6454427,0.76964754,0.65366423,0.7618646,0.63990635,0.7757521,0.66917247,0.75654405,0.652306,0.81912124,0.7015184,0.7585922,0.6632457,0.9397971,0.76488715,0.8342748,0.6654838,0.89527595,0.77541214,0.8891806,0.7273452,0.7938783,0.75766844,0.7796646,0.77723867,0.88688016,0.7930555,0.84372395,0.81434995,0.90080637,0.8202414,0.8620924
0.6561183,0.7697196,0.6475606,0.7600761,0.6571321,0.7586524,0.63169646,0.7681313,0.66276115,0.76977265,0.647208,0.8236534,0.6917818,0.8093965,0.6524173,0.8937346,0.75676227,0.8790768,0.64775175,0.82489437,0.7848349,0.8797678,0.7253676,0.8338681,0.75211954,0.83638895,0.7823946,0.8623878,0.80211496,0.8396641,0.7948797,0.89053285,0.8076984,0.87390906
0.02497753,0.506634,0.025466267,0.4997478,0.025096405,0.5002903,0.028409509,0.49347,0.031149415,0.49299207,0.03348368,0.516611,0.03879658,0.51253915,0.03889497,0.5305873,0.051375307,0.52389497,0.048742887,0.518594,0.04986975,0.5185253,0.043036666,0.6075022,0.047139253,0.6049301,0.038861163,0.65885097,0.045233022,0.65543,0.04640376,0.69978696,0.051274795,0.69255817
0.7615352,0.9102735,0.762345,0.91032684,0.7666541,0.9035211,0.74376816,0.92872393,0.7678516,0.9214308,0.70198214,0.94915074,0.75954634,0.9223881,0.6487066,0.9168655,0.7154848,0.8530245,0.6713417,0.82608116,0.69897777,0.8107831,0.66321415,0.91138095,0.69958895,0.89604443,0.6753253,0.8194377,0.69817346,0.80122256,0.67185014,0.80974364,0.6738822,0.7897793
0.73563033,0.8615043,0.7354891,0.86437213,0.7399129,0.86219954,0.72354287,0.89396334,0.74739367,0.8982864,0.6900601,0.9182778,0.7539341,0.90772194,0.63682455,0.91931945,0.7457924,0.8900924,0.66385335,0.83554286,0.75925076,0.8703677,0.68645215,0.86021054,0.72743267,0.8616051,0.72292656,0.70400774,0.76294875,0.6998075,0.73186743,0.70742357,0.76631445,0.70521194
0.7540707,0.8882471,0.74966234,0.8854985,0.7547253,0.8922544,0.7264359,0.91287386,0.7502043,0.9379682,0.6876251,0.93071663,0.7512558,0.9538301,0.646751,0.9052011,0.7596872,0.92800957,0.6626176,0.8529794,0.76884747,0.924393,0.67816496,0.85605425,0.7178123,0.87638384,0.7369036,0.6897699,0.7691634,0.71411175,0.75815517,0.72249824,0.77246475,0.74791676
0.75860447,0.9082829,0.75652885,0.9056622,0.75940806,0.9070569,0.73527145,0.9293664,0.75014585,0.9403343,0.695534,0.9551644,0.7403186,0.9464257,0.64696825,0.90658236,0.7382435,0.8471211,0.66074085,0.87091005,0.77188724,0.796538,0.6765037,0.87692654,0.704641,0.884433,0.7264533,0.71740586,0.75192326,0.72689027,0.7446171,0.73623526,0.7588838,0.74476564
0.7673119,0.92781174,0.76514274,0.9245674,0.7674556,0.92275393,0.749632,0.94264585,0.7579733,0.9452589,0.7172757,0.9533745,0.7495932,0.94662946,0.68481964,0.82070374,0.7328729,0.791008,0.68913025,0.7923619,0.734562,0.73656976,0.681111,0.9186135,0.70114005,0.9157862,0.70166636,0.7476282,0.713476,0.7584995,0.674076,0.8392135,0.6738397,0.8550268
0.7688888,0.9424708,0.769094,0.94015515,0.7693148,0.933084,0.75799173,0.94917357,0.75951,0.9376523,0.7226202,0.9503075,0.74841833,0.921925,0.6935724,0.814681,0.72930765,0.76157874,0.69651973,0.7880145,0.7312748,0.74111104,0.6701171,0.9208378,0.68571734,0.9054442,0.6867258,0.78101504,0.69576114,0.7791052,0.6449601,0.8776092,0.6463297,0.8888097
0.026218785,0.5069084,0.026721833,0.4994889,0.026920602,0.49913096,0.03129838,0.49106693,0.036772694,0.4884309,0.037761122,0.50763786,0.04625579,0.49951988,0.043883104,0.528086,0.054693103,0.5138738,0.04856126,0.52664936,0.05371197,0.51400435,0.045930482,0.59633076,0.053058308,0.5922654,0.048625417,0.6542816,0.061752286,0.6498186,0.052578416,0.7122366,0.06998824,0.70147455
0.7703788,0.938176,0.7674054,0.9365467,0.7708707,0.9344554,0.75703865,0.9394829,0.76672566,0.93763053,0.7381179,0.9276936,0.7655455,0.91003853,0.6932764,0.8997731,0.75361615,0.8773957,0.65812325,0.95594245,0.7587077,0.92234576,0.713837,0.87721384,0.7283501,0.86099494,0.7032857,0.7661977,0.715383,0.75897956,0.66047525,0.9144866,0.6657184,0.9124775
0.77073497,0.96388376,0.7718567,0.96915364,0.773598,0.955967,0.7658947,0.9699225,0.77076954,0.9407715,0.73571265,0.9511314,0.7689883,0.8908516,0.6823403,0.9326351,0.746278,0.8271574,0.6564526,0.95441556,0.7570889,0.89472497,0.7097282,0.85363317,0.7279389,0.82285553,0.6987631,0.827124,0.7135694,0.807706,0.6562076,0.8951161,0.66336423,0.89321595
0.77927136,0.94885653,0.77870077,0.94658345,0.7803894,0.94111043,0.7674203,0.94309014,0.7741881,0.93374366,0.7402255,0.93728226,0.76996416,0.90825063,0.70432353,0.9086054,0.7634225,0.8538778,0.6950752,0.9544038,0.78707606,0.8476211,0.70137787,0.88156044,0.71689147,0.8598695,0.691999,0.8775129,0.70069486,0.8663548,0.647421,0.8839453,0.647445,0.8813483
0.78232044,0.9375758,0.78034824,0.93689674,0.7827505,0.93059087,0.7731626,0.9347982,0.77800006,0.9233296,0.7580896,0.918303,0.78048617,0.8873051,0.73388433,0.866692,0.7782802,0.8106213,0.72567123,0.94513977,0.79300183,0.8583998,0.736815,0.8858296,0.7489922,0.8638136,0.72117686,0.8105207,0.72620004,0.798614,0.66440755,0.9274245,0.66656995,0.9256798
0.7709994,0.9190456,0.7674058,0.91563827,0.7716287,0.91177195,0.75496906,0.9205985,0.7681849,0.9153346,0.7370149,0.9270998,0.7727932,0.89784104,0.6851993,0.91548395,0.7699034,0.85594517,0.6536644,0.97174513,0.7830538,0.87516177,0.72788775,0.9042603,0.74721706,0.88477427,0.7177122,0.8241269,0.72969544,0.813168,0.6742364,0.9269282,0.6775086,0.9233065
0.7704749,0.95716643,0.7700357,0.9581163,0.7726537,0.9497283,0.7642467,0.9601729,0.7713153,0.94314593,0.7387328,0.94597375,0.77353877,0.91615325,0.6874555,0.91546154,0.7673082,0.8588076,0.6478549,0.97187173,0.7772485,0.893917,0.719864,0.89049166,0.73768556,0.87375045,0.71875,0.8390945,0.72867346,0.8387186,0.67776406,0.8982005,0.68048537,0.9103817
0.76269984,0.93038565,0.7614262,0.92974746,0.7638623,0.92432266,0.7553563,0.9368171,0.76190656,0.9275889,0.73497236,0.9307265,0.7589714,0.91401917,0.6907074,0.90679705,0.7309608,0.87904865,0.6514333,0.9708221,0.69910353,0.95308965,0.7209946,0.88597697,0.73624367,0.87747115,0.73471594,0.8047941,0.7525644,0.80201125,0.7012816,0.88664275,0.7242257,0.8910184
0.75226957,0.8611904,0.7496451,0.86405814,0.7540173,0.86238426,0.7423767,0.8923892,0.75530636,0.8886341,0.72713655,0.90475214,0.7538128,0.8863792,0.6930668,0.8848445,0.7595293,0.8461604,0.657716,0.9649028,0.74933004,0.9568942,0.72254556,0.88032687,0.74067944,0.87567395,0.7398689,0.74164265,0.77179414,0.73121583,0.7398128,0.88852227,0.78880113,0.88162744
0.7588014,0.90832365,0.7572736,0.9124783,0.7618098,0.90651613,0.75001544,0.9352194,0.76386935,0.922264,0.7289316,0.93424946,0.76088405,0.91299474,0.6939438,0.9058023,0.757477,0.87073827,0.6553856,0.96019405,0.7418033,0.9562254,0.7169414,0.90181065,0.73803777,0.89618355,0.7439056,0.76590014,0.7766593,0.76363796,0.7290215,0.88988614,0.7778642,0.8988184
0.7515175,0.77642584,0.745914,0.77127457,0.75013685,0.77376217,0.73579067,0.79782045,0.7476898,0.80575234,0.73477674,0.8415151,0.7523625,0.8316513,0.70472014,0.8660216,0.7523319,0.8395743,0.66139835,0.9624918,0.71610874,0.9547801,0.7438851,0.87876934,0.7590284,0.8730178,0.74483985,0.7604114,0.78447384,0.7473422,0.7212492,0.91034013,0.7852816,0.89883184
0.7509886,0.7859215,0.7470482,0.7839355,0.74951535,0.7830268,0.7435223,0.8134414,0.74892753,0.8134167,0.7436345,0.85357857,0.75131184,0.84157324,0.71188945,0.8865015,0.7459731,0.8595191,0.655229,0.97168547,0.69658536,0.9641862,0.74993664,0.90069956,0.7580182,0.89421,0.7520238,0.7720239,0.78385586,0.762824,0.7160184,0.90570873,0.78051883,0.9058167
0.74742836,0.7945924,0.7436366,0.7917955,0.7457517,0.7931641,0.73946106,0.82285637,0.7439291,0.8273217,0.7370614,0.8636727,0.7431849,0.85465705,0.70525485,0.8944487,0.7345762,0.8677283,0.6529071,0.96455455,0.67769736,0.96500045,0.7413467,0.89793867,0.74944806,0.8951923,0.74959403,0.778713,0.7845026,0.7714903,0.7292208,0.9073182,0.7970721,0.9091793
0.7542457,0.85072076,0.7526204,0.8511929,0.75537235,0.84615135,0.7493753,0.8758983,0.758611,0.8658852,0.7345516,0.90016156,0.76198107,0.87873256,0.69526327,0.9229626,0.7612997,0.8884363,0.6530328,0.96107477,0.7341879,0.966148,0.7317423,0.925208,0.7509071,0.91862905,0.74797004,0.7922666,0.7892199,0.79005885,0.7152869,0.9063572,0.78504413,0.9202055
0.7543952,0.79368746,0.7483014,0.7887775,0.7527682,0.79232925,0.7353673,0.8187555,0.7495568,0.82979107,0.7294618,0.86815995,0.7548489,0.860181,0.69586205,0.8960345,0.75916207,0.8698011,0.6517324,0.95678854,0.72021484,0.95921177,0.73665464,0.8970553,0.75701964,0.89392585,0.7462205,0.79773873,0.7948807,0.7876696,0.7292661,0.9141161,0.80124897,0.9064933
0.7538137,0.7969824,0.7465247,0.79103947,0.75243133,0.7969916,0.73147416,0.8203,0.7495639,0.8364556,0.7258703,0.86829674,0.75598365,0.86367345,0.6938028,0.8853889,0.7688443,0.86025304,0.6525306,0.95571244,0.73901576,0.9586263,0.7347005,0.89742565,0.7571754,0.89633787,0.7448999,0.7916957,0.7921492,0.7840925,0.7364533,0.9151162,0.80075496,0.90749824
0.7471586,0.79819584,0.7399015,0.7934414,0.7456135,0.79910344,0.7254451,0.82485,0.7423894,0.84091765,0.72147334,0.8694789,0.7496628,0.86611116,0.6916269,0.88293594,0.7578195,0.86062485,0.65169543,0.95554596,0.717895,0.96171576,0.7337898,0.90239227,0.75596356,0.9018134,0.74250174,0.7852289,0.7948381,0.77804196,0.729194,0.9153536,0.8047579,0.90782106
0.75247324,0.8014486,0.7468129,0.79970205,0.7515799,0.80208486,0.7343021,0.8335609,0.7482818,0.8412088,0.7267021,0.8739828,0.75505614,0.86230063,0.6934937,0.88153136,0.7787128,0.85047966,0.6545704,0.96499205,0.772788,0.9403934,0.7355049,0.9031258,0.75581276,0.8995694,0.7439906,0.7880856,0.7931596,0.78198284,0.7250016,0.9008211,0.8011918,0.8976839
0.75863725,0.8095541,0.75366575,0.8083957,0.7584725,0.8094174,0.7413763,0.84087694,0.7554773,0.8447927,0.7305255,0.878016,0.76033866,0.862008,0.69676405,0.8831934,0.7855465,0.84645903,0.6613378,0.97151244,0.78729385,0.94377965,0.73471975,0.8959514,0.7556418,0.89081526,0.7427744,0.7953006,0.79059446,0.78885484,0.7260825,0.8936694,0.8001162,0.8932578
0.7599198,0.8144343,0.7553679,0.8134752,0.76025194,0.8134532,0.7433415,0.8446639,0.75774616,0.84585726,0.7315881,0.88105375,0.7615315,0.8636755,0.6980851,0.8892743,0.7874329,0.8518077,0.66124123,0.9733644,0.7917289,0.94203395,0.73457044,0.89434534,0.75473493,0.88883215,0.74669665,0.7958537,0.7884459,0.789193,0.73383063,0.89370084,0.79737544,0.89417666
0.75486773,0.81134367,0.750473,0.80986,0.75539035,0.8100126,0.73812574,0.84092706,0.75246686,0.84250313,0.72696954,0.88078195,0.75293225,0.8662101,0.6928962,0.89350176,0.7703592,0.86075705,0.6539027,0.96497774,0.7611062,0.94618165,0.73151207,0.9030926,0.74945176,0.9001344,0.750574,0.7876352,0.7880998,0.7822059,0.7453948,0.9025591,0.80315226,0.905815
0.75464284,0.8119616,0.74990684,0.8113174,0.75453454,0.8110877,0.73785466,0.8432356,0.7512421,0.84501666,0.7290409,0.8806787,0.7520262,0.8672974,0.6947224,0.8965711,0.7596527,0.8680677,0.65321827,0.96231735,0.73457855,0.9537472,0.73413146,0.90292984,0.7519748,0.89876366,0.74707407,0.791815,0.7916133,0.7829172,0.7296926,0.90405756,0.8025943,0.90298194
0.7480983,0.8090785,0.7429771,0.80714506,0.7478109,0.8085661,0.7302507,0.83967686,0.74379724,0.8461114,0.72427446,0.88133794,0.74196756,0.877007,0.6931199,0.8936877,0.73766273,0.877645,0.6534853,0.95749354,0.6911344,0.9625682,0.73164487,0.9071969,0.7466889,0.90725327,0.75052613,0.791963,0.7882928,0.78481424,0.7397246,0.9078004,0.80152744,0.90802115
0.7524717,0.8002149,0.74787986,0.79925513,0.7522998,0.798287,0.7369159,0.8318619,0.7492567,0.83274573,0.7312387,0.8721735,0.7479361,0.86219436,0.69631934,0.8978949,0.7420148,0.878134,0.65175426,0.9612981,0.6933223,0.9634657,0.7367332,0.90626687,0.7514138,0.90200967,0.7490677,0.79347944,0.7901374,0.78206474,0.72460854,0.91000605,0.7968015,0.9076918
0.7459299,0.80360025,0.74117243,0.80097145,0.74606323,0.8023298,0.7292877,0.8332895,0.74311084,0.8389121,0.72385377,0.8789844,0.7401372,0.87385935,0.6913208,0.9011971,0.7363972,0.8838719,0.6494859,0.9582924,0.68961346,0.96244293,0.731136,0.91366464,0.74449724,0.9138669,0.75357586,0.7904982,0.78594035,0.78374803,0.74766994,0.9116842,0.8012554,0.91414297
0.74871665,0.8015128,0.7444012,0.7992623,0.74885786,0.8006109,0.73328704,0.8328287,0.74648297,0.8377149,0.72654516,0.8789808,0.7441351,0.87048215,0.69101316,0.9018895,0.74501896,0.8789774,0.64886683,0.9559094,0.70842695,0.9573531,0.73211104,0.91169083,0.74594146,0.9105187,0.75136894,0.79355025,0.78567713,0.7863588,0.7461583,0.91157454,0.8030249,0.91392326
0.74774057,0.8087697,0.7438823,0.8062616,0.7479166,0.80728763,0.7340687,0.8370037,0.7453271,0.8411055,0.7281972,0.8794696,0.7399425,0.87297285,0.6927044,0.90495837,0.7343784,0.8862105,0.646532,0.9559007,0.6888361,0.95894194,0.732506,0.9225183,0.74213445,0.9226379,0.75711274,0.79346275,0.78469414,0.7874195,0.7538561,0.9147463,0.8031664,0.91894674
0.73956674,0.8220782,0.73593915,0.8221306,0.7398125,0.8231801,0.73133546,0.858814,0.73996466,0.86219424,0.72852546,0.896656,0.73315406,0.8933342,0.69991803,0.9191295,0.7213723,0.9056066,0.65258586,0.9605349,0.6606037,0.9756636,0.73501843,0.9135185,0.7400609,0.91685164,0.7664196,0.790986,0.7801921,0.7908457,0.7662638,0.91059965,0.79885787,0.9239602
0.73722833,0.82671833,0.73333997,0.8258173,0.7371481,0.82825637,0.7291242,0.86052436,0.73678243,0.8673694,0.72865814,0.89635617,0.7295072,0.8994655,0.7022973,0.9141171,0.7178772,0.9100788,0.6531796,0.95639384,0.65745467,0.97225744,0.73745495,0.9167527,0.73952544,0.9232008,0.7722621,0.7833874,0.78009385,0.78683275,0.77478737,0.9113166,0.79817986,0.92669445
0.7397775,0.8161349,0.7358169,0.81524175,0.7393655,0.8167509,0.73189694,0.850057,0.73869747,0.8551008,0.7327734,0.88779163,0.73276967,0.8894715,0.70576155,0.90905,0.7207204,0.90576005,0.65414345,0.95629215,0.65732616,0.9720005,0.741388,0.9112768,0.74365395,0.9148823,0.7666479,0.7887256,0.7794842,0.7882415,0.75855154,0.9132687,0.7927314,0.92439276
0.7338261,0.8195693,0.7293942,0.81828696,0.73284525,0.82083195,0.7256652,0.85162205,0.731813,0.85905087,0.72992754,0.8867078,0.72905695,0.89167905,0.7078467,0.90272856,0.7221901,0.9041481,0.65639365,0.95923656,0.6601775,0.9748116,0.7437419,0.908649,0.7459632,0.91313475,0.7630028,0.7889634,0.77918094,0.789805,0.7532875,0.9100843,0.7937754,0.9209787
0.7401561,0.8239111,0.7369407,0.8242445,0.7399078,0.82509804,0.73518354,0.85796595,0.73999286,0.8609764,0.7366763,0.88715595,0.7353338,0.88890046,0.7101338,0.90326744,0.72443694,0.9028341,0.65792924,0.9610616,0.6631333,0.97664,0.74538785,0.9065641,0.7473735,0.90948683,0.76307124,0.78843766,0.7812347,0.7883388,0.7507995,0.9093024,0.7980672,0.92177254
0.7360338,0.8400184,0.7328014,0.84068286,0.73596877,0.84246993,0.730715,0.8718214,0.7364915,0.8764177,0.7312908,0.8938298,0.7326662,0.8973745,0.70714146,0.9028217,0.72430927,0.9038755,0.6583755,0.96590316,0.666841,0.982597,0.7411892,0.9071474,0.74512583,0.9122871,0.7621739,0.78989697,0.7828379,0.7923258,0.7573609,0.90834886,0.80664825,0.9224582
0.6829492,0.89675474,0.67801696,0.8946486,0.6819718,0.9035368,0.67899865,0.9178129,0.6864793,0.9372869,0.69622725,0.9242307,0.70043325,0.9415776,0.69917387,0.90217775,0.71745133,0.9173838,0.66248083,0.96210754,0.66805804,0.9813138,0.7379021,0.9032076,0.7427228,0.91556156,0.76095265,0.79066736,0.774256,0.7992207,0.77973145,0.9038238,0.8108498,0.9177062
0.6413188,0.9606758,0.63541603,0.94880676,0.63616765,0.96517265,0.63685435,0.9475422,0.63722473,0.98584586,0.6638225,0.94738317,0.6667849,0.982329,0.6886644,0.9120266,0.7012854,0.9404019,0.6667046,0.9519926,0.6761621,0.9605255,0.74068034,0.9025344,0.7444128,0.9269286,0.7681033,0.7928164,0.774301,0.8052325,0.8144056,0.9003098,0.82598543,0.9043859
0.64351016,0.9617811,0.6382548,0.95016694,0.6375325,0.9670017,0.6410117,0.9507757,0.6386699,0.99112046,0.66613334,0.9530472,0.6704011,0.9845537,0.68375045,0.9240684,0.6975098,0.94012874,0.6622485,0.9460901,0.6780101,0.94034237,0.74310756,0.9011779,0.74767965,0.9249962,0.7692935,0.798213,0.7811191,0.81356966,0.80937874,0.8997583,0.82713366,0.90798837
0.6459303,0.95199996,0.63957846,0.94121706,0.64030653,0.9586366,0.63962936,0.94627666,0.6408666,0.9881117,0.66470164,0.9507859,0.67014074,0.986388,0.6820709,0.9131292,0.6964564,0.93841404,0.660721,0.9486037,0.67283565,0.9545536,0.7411626,0.8995864,0.74670076,0.925151,0.76884973,0.79199386,0.7801866,0.8081432,0.80908597,0.89864886,0.8254162,0.9073091
0.6485312,0.94710505,0.6415724,0.93648136,0.64265585,0.9550677,0.6394431,0.9439922,0.6424014,0.9889856,0.6622407,0.95028067,0.67194694,0.9904675,0.67630404,0.90505606,0.69778484,0.93802136,0.6579403,0.9492251,0.67656374,0.96140534,0.7393866,0.9001267,0.7474987,0.9284104,0.7677177,0.7841645,0.78066957,0.80372804,0.80854046,0.8960985,0.8235728,0.90654147
0.6613451,0.9011572,0.654262,0.8978123,0.65930545,0.91100657,0.64849347,0.9187438,0.65919495,0.9511581,0.66942376,0.9307007,0.6827903,0.9553939,0.6797185,0.8849845,0.711293,0.90230817,0.65718,0.9472297,0.68063265,0.9650875,0.7300194,0.9151096,0.73950255,0.9327446,0.75669986,0.78166634,0.781018,0.78987026,0.7863587,0.91628724,0.8178774,0.9183294
0.6650463,0.9018826,0.6582666,0.89882493,0.66358584,0.9108119,0.65299076,0.91893786,0.6646885,0.94835645,0.672964,0.92961115,0.6874768,0.95125353,0.6820283,0.8817669,0.71450615,0.89696896,0.6607129,0.9434133,0.6828193,0.96318036,0.73074204,0.91777444,0.7412111,0.9333873,0.75635487,0.78139013,0.7811854,0.78650826,0.78375447,0.9176104,0.81721467,0.91808313
0.7480707,0.8290294,0.7443615,0.82931495,0.748057,0.8301608,0.7381174,0.8619565,0.74751085,0.8641611,0.7322402,0.89232534,0.7441594,0.88382804,0.7059817,0.8974593,0.74452263,0.8734888,0.6693622,0.96580607,0.7034899,0.96960646,0.73625135,0.9107506,0.74654776,0.91150826,0.7594993,0.7877152,0.7828879,0.78407353,0.75680614,0.90917164,0.8031561,0.91817176
0.76113266,0.8050522,0.7579021,0.80286646,0.76066816,0.8031499,0.7492981,0.8317653,0.75684136,0.8327607,0.74328154,0.86720186,0.7545575,0.85406613,0.7160882,0.87979686,0.7732321,0.85023177,0.68224424,0.95840335,0.7664074,0.9360531,0.741686,0.9123673,0.7510621,0.90831953,0.75397366,0.78563195,0.7855718,0.774908,0.7420074,0.9151312,0.8042717,0.91253173
0.75618994,0.826876,0.75317186,0.8274367,0.75646305,0.826187,0.7471097,0.8579664,0.7556883,0.8553741,0.7383912,0.88643414,0.7525428,0.8719941,0.708049,0.8989547,0.75920385,0.8661449,0.6712735,0.9696808,0.733596,0.9569266,0.73813176,0.90695256,0.7497434,0.90424293,0.7551113,0.78531885,0.7846726,0.77855587,0.7435548,0.90830594,0.8019428,0.91482276
0.7586892,0.8085684,0.75491863,0.80645263,0.75843215,0.80729616,0.7448152,0.8356482,0.75488234,0.8382604,0.73782116,0.87130016,0.7535178,0.8585884,0.7080432,0.88460207,0.7710357,0.85398525,0.67482466,0.95971525,0.76317585,0.941336,0.7388076,0.9121108,0.75118506,0.9087639,0.7509022,0.78690785,0.7864358,0.77670836,0.74135923,0.9148911,0.806149,0.9121984
0.76092833,0.8064815,0.7574946,0.8042197,0.7608964,0.8048657,0.7474782,0.8336117,0.7574174,0.8352054,0.73949623,0.8703127,0.7560781,0.85493577,0.70944804,0.88656163,0.7800272,0.8494207,0.6796874,0.96458185,0.7841979,0.9337418,0.73978657,0.9088222,0.7521321,0.90479285,0.7509152,0.78438157,0.78525776,0.7741289,0.7437963,0.9139543,0.80680656,0.91206396
0.7591812,0.81452584,0.75513047,0.8103541,0.75933355,0.8135821,0.74391073,0.83784324,0.7567718,0.84491843,0.7356791,0.8758725,0.75687265,0.86349463,0.7098283,0.88406134,0.7832226,0.84618735,0.6889866,0.9555446,0.7880992,0.9290503,0.73707706,0.90838,0.7518193,0.90666187,0.7512234,0.78281367,0.78122395,0.77561444,0.75731224,0.9152394,0.8058445,0.9163097
0.7344267,0.1722352,0.73920244,0.15130155,0.7277192,0.16093655,0.75634354,0.1372346,0.72760993,0.16411725,0.78285354,0.21481372,0.7346711,0.2512462,0.80500317,0.3275299,0.7305885,0.37892753,0.80505276,0.46051148,0.72889346,0.47284323,0.7843847,0.46650425,0.7538781,0.47750425,0.7873576,0.6519927,0.76096284,0.6495002,0.79649335,0.83646554,0.7680362,0.80809647
0.73780054,0.16792908,0.7428159,0.1472526,0.73048115,0.1565349,0.7588892,0.13681512,0.7282948,0.16266401,0.78393495,0.21858229,0.73439413,0.25274897,0.80588263,0.3334244,0.7310173,0.37737778,0.80541897,0.46650216,0.7299165,0.46825984,0.78572613,0.467911,0.7538908,0.47860292,0.78954077,0.6551051,0.7598635,0.65250343,0.8006932,0.83765703,0.76801914,0.80942553
0.739155,0.1654302,0.74437994,0.14555566,0.73222977,0.15372318,0.7602287,0.13773687,0.7299842,0.16048607,0.7844651,0.22152978,0.7347183,0.2516358,0.80680954,0.33729416,0.73072344,0.37462452,0.8074958,0.4670926,0.73223925,0.46495613,0.78694695,0.46800426,0.7545906,0.47782895,0.7920787,0.65510446,0.75951564,0.6527091,0.805083,0.8384751,0.76787335,0.8121409
0.74052215,0.16408081,0.7458014,0.14462478,0.7339126,0.15231499,0.7616989,0.13793927,0.7319762,0.15969183,0.78612906,0.2210516,0.7358404,0.25253454,0.8090329,0.3322101,0.73066646,0.37744722,0.8119813,0.45621544,0.73367393,0.46367076,0.78929895,0.4665109,0.7563482,0.4767703,0.7949186,0.657623,0.759752,0.6544399,0.80844355,0.842411,0.7673411,0.81427604
0.74393874,0.16131078,0.749254,0.14193133,0.737073,0.14948814,0.76443356,0.13676307,0.7341388,0.15808335,0.7882965,0.22237194,0.73680794,0.25197905,0.81131935,0.33525896,0.73079365,0.37507048,0.8141888,0.4577599,0.73454946,0.46001843,0.79106414,0.46921015,0.75717044,0.4790784,0.79673207,0.6610756,0.7597327,0.65801305,0.811718,0.8465125,0.76755,0.8184444
0.74518377,0.16424529,0.75062245,0.14460872,0.7386076,0.15178147,0.7666343,0.1369239,0.73644084,0.15745883,0.79089135,0.22181919,0.7386795,0.24854039,0.8129603,0.33851632,0.7309619,0.3720861,0.8149776,0.45917168,0.7346142,0.4593152,0.79305893,0.47040078,0.7585471,0.47895536,0.7999305,0.6631371,0.76082957,0.6586788,0.8154339,0.84966755,0.7676178,0.8210036
0.74959034,0.16066982,0.75500935,0.14034195,0.7423319,0.14815566,0.7705162,0.13285415,0.7388173,0.1549595,0.7940025,0.22039911,0.7404959,0.24628411,0.8143383,0.33970872,0.7319971,0.3686874,0.8163921,0.4660203,0.73466706,0.46105844,0.79503906,0.4713056,0.7594783,0.47928393,0.8014766,0.6664249,0.7607762,0.6590679,0.8184628,0.8557997,0.7678125,0.82170606
0.7505128,0.15721957,0.7566065,0.1362601,0.7443913,0.14281261,0.77299184,0.1328882,0.7422917,0.14951058,0.79648346,0.22493586,0.74332803,0.24735421,0.8156554,0.344333,0.7363729,0.3749887,0.81760067,0.47223768,0.7380677,0.468686,0.7978794,0.47167164,0.76116556,0.47807434,0.80458784,0.6736903,0.76003736,0.6618029,0.8242793,0.8613297,0.76945037,0.82385004
0.75288063,0.15756595,0.7591023,0.1368862,0.74692214,0.14294206,0.77572596,0.13296059,0.7450406,0.14878255,0.79869926,0.22398473,0.7454793,0.24614456,0.8171994,0.34195712,0.7370023,0.37451556,0.82078934,0.471437,0.7382075,0.47160685,0.79905176,0.4721294,0.7623734,0.4780833,0.8058492,0.67616093,0.76089823,0.6618349,0.8260668,0.8649893,0.77038723,0.82295185
0.75809604,0.15711716,0.7644878,0.13637048,0.7515655,0.14199989,0.78052855,0.1323225,0.7478633,0.14725286,0.80312645,0.2248656,0.74687934,0.24499112,0.8229046,0.34317383,0.7383048,0.36989078,0.8258732,0.47661904,0.73727316,0.47197655,0.8015302,0.47623536,0.76322156,0.48107013,0.8083394,0.6783487,0.76155704,0.6620852,0.8277542,0.8657498,0.7715609,0.8222244
0.76207817,0.15477203,0.7685649,0.13478312,0.7558939,0.1393165,0.7842416,0.13163087,0.7523068,0.14410748,0.80596346,0.22469564,0.7502102,0.24302849,0.8248562,0.3450442,0.7410271,0.37118354,0.8260695,0.47847232,0.737373,0.47774035,0.80257267,0.47763446,0.76457626,0.48115885,0.8097973,0.6804191,0.7622416,0.6624779,0.8284094,0.86869085,0.7709944,0.8249694
0.76552767,0.15108007,0.77197343,0.1313111,0.7595916,0.13576591,0.7879365,0.12971167,0.75701964,0.14199786,0.80971146,0.22663757,0.75442946,0.241155,0.82738894,0.3520969,0.7420871,0.36978137,0.8284659,0.48304477,0.73666227,0.47922987,0.8039937,0.47960168,0.76649565,0.48087254,0.8110145,0.6806999,0.7639013,0.65899664,0.82877696,0.87176466,0.7708332,0.82434607
0.7698738,0.1497371,0.77606833,0.12970407,0.7635152,0.13420999,0.79115593,0.12586525,0.75982744,0.1386004,0.8127579,0.22183019,0.7567921,0.23704775,0.82965034,0.3487299,0.7441943,0.36834145,0.83135414,0.48222506,0.736748,0.47804797,0.80684394,0.4802128,0.76904917,0.48102215,0.81251717,0.6821309,0.76479065,0.6574204,0.8278627,0.8767056,0.76990956,0.8252064
0.7738558,0.1499087,0.78022623,0.12907128,0.76684904,0.13417956,0.79569256,0.12271036,0.7621152,0.13711326,0.8172547,0.218163,0.7591918,0.23540111,0.83306026,0.34907475,0.7465445,0.3712977,0.83521026,0.48809505,0.73673433,0.48403022,0.81035537,0.4816132,0.7713198,0.48273298,0.8147052,0.6826732,0.76546484,0.65801954,0.827603,0.87910634,0.7695232,0.8288089
0.7760404,0.14679165,0.78265595,0.12657589,0.76945376,0.1308054,0.7986986,0.12124587,0.76566327,0.13369843,0.82078916,0.2177106,0.7624109,0.23353219,0.836036,0.34980956,0.748899,0.36941546,0.83688736,0.49086675,0.73796695,0.48024327,0.8130584,0.48391297,0.7739749,0.4836495,0.816529,0.6865175,0.76644725,0.6596127,0.82761794,0.88201046,0.7694182,0.82969385
0.77788967,0.14313985,0.7848822,0.12376217,0.7717272,0.12672149,0.80150235,0.11908347,0.76840657,0.12865004,0.8239166,0.21459422,0.7645979,0.22998133,0.8398674,0.34615013,0.7514147,0.36817503,0.8398679,0.4878958,0.7402505,0.47938636,0.81584436,0.48243755,0.77628374,0.48154694,0.8191916,0.68529207,0.7675112,0.6583149,0.8280104,0.87889594,0.7699644,0.8286877
0.78092855,0.13970058,0.78811234,0.120021604,0.77457786,0.123218864,0.80504274,0.11437124,0.7709703,0.1243798,0.82790405,0.21099816,0.76696014,0.22653688,0.84440655,0.34864008,0.75415605,0.3692462,0.8438102,0.49620166,0.7425831,0.4863206,0.81866044,0.48207387,0.7783774,0.48099974,0.8201128,0.6863943,0.76867837,0.6604045,0.828073,0.8769973,0.7721557,0.82955873
0.784916,0.13462389,0.79225606,0.11513412,0.77796334,0.118103765,0.8084797,0.11129192,0.7725563,0.12101813,0.83025056,0.20782363,0.7680181,0.22638755,0.84813684,0.3371838,0.7557947,0.37266845,0.8506697,0.4702359,0.74433345,0.48902243,0.8215084,0.4790271,0.7806608,0.479285,0.82163113,0.68464327,0.77125734,0.6591721,0.8283084,0.8765555,0.7760141,0.82995796
0.78686196,0.13075092,0.7944194,0.111906506,0.7801368,0.113629155,0.8105637,0.10779995,0.7745491,0.11462034,0.8317192,0.20337951,0.7694065,0.22007905,0.8505578,0.33329475,0.7580708,0.36816064,0.8536008,0.46573153,0.7487728,0.48714566,0.8231625,0.47769925,0.782448,0.47774744,0.8230424,0.6847125,0.77358687,0.661534,0.8282275,0.8779141,0.77817214,0.83598334
0.78705424,0.12868302,0.7942073,0.10784355,0.78064424,0.111879945,0.8117099,0.10419012,0.77720845,0.11506091,0.8343755,0.20128302,0.7725202,0.21477415,0.85493535,0.3374876,0.7600362,0.35703057,0.8561077,0.4667419,0.7541551,0.4825611,0.8246474,0.4758362,0.7843432,0.47627705,0.8245007,0.67671365,0.77710664,0.6645944,0.8275402,0.8696911,0.77991205,0.8438735
0.7879803,0.12641047,0.79520404,0.106434554,0.7818271,0.10962174,0.8126263,0.10317983,0.7784441,0.11317632,0.8349709,0.20184678,0.7738032,0.2154955,0.8560316,0.33968472,0.7602783,0.36136332,0.85572624,0.4686104,0.75605065,0.48755276,0.82491344,0.47831327,0.7850967,0.4783209,0.8232159,0.68299705,0.778938,0.67427564,0.8251034,0.8694563,0.7812282,0.8516441
0.7883295,0.12191264,0.79559714,0.10331177,0.7825334,0.10545775,0.812493,0.102584116,0.7792174,0.11008667,0.8342921,0.20234345,0.7743196,0.2144572,0.858668,0.33173105,0.76089555,0.35759526,0.86168045,0.4655657,0.7573872,0.49146724,0.8249955,0.4754929,0.7863023,0.47522897,0.8236934,0.6840367,0.7830248,0.67781395,0.82432,0.870397,0.78267366,0.85972786
0.78962135,0.11781706,0.79718465,0.0994786,0.7834376,0.10146078,0.81451714,0.09663236,0.7799308,0.1042918,0.8367177,0.1952528,0.7769616,0.21076053,0.8609878,0.32513982,0.76556575,0.35375997,0.862925,0.4578695,0.7656037,0.490646,0.8273024,0.47821116,0.789194,0.48024738,0.8271518,0.68893105,0.7866338,0.6851529,0.8272039,0.8845944,0.7857186,0.87222123
0.78963774,0.11748785,0.7972794,0.09855671,0.7834429,0.101163425,0.815267,0.09406605,0.78043306,0.10331647,0.83765966,0.19277564,0.7780749,0.20951349,0.8624178,0.32494956,0.76608044,0.35320777,0.8635743,0.455853,0.76763976,0.48689336,0.82748234,0.47808754,0.7898473,0.48144,0.8284788,0.690623,0.7908878,0.6925671,0.8276853,0.8868144,0.7898542,0.88294184
0.78929025,0.11532625,0.79703134,0.09591793,0.78316444,0.09923535,0.8157946,0.091410644,0.78069335,0.10238095,0.83842087,0.19006008,0.7791808,0.20847128,0.86370087,0.32231954,0.7673354,0.34913987,0.8639721,0.45427802,0.7722809,0.47121412,0.8275526,0.4742975,0.79021305,0.47883964,0.8292703,0.6872437,0.7931823,0.6940087,0.8280938,0.88986605,0.7919847,0.89149284
0.7882389,0.110005066,0.79644626,0.090419106,0.78241223,0.09383622,0.816528,0.08777314,0.7805986,0.09842161,0.8389,0.18983153,0.77948356,0.20781931,0.86478674,0.32422623,0.7677442,0.3478371,0.8640078,0.4561464,0.77232933,0.46907496,0.82757896,0.4766464,0.7904114,0.48176852,0.8293702,0.6910584,0.7960109,0.7022238,0.8289184,0.8958892,0.7977594,0.9056519
0.78853,0.105740614,0.79669803,0.086378865,0.7825846,0.08967197,0.81663716,0.08503336,0.78059727,0.095532514,0.8389764,0.1884641,0.77955955,0.2062888,0.8648426,0.32259804,0.7681183,0.34649134,0.8642212,0.45858926,0.77241063,0.47031692,0.8275388,0.4769002,0.79071534,0.48171437,0.82858723,0.6962939,0.7983998,0.7050515,0.8269073,0.90417624,0.8010918,0.9093993
0.7881025,0.102023415,0.7960868,0.08228487,0.78214717,0.08631408,0.81614304,0.08029665,0.78050077,0.092504695,0.83905023,0.18486056,0.77936405,0.20523708,0.86427754,0.32111534,0.76743406,0.3510516,0.8632003,0.46258798,0.76986593,0.48302415,0.827781,0.47881585,0.79167676,0.4846578,0.8271823,0.69854003,0.80389386,0.70555633,0.82540315,0.9102783,0.81143016,0.911554
0.78703076,0.09897944,0.7950225,0.0802702,0.78186065,0.08319143,0.8148746,0.07964211,0.78058577,0.08831241,0.838101,0.18542488,0.77714133,0.20401841,0.86316746,0.32687297,0.76521724,0.35901827,0.8630514,0.48071966,0.76619667,0.5037978,0.8291735,0.4808777,0.79243976,0.48668075,0.8292534,0.70136505,0.8055256,0.7072609,0.8286826,0.9022234,0.8153495,0.90440077
0.7861173,0.09756184,0.7940866,0.07862772,0.7808392,0.08203799,0.8140675,0.07799753,0.7794336,0.08760313,0.837568,0.18399926,0.7761963,0.20449264,0.8628751,0.32568386,0.76467776,0.36100656,0.86260825,0.4820483,0.7645795,0.50553936,0.8301515,0.4807904,0.7932015,0.48767453,0.83036566,0.7033954,0.807757,0.7100174,0.83009166,0.90833205,0.8193135,0.91160965
0.78520423,0.09837806,0.7929601,0.07870166,0.7795028,0.083268866,0.81297916,0.07642409,0.7779051,0.08887762,0.8374652,0.18190064,0.77532786,0.20454156,0.8623356,0.3234471,0.7633854,0.35917658,0.8615433,0.48052353,0.7630739,0.5003055,0.83081263,0.48119187,0.793468,0.48894283,0.830403,0.70620716,0.80858487,0.7134762,0.82920283,0.91189605,0.81971914,0.9151697
0.7830592,0.09880639,0.7909288,0.078671776,0.7772574,0.083506905,0.8115611,0.07510917,0.77583927,0.08845845,0.8370965,0.1795505,0.7738909,0.20519923,0.8619809,0.32009622,0.7620304,0.36063814,0.8601677,0.47411278,0.76158875,0.49334848,0.83200103,0.4828239,0.7937549,0.4919936,0.83328706,0.71080846,0.8090555,0.7207604,0.8310181,0.9151465,0.8187477,0.9222638
0.7806999,0.09844367,0.78859335,0.077805966,0.7750763,0.08310089,0.81021035,0.07265594,0.774487,0.08710582,0.83691454,0.17673814,0.7731583,0.20408247,0.8614621,0.31906313,0.7608728,0.3630262,0.85897094,0.4715053,0.76070035,0.4972963,0.8326625,0.4835999,0.7941126,0.4934706,0.83363706,0.7111447,0.80920506,0.72312766,0.8309736,0.9128457,0.8186144,0.9231061
0.77879584,0.09672801,0.7864582,0.07470036,0.7725486,0.08205757,0.808561,0.06857739,0.77185696,0.08793215,0.83659154,0.17392817,0.7717509,0.20496558,0.8603031,0.31768978,0.7589098,0.364946,0.8576461,0.46817368,0.7593001,0.49944836,0.8334031,0.4829001,0.7939053,0.49456385,0.8347012,0.7116144,0.80892676,0.7266468,0.8321824,0.9112871,0.8168193,0.9248811
0.7762618,0.09535733,0.7838511,0.07316933,0.77021194,0.08065815,0.8064451,0.06663183,0.77019036,0.0863877,0.83582985,0.17202051,0.7705416,0.20423757,0.8602052,0.31616428,0.7582955,0.36486012,0.8565211,0.47001913,0.7589534,0.5007886,0.8336856,0.48482463,0.7938349,0.49685287,0.8360424,0.71363074,0.809381,0.7288251,0.83326876,0.91336644,0.8168336,0.9267238
0.77443093,0.094814815,0.7816816,0.07170614,0.76806146,0.08072027,0.80417025,0.06357016,0.76811403,0.08721422,0.8347706,0.16778006,0.76947445,0.2047962,0.8604978,0.30973956,0.757668,0.36531806,0.8563328,0.46477768,0.7583601,0.5013579,0.8331713,0.48322815,0.7931375,0.49740723,0.8366586,0.7089195,0.8091263,0.7281253,0.83488065,0.9105779,0.81545794,0.92765766
0.77438116,0.09606177,0.781098,0.070008025,0.7668604,0.08306205,0.80390865,0.055886716,0.7664608,0.08990835,0.83717006,0.15719971,0.76958406,0.20469832,0.86355966,0.30010688,0.7577703,0.36420348,0.8560029,0.4571935,0.7584014,0.49974763,0.8350798,0.47941586,0.79275364,0.4978782,0.8419061,0.70312214,0.80808306,0.7287266,0.84341633,0.91174966,0.8138428,0.93505317
0.7731788,0.095955156,0.77999,0.06886861,0.76564515,0.08286546,0.8037826,0.05224298,0.76566404,0.08855528,0.83784676,0.15289117,0.76940984,0.20208655,0.8645522,0.29762307,0.7580919,0.36106098,0.8567402,0.45615765,0.7591189,0.49554583,0.83599263,0.47892135,0.7925481,0.49821705,0.844773,0.70228046,0.806611,0.7291432,0.8512083,0.91389,0.8136975,0.93725765
0.770917,0.089837015,0.7780981,0.06398062,0.7643733,0.07527504,0.8020317,0.054690044,0.76490444,0.084412135,0.8358431,0.16111909,0.7670006,0.20223199,0.86548656,0.30960676,0.7575334,0.36583936,0.8594654,0.4584153,0.75917125,0.493138,0.83701926,0.48436797,0.79278415,0.49947596,0.8456786,0.7099947,0.8061488,0.733934,0.8511268,0.9154307,0.81275,0.9411742
0.76890415,0.08959758,0.77587384,0.06314863,0.76238817,0.074588396,0.80018437,0.052915066,0.7637181,0.08323562,0.83486843,0.15964395,0.76628894,0.1992545,0.8646094,0.30806485,0.75774986,0.36177075,0.86021537,0.4595332,0.7600734,0.48727936,0.8361416,0.48717114,0.79170746,0.5005401,0.8468507,0.7259381,0.80522555,0.73806316,0.8584143,0.94648993,0.81449175,0.94855636
0.7666845,0.08910605,0.77308536,0.060046263,0.75990444,0.07589926,0.7992992,0.043245256,0.7628558,0.08425751,0.8373432,0.14554884,0.7679805,0.19832183,0.8649201,0.28920895,0.75836104,0.35636154,0.8592245,0.4574275,0.7622626,0.48042324,0.8358639,0.47995108,0.79071414,0.49811265,0.84688324,0.7233535,0.80216545,0.7333577,0.8667467,0.9594873,0.8147484,0.944054
0.76548076,0.08674641,0.77208924,0.057592966,0.7588254,0.07323196,0.79863214,0.04102596,0.76182085,0.081635065,0.83662885,0.14224456,0.7674284,0.1980713,0.86489785,0.2831911,0.7595162,0.3581697,0.8590905,0.45686707,0.7627794,0.48357025,0.8359648,0.4766716,0.790806,0.49592638,0.8471446,0.7221463,0.80155516,0.7324086,0.8691788,0.96086866,0.8159502,0.94359595
0.7643756,0.08507027,0.770961,0.0552694,0.7573318,0.07161509,0.79724234,0.037794244,0.7599034,0.08013678,0.8356962,0.13920587,0.76651907,0.19707249,0.8648157,0.27996206,0.75977725,0.35669923,0.8579487,0.4538251,0.7634493,0.4813796,0.8363914,0.47445598,0.7911349,0.49465996,0.84683466,0.7185817,0.80073446,0.73010486,0.8712826,0.95894665,0.816556,0.9416515
0.76224816,0.08624389,0.7683069,0.05541843,0.7550982,0.07367688,0.79489505,0.03474204,0.7584526,0.08204311,0.83515275,0.13181862,0.76694584,0.19697247,0.8649265,0.26935843,0.76126146,0.35690677,0.8572076,0.45256725,0.7643982,0.48309368,0.83684427,0.47048113,0.792114,0.49338597,0.8474059,0.71499896,0.80197155,0.7303488,0.8720937,0.9601311,0.8163376,0.94472677
0.75927585,0.0885748,0.7651543,0.057843845,0.7533045,0.075417265,0.7932439,0.033097014,0.7591113,0.078914836,0.83513385,0.12647802,0.76763326,0.19200504,0.864608,0.26758134,0.76270276,0.36065722,0.85516846,0.45080227,0.76627016,0.49001697,0.8362668,0.4707788,0.79228586,0.49305296,0.8468833,0.7183678,0.8034019,0.7326171,0.8696198,0.9643773,0.8173364,0.94821286
0.75680476,0.08959739,0.76260424,0.059785336,0.7519924,0.07601592,0.7912371,0.034165382,0.7597675,0.077075966,0.8340088,0.122866005,0.76906466,0.19099824,0.8640233,0.25868905,0.7661568,0.3625919,0.84939814,0.44610903,0.76817054,0.49752283,0.83609027,0.47034973,0.7938191,0.49293786,0.8466757,0.719769,0.8044154,0.7360384,0.8679991,0.96720314,0.81754446,0.9542601
0.75477016,0.087334,0.7607312,0.058117744,0.7510538,0.07280732,0.7902444,0.036505193,0.7601497,0.07603481,0.83367026,0.1283477,0.76848364,0.19599807,0.86224633,0.2677519,0.7690112,0.37771082,0.8416333,0.44559607,0.77436036,0.5141187,0.8396498,0.4800658,0.7964727,0.5015554,0.8482726,0.73037547,0.8029772,0.75118476,0.86757195,0.96714664,0.8158135,0.9673694
0.7543314,0.0990167,0.7592439,0.069431596,0.75052816,0.08452702,0.78777087,0.039291162,0.76158786,0.079726,0.8303728,0.12105675,0.7750725,0.1866501,0.8585157,0.26828253,0.7806805,0.3725912,0.83698684,0.4582978,0.7815606,0.5183048,0.8393343,0.46727705,0.8021669,0.48804718,0.8465026,0.7223843,0.8051491,0.7437173,0.86877567,0.96907425,0.81506807,0.9669125
0.7541859,0.11338613,0.75814277,0.085119255,0.75118005,0.09918375,0.7849845,0.049930416,0.76479703,0.08753163,0.82753146,0.12298896,0.7792172,0.18499528,0.85496426,0.27445784,0.7862016,0.3777843,0.83259517,0.46672213,0.78335774,0.5348024,0.83770335,0.4757814,0.8051941,0.49501386,0.8438879,0.7317444,0.8053818,0.7503067,0.86829966,0.97401977,0.81464607,0.9671348
0.7534871,0.121284045,0.75686234,0.09247777,0.75023675,0.10777728,0.78306466,0.056736346,0.7644878,0.096887246,0.82576007,0.13087563,0.78038615,0.19130053,0.84761757,0.28436905,0.78428173,0.3795458,0.82421064,0.46539715,0.7810413,0.52792597,0.84130067,0.4842025,0.8103582,0.50333357,0.8424697,0.7489925,0.8062566,0.7662369,0.8701612,0.98545337,0.8145959,0.9733368
0.7528421,0.13224481,0.7555483,0.105027586,0.75039333,0.11826087,0.7796091,0.06661263,0.76690286,0.10076377,0.82257885,0.13433501,0.78418344,0.18701643,0.84276754,0.2919778,0.7934376,0.3706198,0.81044763,0.47229126,0.78559107,0.51469815,0.8428268,0.49871778,0.81617796,0.51453304,0.84031487,0.7591257,0.80551493,0.7718658,0.8710844,0.9864299,0.8169276,0.9695035
0.7516927,0.14571007,0.7539535,0.11589096,0.7495448,0.13270767,0.7752693,0.07298674,0.76535934,0.1096379,0.8169476,0.1356959,0.78875273,0.18833151,0.83613473,0.30263835,0.7991453,0.37441847,0.8071875,0.5038818,0.7901475,0.5256801,0.84904873,0.4757021,0.82647943,0.4949486,0.83448803,0.75728285,0.8076113,0.77803177,0.881566,0.99983776,0.8268363,0.9905614
0.7498126,0.16325948,0.75140935,0.13469423,0.7492514,0.15064752,0.77127594,0.08663846,0.7675093,0.119745195,0.81315356,0.14029965,0.78972334,0.1873272,0.83078635,0.31036603,0.79867536,0.37534425,0.80147475,0.50925374,0.78992176,0.5389389,0.84939337,0.47684532,0.8303529,0.4942602,0.82793695,0.7645136,0.80642855,0.781208,0.88302815,1.0,0.8344103,0.9897664
0.74735415,0.17423002,0.74971086,0.14572088,0.7454473,0.15902515,0.7704283,0.103554145,0.76087946,0.13036884,0.80827993,0.17056233,0.78560555,0.19378044,0.8143692,0.36012962,0.79627985,0.37827617,0.7898243,0.54181457,0.78986096,0.53897417,0.8534194,0.4918781,0.833497,0.50054693,0.8306859,0.7819105,0.80597067,0.7826345,0.88366425,0.9981574,0.8353359,0.968799
0.7435673,0.19444497,0.7453585,0.1670732,0.74284786,0.1794511,0.76556,0.123846695,0.7601922,0.14791664,0.80557364,0.18574509,0.78308755,0.20482205,0.80887717,0.37479094,0.79293406,0.3891257,0.7805587,0.55428165,0.785953,0.5543953,0.853419,0.5031683,0.83327466,0.50916016,0.82972145,0.7888264,0.8027442,0.7791483,0.8880771,0.9953558,0.837508,0.95092255
0.23572278,0.16483125,0.2357953,0.13798425,0.23581839,0.14907287,0.25796357,0.097203225,0.2627351,0.11926216,0.30048057,0.17249544,0.2908104,0.19111298,0.30257136,0.40742785,0.292128,0.42121446,0.26279137,0.6122578,0.25814256,0.61844456,0.3622465,0.49149802,0.35676637,0.49865225,0.33223528,0.7850524,0.32721233,0.7783427,0.3838163,0.9762478,0.3662531,0.93123275
0.23217724,0.17869973,0.23231752,0.15147766,0.23255816,0.16307558,0.25530854,0.11562108,0.2607916,0.13790049,0.2969721,0.19157661,0.29307935,0.21401203,0.29855272,0.41886994,0.2980193,0.44231868,0.25396225,0.6361098,0.26387,0.64652956,0.3619698,0.5029616,0.3586685,0.5109719,0.33010054,0.7889149,0.32117516,0.7853697,0.38235536,0.98631454,0.35769674,0.94378984
0.7347819,0.26542127,0.73770094,0.24120224,0.7326046,0.25106362,0.7578252,0.20527808,0.7472941,0.22411792,0.7910771,0.27244064,0.770369,0.29044718,0.7897367,0.4579873,0.7775339,0.46299744,0.7531768,0.6025353,0.7602399,0.61655295,0.85078096,0.55937153,0.83510554,0.5689934,0.8210184,0.8129211,0.7995428,0.8133534,0.89069027,1.0,0.84791404,0.9785405
0.73446804,0.29635543,0.7374755,0.27406296,0.7327979,0.28071123,0.7560955,0.24005783,0.7478884,0.2499405,0.7862549,0.30801937,0.7728261,0.3121054,0.78235954,0.5023088,0.780903,0.4854278,0.7478942,0.6273244,0.7612929,0.63347346,0.85338813,0.5782447,0.8418585,0.583343,0.819354,0.8240161,0.79801816,0.8213453,0.8902855,1.0,0.846085,0.9821123
0.7298335,0.33347586,0.7319878,0.31198078,0.72934026,0.3181226,0.7484562,0.27859285,0.74731123,0.28656596,0.77819157,0.3444118,0.7741217,0.34909657,0.7714128,0.5430232,0.7781916,0.52285796,0.73939055,0.6790568,0.7499277,0.66006976,0.8540249,0.6064094,0.8489815,0.61348164,0.8170544,0.8424244,0.80007124,0.8450974,0.8909273,1.0,0.8489237,0.9789861
0.72951406,0.36873183,0.7317451,0.3475401,0.72857827,0.35327253,0.7482632,0.31478083,0.7464897,0.32138163,0.77601594,0.37569666,0.77676076,0.37987486,0.7690069,0.5637264,0.7834286,0.5479733,0.7383022,0.69799095,0.74864763,0.6875121,0.85469353,0.6230134,0.8527464,0.62950164,0.8150018,0.85200363,0.79997915,0.8524875,0.8885178,1.0,0.8507792,0.9746076
0.7256613,0.4066806,0.7272904,0.38564318,0.7250854,0.39056832,0.7422555,0.3542356,0.7442976,0.358192,0.76844424,0.41211107,0.77885765,0.41371793,0.76298255,0.5973665,0.78617877,0.5828687,0.73799014,0.71983826,0.7436269,0.7204575,0.85565567,0.6311561,0.86018753,0.63728267,0.8126324,0.854047,0.80142784,0.85466975,0.8865286,0.99056745,0.85276717,0.96441215
0.72413045,0.44608372,0.72456914,0.42688373,0.7253973,0.42981613,0.7367406,0.39461842,0.7480717,0.39358622,0.7627134,0.44646806,0.7830505,0.43769813,0.75741607,0.6334153,0.7864926,0.6007125,0.73477596,0.744449,0.74318373,0.7364687,0.85320014,0.6471113,0.86357206,0.6491916,0.81080574,0.85836196,0.7970099,0.85847896,0.8866798,0.985701,0.841397,0.9630672
0.721755,0.4895386,0.72262865,0.47133398,0.72154695,0.47246704,0.735033,0.4377223,0.7403639,0.43277508,0.7584269,0.48777062,0.7774357,0.46306562,0.748461,0.68647933,0.78273505,0.6218172,0.724713,0.8082153,0.7408742,0.7819124,0.85204554,0.6557478,0.8604602,0.6514328,0.80907077,0.8670755,0.79195684,0.8587926,0.88399804,0.9905258,0.8354209,0.96121615
0.71693724,0.51750344,0.7182857,0.49989668,0.71748674,0.500859,0.73061985,0.4726851,0.736262,0.46645638,0.7539474,0.5250978,0.7742275,0.50375706,0.7422484,0.7198186,0.7808166,0.65586233,0.71848035,0.8403426,0.7449286,0.7993638,0.85144156,0.67785394,0.86010534,0.6751526,0.80705273,0.8770747,0.7888164,0.87147033,0.88098556,0.9910818,0.82945824,0.9655042
0.7109157,0.54174984,0.7146806,0.52392083,0.7104858,0.5251289,0.73091596,0.50557065,0.7257356,0.49998373,0.7514838,0.56289953,0.76368636,0.548423,0.7369148,0.74943024,0.7678516,0.6982111,0.71345806,0.86888075,0.73227066,0.8340554,0.84772503,0.6963129,0.85100967,0.6972796,0.80205977,0.878372,0.7834256,0.8808874,0.8750213,0.9790379,0.83068246,0.9662279
0.7048158,0.5797623,0.707352,0.5637019,0.7065117,0.56367815,0.72198737,0.5428075,0.7249953,0.5337281,0.7441426,0.5925453,0.761303,0.5681075,0.7296544,0.7831438,0.76402634,0.7175277,0.70901626,0.87878484,0.72989285,0.8461383,0.84112424,0.7105828,0.8470654,0.7065954,0.79433763,0.88543844,0.7734682,0.8812466,0.8703241,0.9890399,0.82131493,0.9737003
0.6999652,0.6186973,0.7017807,0.6035272,0.7013314,0.60223454,0.71477044,0.57709575,0.71818036,0.5675945,0.7381442,0.61686605,0.7530494,0.5935557,0.7232401,0.80413455,0.759429,0.74835503,0.6999011,0.9040495,0.72680813,0.8839798,0.83671266,0.7198903,0.8416881,0.71579415,0.79190886,0.8907689,0.7739876,0.882123,0.8663228,0.9790941,0.82673705,0.95786583
0.69233674,0.64946586,0.6931805,0.63532996,0.69500726,0.63352954,0.70522034,0.6110675,0.7138069,0.60090846,0.73135096,0.64276767,0.7485534,0.6269136,0.7211961,0.8186016,0.75580245,0.78524685,0.69879055,0.9120068,0.72178304,0.9061352,0.83140725,0.72912073,0.8374757,0.72619605,0.7885005,0.900544,0.76671255,0.8896613,0.85835505,0.98635566,0.8131466,0.96047205
0.6855597,0.67391163,0.6881091,0.65984017,0.6872532,0.6594303,0.7036425,0.63482535,0.70353764,0.6260408,0.72741103,0.6646257,0.7400322,0.64081895,0.71744287,0.8423329,0.74415237,0.78134567,0.6972084,0.9252489,0.71805906,0.9112927,0.82888585,0.7343638,0.83275175,0.7319893,0.7826704,0.8981633,0.77185726,0.8951664,0.85794497,0.9855069,0.82997084,0.97363687
0.6802052,0.6967928,0.68075293,0.6810379,0.68014777,0.68183875,0.6936102,0.65214896,0.6950854,0.6495432,0.7180221,0.67563856,0.7297176,0.6609443,0.7159509,0.8334439,0.74324495,0.7920317,0.6992299,0.92317694,0.71742195,0.9118088,0.8106354,0.7508914,0.8145337,0.7499644,0.77709407,0.90313786,0.7586236,0.8910309,0.8467356,0.9921024,0.80604345,0.95582396
0.67171603,0.6984446,0.6736385,0.6804242,0.6714313,0.6848839,0.688866,0.65444297,0.6832971,0.65832657,0.7160695,0.68712157,0.7171528,0.6804429,0.7162186,0.84667075,0.72799474,0.8140826,0.69559294,0.9190454,0.7076141,0.9191457,0.8075418,0.7447398,0.8028801,0.7480718,0.77371615,0.90838134,0.74864334,0.9029658,0.85800564,0.99553597,0.8071787,0.96991295
0.6657492,0.7003635,0.6681015,0.6821124,0.66518015,0.68718255,0.6840694,0.6577356,0.6757377,0.6635357,0.7119765,0.69069445,0.708741,0.6902409,0.71313566,0.84789747,0.72077996,0.8288437,0.69509315,0.9197912,0.7052985,0.92979956,0.80215627,0.7453441,0.794322,0.75106364,0.769407,0.9033478,0.74062794,0.8992424,0.8532177,0.98771864,0.7996885,0.9623577
0.6631858,0.70085305,0.66579777,0.68206894,0.6622867,0.6884938,0.681988,0.6571559,0.67232984,0.6657994,0.70870364,0.6905137,0.7057685,0.69422925,0.7120541,0.8409339,0.7195344,0.8248971,0.69565094,0.9221341,0.70737106,0.92946756,0.79783404,0.7479354,0.79104084,0.7572772,0.7676669,0.9005621,0.74511045,0.9057185,0.85141605,0.97633445,0.80745023,0.96392274
0.66121876,0.7000928,0.66404915,0.68021154,0.6602405,0.6867268,0.68120533,0.6549424,0.67095685,0.66379213,0.70807964,0.6928397,0.7050777,0.6939818,0.7095313,0.84564805,0.7187267,0.82420254,0.69382256,0.9201475,0.70611584,0.9261356,0.7944447,0.75504744,0.78654355,0.7625297,0.76688284,0.9047529,0.7362015,0.90914303,0.850182,0.9797892,0.7910426,0.9689962
0.66211265,0.6935271,0.66467553,0.67262375,0.66058457,0.6817209,0.681454,0.6480453,0.67097443,0.6635269,0.7075009,0.6914267,0.70226866,0.70053047,0.7090686,0.84025204,0.7164863,0.8285444,0.6951925,0.9167405,0.7055831,0.9247411,0.7852253,0.7723613,0.7761361,0.78458434,0.77086794,0.9075369,0.7394659,0.91942084,0.85204554,0.96133083,0.7917096,0.96029025
0.6685212,0.6770347,0.6720071,0.6575103,0.6650181,0.6646452,0.6880843,0.64234537,0.6706253,0.6568882,0.7105834,0.68992734,0.6939773,0.7060172,0.7120648,0.8196945,0.7124874,0.8289271,0.7002543,0.9167491,0.7082959,0.91600484,0.7769501,0.79604644,0.7595541,0.81259483,0.79703254,0.9311098,0.7543466,0.940098,0.8630497,0.93923676,0.7967537,0.9320933
0.6715655,0.65305907,0.674196,0.63278925,0.66683584,0.64308196,0.6875312,0.62608165,0.6693516,0.6482842,0.7090446,0.6846839,0.690084,0.7184614,0.71967596,0.807043,0.71198505,0.8431463,0.7043843,0.91531396,0.7067414,0.9135086,0.7739834,0.8048671,0.7568218,0.8327242,0.8057914,0.9386508,0.77298325,0.9678049,0.86695904,0.92673725,0.8204083,0.9426222
0.6797598,0.66265297,0.682398,0.6379853,0.673061,0.653459,0.6941972,0.62671447,0.67035097,0.66004604,0.71769524,0.691914,0.6893491,0.7354991,0.73071927,0.8047818,0.7073388,0.8450619,0.710556,0.9024652,0.69938135,0.90875953,0.77623624,0.8137331,0.75650567,0.84845555,0.8072826,0.8971201,0.7963213,0.93629193,0.8696105,0.90077955,0.861818,0.93566704
0.684909,0.65745217,0.6879279,0.63385874,0.6781815,0.6512367,0.69898814,0.62939614,0.6741626,0.6652382,0.72059643,0.69303024,0.69041413,0.7428239,0.73127145,0.7953085,0.70455116,0.8450987,0.70945376,0.8810827,0.6990537,0.8911761,0.7761414,0.797893,0.7541992,0.8354241,0.7955407,0.8515558,0.7769145,0.90405214,0.8624204,0.85445017,0.84460384,0.9092844
0.69282836,0.6580292,0.69588345,0.6395948,0.68582493,0.6532265,0.70425075,0.6369213,0.67783666,0.665489,0.7116293,0.6934516,0.6890074,0.73717517,0.72428435,0.7970094,0.702148,0.8258812,0.7023207,0.90227574,0.7018892,0.9122063,0.7711941,0.8076369,0.7564632,0.8512032,0.8041466,0.8374893,0.79785126,0.91007584,0.87347746,0.8239322,0.870175,0.89702135
0.6923513,0.67468464,0.69519186,0.6509425,0.6865154,0.6661857,0.701971,0.6420494,0.67937094,0.67200625,0.71746784,0.70592093,0.69026214,0.75210196,0.7297074,0.80115384,0.7017497,0.8431886,0.70715934,0.88098526,0.70481175,0.8941947,0.7752506,0.8023595,0.75671285,0.844733,0.79689574,0.84958196,0.7865016,0.92473936,0.8653965,0.8073253,0.85971546,0.9015017
0.6877383,0.6808833,0.6904967,0.65823865,0.68298864,0.6743744,0.6980092,0.6464574,0.6782945,0.67783856,0.7141647,0.6979242,0.68709826,0.743644,0.72493184,0.7917831,0.6896388,0.8289619,0.7072328,0.8527689,0.6968057,0.8574077,0.773044,0.7863363,0.75485164,0.83075565,0.7928061,0.803089,0.78268117,0.8862354,0.86442405,0.7756419,0.8601063,0.8818247
0.6901018,0.6781702,0.69198835,0.6577429,0.6832409,0.67353654,0.6968554,0.65622944,0.6750353,0.6893402,0.7147286,0.7144988,0.6806585,0.76538396,0.727493,0.7801539,0.68856096,0.85192823,0.7184867,0.8034901,0.7074264,0.8641472,0.7693952,0.807359,0.74735457,0.8498625,0.79859716,0.85850835,0.7888942,0.91058725,0.8558445,0.8588079,0.86079854,0.9142181
0.69046265,0.6837242,0.69078493,0.66791666,0.6838936,0.6850539,0.6937606,0.6697407,0.6757244,0.70603853,0.7090628,0.7119866,0.67823285,0.781774,0.7355043,0.734725,0.6962721,0.856869,0.7275645,0.75269103,0.7228798,0.88904107,0.76227134,0.7824794,0.74425083,0.83416975,0.79173774,0.8181496,0.78693914,0.8895732,0.8422516,0.84151894,0.85681915,0.9225463
0.69098544,0.6816493,0.6908404,0.6680781,0.684488,0.6841263,0.6929533,0.67954576,0.6765904,0.7143212,0.71102613,0.72601676,0.68095636,0.799495,0.73644733,0.7171165,0.7021162,0.85748416,0.72552806,0.69829595,0.7248768,0.8693801,0.7702281,0.78398657,0.753319,0.8342012,0.7910963,0.7933688,0.7853529,0.854137,0.8432185,0.8349545,0.85716194,0.8991366
0.6888399,0.6831657,0.68928605,0.6703188,0.6852681,0.6829459,0.6914157,0.6850469,0.68083304,0.71139896,0.7128222,0.7258575,0.681075,0.78486025,0.72973484,0.7385932,0.6917852,0.8562925,0.71568406,0.72846264,0.71072954,0.8423383,0.7641024,0.78981084,0.743823,0.8297162,0.78128594,0.7998157,0.7697534,0.83623064,0.84296906,0.85967475,0.8490249,0.88761806
0.6884787,0.6906204,0.6861549,0.67691946,0.68486315,0.69112194,0.6846519,0.68111134,0.6790489,0.71138257,0.70492154,0.720311,0.6798835,0.78226316,0.73904055,0.70533955,0.7082619,0.8070366,0.7153943,0.69040126,0.71548784,0.77238965,0.75671047,0.77226514,0.74359864,0.8145914,0.7838858,0.74379134,0.78004426,0.79293007,0.8472584,0.77007324,0.8576822,0.820291
0.68781054,0.69918543,0.68635076,0.6858047,0.6840263,0.70057887,0.68673164,0.689214,0.6792442,0.7217256,0.70688623,0.71696264,0.676218,0.7967132,0.7371962,0.6931026,0.6923609,0.8534638,0.72078556,0.67561316,0.70744246,0.8652858,0.75982153,0.765441,0.7433767,0.8178306,0.7917595,0.7490447,0.78468215,0.80912846,0.84485036,0.77108896,0.8577976,0.83363265
0.6890972,0.6899152,0.68718255,0.6766424,0.6854031,0.6911301,0.6871372,0.6830212,0.680421,0.71531653,0.7082851,0.71419674,0.6758278,0.7970247,0.7403485,0.6871818,0.6952943,0.85880107,0.71973395,0.67281675,0.7114429,0.876881,0.7581149,0.7619876,0.74060553,0.8152383,0.79398197,0.71792006,0.78517616,0.7796471,0.8415759,0.75432855,0.8541213,0.82024544
0.6887068,0.6960983,0.6874908,0.68352,0.683427,0.70011973,0.6905479,0.69472843,0.67974323,0.73495835,0.7103311,0.7163575,0.6819999,0.80406964,0.73454124,0.6808397,0.687271,0.8630439,0.71653783,0.66018456,0.7130476,0.8866938,0.7663049,0.76508844,0.7502914,0.82201785,0.80096304,0.69311184,0.7953852,0.771659,0.837543,0.73319757,0.84581774,0.81206137
0.6931211,0.70384437,0.6908659,0.69141686,0.68776566,0.7070955,0.69138914,0.7010577,0.68419576,0.7396219,0.7100322,0.723839,0.6846439,0.7975865,0.72393423,0.7077047,0.68531305,0.8608824,0.7147586,0.6828924,0.70698494,0.8830932,0.76359797,0.78563756,0.74933046,0.8347609,0.8009205,0.72311723,0.79804057,0.7773051,0.83148426,0.7897741,0.84045124,0.8361827
0.68698007,0.7176391,0.68588024,0.7107603,0.6867613,0.7124664,0.68927556,0.71221614,0.6912221,0.7126528,0.69458497,0.7409844,0.7062449,0.74484545,0.69881165,0.75614655,0.7229864,0.7678449,0.6963792,0.70384896,0.71685135,0.71127117,0.7460154,0.81334215,0.75221694,0.8243415,0.7862949,0.72891045,0.794645,0.7378446,0.83544844,0.82192606,0.8435275,0.8247289
0.68917453,0.72221714,0.68816555,0.7123876,0.68722534,0.7171568,0.69223225,0.7077708,0.6880125,0.7166983,0.69940406,0.726193,0.70393234,0.74688435,0.70757794,0.73664397,0.71993613,0.7789789,0.70180947,0.70868856,0.7150857,0.7376119,0.7541892,0.78931314,0.75553435,0.8082093,0.78804094,0.7357611,0.793209,0.7531713,0.8350186,0.8054315,0.8390612,0.81976783
0.6893654,0.72067183,0.6882776,0.7110001,0.68788916,0.7151346,0.6930074,0.7079633,0.69069254,0.7146228,0.7008719,0.7312093,0.710442,0.7483101,0.70984095,0.7478805,0.7332417,0.78304404,0.70398545,0.7244905,0.7209073,0.7491863,0.7542569,0.7939834,0.7592017,0.81050235,0.79047155,0.73966855,0.79770845,0.75533444,0.83367175,0.79722357,0.8377547,0.8088389
0.68542856,0.71726364,0.68374366,0.71257377,0.6836848,0.71335125,0.6850994,0.72555584,0.6877699,0.7288211,0.6977827,0.767591,0.7049804,0.7540964,0.7050004,0.83714014,0.71851265,0.780961,0.6992826,0.854103,0.7140201,0.781544,0.7566758,0.79215676,0.76211077,0.79986984,0.78928316,0.73332655,0.798262,0.7423101,0.81251395,0.7935232,0.8253396,0.8086033
0.68395996,0.7392575,0.68296415,0.7316513,0.68467295,0.73348707,0.68958014,0.7303194,0.6914281,0.7294773,0.69722444,0.752619,0.7077593,0.75799364,0.70314306,0.78591806,0.7141155,0.8033377,0.6872471,0.8142451,0.69149363,0.8570646,0.75603575,0.79591924,0.7617183,0.8060908,0.781627,0.70627534,0.7864277,0.7140294,0.83791274,0.7914096,0.8404501,0.79385114
0.6817011,0.7522879,0.68094283,0.7433711,0.6819071,0.7457488,0.6874887,0.7379457,0.6865661,0.7383325,0.6966735,0.75824076,0.7017731,0.7671006,0.7027978,0.8240874,0.7050279,0.84354556,0.68565476,0.89154243,0.68650764,0.9177886,0.7599822,0.7855165,0.76213765,0.7992301,0.7857017,0.7144814,0.7892832,0.7259624,0.8447649,0.79840386,0.84645,0.80466545
0.6807807,0.75346226,0.67941046,0.7452908,0.68036455,0.74655926,0.684436,0.74237645,0.6888568,0.7456901,0.6983215,0.770338,0.70873314,0.75668997,0.69873756,0.87668616,0.7173161,0.8256979,0.687377,0.9190142,0.70086116,0.8762911,0.76033515,0.79587483,0.7672118,0.802416,0.7909134,0.71869963,0.79689324,0.7205879,0.8256621,0.7944349,0.8312487,0.7953806
0.6790447,0.76667184,0.67829275,0.7578297,0.679334,0.75909245,0.68651766,0.74723655,0.68913835,0.7508026,0.7031153,0.7632271,0.7071349,0.7575522,0.6996395,0.8656774,0.7110243,0.8315425,0.6830457,0.92877585,0.69377404,0.8870751,0.7683045,0.7888741,0.7710016,0.7982079,0.79710937,0.72917587,0.79852504,0.7301852,0.83387136,0.7912821,0.8377029,0.7848548
0.6817002,0.77483,0.6800847,0.7647137,0.68147683,0.76673394,0.6857998,0.75025535,0.69069,0.75647634,0.6984053,0.7663421,0.70849013,0.75636595,0.69310176,0.87317264,0.7078109,0.8250532,0.68009305,0.90715,0.6911149,0.86907053,0.7602914,0.7913249,0.76719105,0.80200315,0.79746836,0.72582126,0.80729485,0.73340356,0.8314442,0.7936689,0.8368832,0.7965221
0.6834447,0.777887,0.6813938,0.7663351,0.6822387,0.7705365,0.68634766,0.7494885,0.6895434,0.76152855,0.6991109,0.76291794,0.7067269,0.76081485,0.69235533,0.8672295,0.7045264,0.830534,0.6788229,0.90815824,0.6883134,0.87619454,0.76220995,0.7880138,0.76722485,0.80277246,0.80224496,0.72145104,0.8100211,0.73329103,0.83610535,0.8000407,0.83830494,0.80538154
0.68563795,0.7805264,0.68344414,0.76737475,0.6833295,0.77485955,0.6880042,0.7487254,0.68848264,0.7687544,0.70117027,0.76005507,0.7041137,0.77150786,0.6918358,0.8603132,0.69799095,0.8448569,0.6773148,0.90207714,0.68012196,0.88556206,0.765886,0.78259367,0.7680681,0.80384094,0.8042019,0.73681706,0.81098634,0.75475454,0.84229755,0.7968365,0.84350795,0.8040614
0.685846,0.7836831,0.68365365,0.76918083,0.682853,0.7784937,0.68845546,0.74921536,0.68733877,0.77349055,0.7008627,0.7601782,0.7038116,0.7779975,0.68933266,0.85806227,0.698342,0.851846,0.67397606,0.89893764,0.677555,0.8857521,0.76753455,0.79347175,0.7694965,0.81813914,0.80741614,0.7397419,0.81454796,0.76038545,0.8489197,0.81217617,0.85080904,0.82024646
0.6859899,0.78847545,0.6836981,0.77350175,0.6827847,0.78324896,0.68895435,0.75002736,0.6873235,0.775594,0.7017228,0.75831133,0.70413774,0.7781904,0.69063693,0.8542549,0.69903755,0.85049963,0.6727907,0.90160364,0.6762864,0.8899392,0.770266,0.7894948,0.7720639,0.8157386,0.8140686,0.75388455,0.8211706,0.7753622,0.85858214,0.8158406,0.85970575,0.82310975
0.6865496,0.789154,0.6843118,0.774937,0.683973,0.78294426,0.6890857,0.7507168,0.68908757,0.7718052,0.700795,0.7577869,0.7054353,0.7718118,0.6885529,0.8563027,0.701878,0.84413356,0.67036396,0.902361,0.6763703,0.88729984,0.7719211,0.7923012,0.775015,0.8165631,0.81783324,0.7620466,0.8247821,0.7794891,0.86508095,0.8343326,0.86700386,0.8400719
0.6861567,0.792479,0.6842241,0.77885646,0.6842153,0.78563213,0.68912625,0.7526702,0.6900562,0.77048177,0.70030224,0.7582852,0.7044649,0.7703187,0.686811,0.8587315,0.7028958,0.845811,0.6675363,0.9040009,0.67580515,0.88657475,0.7710857,0.7951562,0.77391213,0.81858325,0.8203618,0.7906647,0.82471275,0.80283076,0.8735337,0.8489917,0.8732464,0.8484226
0.6860172,0.79192567,0.6843373,0.77853453,0.68441737,0.7841615,0.6896972,0.7538709,0.69102025,0.76869917,0.69990474,0.76234037,0.70554894,0.7687789,0.68622476,0.86158407,0.70714915,0.83957255,0.6673102,0.90345377,0.68086374,0.8802937,0.7714859,0.7966456,0.77513665,0.81810063,0.8255698,0.80835867,0.8286792,0.81420386,0.88434154,0.8654224,0.8817429,0.8563355
0.68442684,0.79210305,0.68299437,0.7797988,0.6833231,0.7841822,0.6878021,0.7580498,0.6895282,0.771143,0.7020504,0.7717065,0.705623,0.77765405,0.68608975,0.863721,0.7042502,0.8455375,0.6657297,0.89483535,0.6756156,0.8720097,0.7756819,0.80662644,0.7771974,0.82456374,0.8280922,0.83311397,0.8318309,0.82685745,0.8794796,0.8720729,0.88357824,0.85291827
0.6850444,0.79415333,0.68357414,0.7813795,0.68466157,0.7866523,0.6877651,0.76008713,0.69098955,0.77322483,0.7010686,0.77312714,0.70552343,0.7786781,0.68676025,0.8622735,0.706873,0.83911556,0.66476274,0.90270233,0.6795622,0.86632866,0.77340263,0.8124562,0.7753155,0.8308275,0.8191125,0.8213322,0.82281065,0.82078415,0.87904274,0.877048,0.8834483,0.8665589
0.6851672,0.7955104,0.68371415,0.7832208,0.68472785,0.78730816,0.6879522,0.7613011,0.6915949,0.77202654,0.7011152,0.77405715,0.7075781,0.7743767,0.6857291,0.8633367,0.7110114,0.8308411,0.6636384,0.906738,0.6840807,0.86040276,0.7771133,0.81419855,0.78001356,0.83034366,0.8278889,0.84067607,0.8306281,0.83104837,0.8910107,0.8939128,0.8926984,0.8681344
0.68495303,0.79231906,0.6834512,0.7789893,0.6843481,0.7853,0.688172,0.75936717,0.69115746,0.7743538,0.7012993,0.7740042,0.70643824,0.779984,0.68749505,0.85792166,0.7107231,0.83291745,0.6640932,0.9089319,0.68306303,0.8669818,0.77649164,0.8157605,0.778472,0.83526486,0.8288333,0.8428695,0.83058566,0.83787405,0.89889157,0.89952374,0.8992801,0.87739223
0.68499976,0.79112,0.6833932,0.77931976,0.6846104,0.7832233,0.6876692,0.76204926,0.69227844,0.7717457,0.6997627,0.7806254,0.70893115,0.7724579,0.68508124,0.8700786,0.71652323,0.8187394,0.6613941,0.91022253,0.6921662,0.85081166,0.7737961,0.81782484,0.77799296,0.8311593,0.8318171,0.86049354,0.8345497,0.8469553,0.8998993,0.9076674,0.8984036,0.87692654
0.68491405,0.79479885,0.68337435,0.7812789,0.6851274,0.7879811,0.68777424,0.76165116,0.6926273,0.7775499,0.70038486,0.7765166,0.7046193,0.7882372,0.6879334,0.8647374,0.70382446,0.8504784,0.6634447,0.90896314,0.6731075,0.88683546,0.77525735,0.8138773,0.7777566,0.8380262,0.83189315,0.8637213,0.83615714,0.8685489,0.90677434,0.9078527,0.90956527,0.90034723
0.6851093,0.79462427,0.6834778,0.7803285,0.6849322,0.7894501,0.6873315,0.7616259,0.6914604,0.782844,0.69914013,0.77682424,0.70229095,0.79539716,0.688178,0.85988754,0.70095414,0.8530239,0.6658085,0.9093623,0.6708329,0.8910941,0.7720725,0.815388,0.7740889,0.843586,0.829356,0.86965656,0.83402556,0.8813466,0.90966195,0.905828,0.91239595,0.9052436
0.6862025,0.8006706,0.68400997,0.78568286,0.6856701,0.7934286,0.6886682,0.7626119,0.6931675,0.7817576,0.69931,0.7729323,0.701904,0.7904258,0.6895429,0.8580911,0.7019814,0.8501549,0.6676717,0.9180395,0.6757394,0.90520984,0.7746979,0.8143119,0.7771623,0.8453964,0.8451625,0.8761546,0.8461342,0.8942479,0.9216496,0.9020902,0.91459656,0.9039311
0.6856548,0.7979153,0.6836526,0.78310233,0.68478006,0.7908835,0.6886627,0.76150745,0.69206923,0.780846,0.698273,0.7722996,0.7023039,0.7906458,0.68850964,0.85641307,0.7040937,0.85103405,0.6657337,0.9191825,0.67746824,0.9082521,0.773552,0.81455684,0.7765807,0.846111,0.8457613,0.8846694,0.8471109,0.90402526,0.92158073,0.9111514,0.9145365,0.91380674
0.6858583,0.8004936,0.6837227,0.7867118,0.68530077,0.79274464,0.6882198,0.76416063,0.6930864,0.7797749,0.69740427,0.7727486,0.7043185,0.78542995,0.6872522,0.85882133,0.70699507,0.84536016,0.66522104,0.91924566,0.68076986,0.9045587,0.7743712,0.81529194,0.779009,0.8443395,0.84702617,0.89232713,0.84928507,0.90937334,0.9192177,0.9144047,0.91266125,0.9162299
0.6849677,0.79869366,0.6831298,0.7851747,0.684357,0.7905199,0.68842083,0.76339763,0.69259053,0.7773444,0.6972626,0.7736499,0.70529145,0.78329325,0.68696564,0.8619922,0.7090747,0.844019,0.6649311,0.9191348,0.6827931,0.90288854,0.77508104,0.8159347,0.7802591,0.8437564,0.8484239,0.8974629,0.85094947,0.91346985,0.91974586,0.91630787,0.9134127,0.9179726
0.685239,0.8020048,0.6831666,0.78854364,0.6846606,0.7940504,0.6878806,0.76566905,0.69247663,0.78023756,0.69721234,0.7733137,0.70411485,0.78539795,0.687079,0.86056614,0.70753545,0.8474618,0.66442823,0.91911596,0.6812641,0.9051772,0.77493656,0.81403774,0.7795196,0.8427905,0.8481601,0.894971,0.8504125,0.91145784,0.9191126,0.91348577,0.91297513,0.91486377
0.6846022,0.7974313,0.6829417,0.78530264,0.68479216,0.7913052,0.686799,0.767199,0.69244987,0.78268504,0.698124,0.7784297,0.70608443,0.7904629,0.6867299,0.85417074,0.7064597,0.84060436,0.6656123,0.9079763,0.67690414,0.88922316,0.7736792,0.8170464,0.7783576,0.8420548,0.83612293,0.8938096,0.8417913,0.9031632,0.9062132,0.9229128,0.9086029,0.92188174
0.68431526,0.7946895,0.682781,0.78245646,0.68462414,0.78861696,0.6869863,0.76599795,0.6927187,0.7813683,0.69826764,0.7792842,0.7066803,0.78954333,0.6866311,0.85615265,0.7074513,0.83822554,0.66573805,0.9078905,0.67872566,0.8842146,0.7731029,0.8198108,0.7777854,0.84391624,0.83418065,0.88632804,0.83924717,0.8955787,0.9048478,0.92304,0.9063058,0.92291653
0.68416387,0.79295653,0.68267334,0.7802274,0.6843402,0.78682715,0.6873062,0.76390034,0.69270325,0.78034276,0.699115,0.77894396,0.70706785,0.79033667,0.686716,0.8584845,0.70656294,0.8420879,0.66540027,0.90651655,0.6768709,0.8834698,0.7739362,0.8217265,0.77830595,0.84609073,0.834524,0.882188,0.8396228,0.89160645,0.903994,0.9223679,0.9053758,0.922257
0.6845066,0.7952437,0.6829232,0.7824843,0.684637,0.78886205,0.68736655,0.764556,0.6927949,0.78095835,0.6992933,0.7778648,0.7070231,0.79075956,0.68702126,0.85769755,0.70605075,0.845143,0.665678,0.90630394,0.67644805,0.88493997,0.7743214,0.8207331,0.77870566,0.84570813,0.8357482,0.882833,0.8414133,0.8931038,0.9025814,0.92277443,0.90501636,0.92358524
0.6859411,0.798932,0.68405336,0.78462654,0.6849248,0.7908725,0.689485,0.7623222,0.6929096,0.7782747,0.6988183,0.7740895,0.70656115,0.78460264,0.687642,0.86458945,0.71009755,0.8467029,0.6659438,0.91769266,0.6835217,0.8996821,0.77532816,0.8190042,0.7802929,0.84623307,0.84381914,0.88099986,0.8469456,0.8971073,0.9123184,0.9110638,0.90678275,0.91315633
0.68645316,0.7997072,0.6843312,0.7853681,0.68532723,0.7917341,0.68929404,0.76287186,0.69279057,0.7791438,0.69905424,0.77371854,0.70572203,0.78464884,0.688511,0.86507434,0.709644,0.8470965,0.6657133,0.91822535,0.6822807,0.9011195,0.7767809,0.8182119,0.7810626,0.84615535,0.84757036,0.8822554,0.84983444,0.89838254,0.91744655,0.91106224,0.91109353,0.9128161
0.6865729,0.79832536,0.68457645,0.7843575,0.68549114,0.78986335,0.68968743,0.7622205,0.69316936,0.7765838,0.6991624,0.7737508,0.70674914,0.7817532,0.68745464,0.8687057,0.7114145,0.8464101,0.6651174,0.9189782,0.68406975,0.89943683,0.7783586,0.82048094,0.78297496,0.8473126,0.8502204,0.8850636,0.8521056,0.8995684,0.9186161,0.91033894,0.9120876,0.9113812
0.68659055,0.7999415,0.68447983,0.78601116,0.685579,0.7914164,0.68944305,0.7630651,0.6933796,0.77734923,0.699246,0.77324355,0.70697016,0.78222215,0.6879308,0.86678594,0.7113687,0.84691757,0.66532326,0.9189741,0.6834337,0.90037775,0.77913886,0.82081425,0.7838952,0.8479943,0.8513258,0.8877919,0.85329026,0.9023612,0.9190087,0.9113145,0.9126677,0.91196924
0.6866262,0.7999677,0.6845999,0.7861367,0.6856417,0.7912764,0.6897046,0.7628684,0.69352025,0.77661455,0.69940317,0.77263844,0.70731896,0.7812927,0.68751305,0.86848253,0.7114426,0.8486067,0.6648649,0.91909134,0.68338263,0.9011305,0.77998954,0.8204653,0.7847947,0.84759146,0.85222465,0.8903722,0.85421747,0.90510565,0.919353,0.9130882,0.91316235,0.9143296
0.6868444,0.799377,0.6847568,0.7854053,0.6858741,0.7907832,0.68971395,0.7627118,0.6937122,0.7768218,0.6994814,0.7733298,0.70716727,0.7819505,0.68809694,0.8673164,0.7112588,0.84666455,0.6654236,0.91874987,0.68255633,0.90042233,0.77929366,0.821213,0.7840467,0.84826005,0.8513574,0.88602644,0.85322636,0.9006198,0.91913605,0.9113888,0.91281235,0.9127438
0.8956272,0.3497464,0.90308857,0.3298881,0.89432544,0.3362691,0.9251445,0.3304607,0.9015631,0.34075287,0.9390405,0.41554993,0.9078415,0.41744086,0.9209817,0.54737884,0.8880133,0.52733487,0.8669962,0.57916653,0.8599812,0.57534474,0.9177206,0.6277534,0.89682466,0.61021453,0.8440944,0.66965806,0.82210463,0.6495344,0.8597129,0.8730493,0.839293,0.8356942
0.8953644,0.35262161,0.9026554,0.33254325,0.89407915,0.33899912,0.92455786,0.3312825,0.90152675,0.34177706,0.93861103,0.4144427,0.90804493,0.41627055,0.92059624,0.5460344,0.88826126,0.52632004,0.86733246,0.5781123,0.86014575,0.5749279,0.91765785,0.6276147,0.8971801,0.6100183,0.84403515,0.6708087,0.82247365,0.65007275,0.8593589,0.87456274,0.83898306,0.8359717
0.89519256,0.3537144,0.90242594,0.3336402,0.89394504,0.33990633,0.9242654,0.33185014,0.90151995,0.34191898,0.9382297,0.4143602,0.90830153,0.4156976,0.9199625,0.54606205,0.88842916,0.5261685,0.8673212,0.57715976,0.86015743,0.57429814,0.91795695,0.62730736,0.89791125,0.609592,0.8441413,0.67049336,0.8231479,0.64963436,0.8588147,0.87503713,0.83893937,0.83643526
0.8943119,0.35596105,0.9014229,0.3353528,0.89290154,0.34187624,0.92315453,0.33133662,0.9005513,0.34203976,0.93745583,0.4125264,0.9082877,0.414581,0.9193987,0.5456116,0.8887952,0.5265135,0.86671346,0.5763928,0.8595586,0.5744758,0.9186956,0.62829936,0.8991675,0.61097187,0.8441023,0.6703306,0.82367337,0.65039355,0.8584965,0.875233,0.8389241,0.8376099
0.89340085,0.35731354,0.90031016,0.33657575,0.8920234,0.34327745,0.92194617,0.33150858,0.90003294,0.34266677,0.93707293,0.41180277,0.9082384,0.4140704,0.919007,0.5454019,0.8885032,0.52628565,0.8656967,0.574947,0.8584647,0.5733474,0.91962576,0.62940234,0.90037376,0.6119856,0.84407234,0.6693456,0.8241276,0.6489376,0.85817367,0.87469745,0.8392277,0.83628285
0.89227533,0.35744277,0.89888066,0.33666173,0.8907668,0.343824,0.9198896,0.33119863,0.8987174,0.34350133,0.93577164,0.4103754,0.9070579,0.4138773,0.9184503,0.5435684,0.8867505,0.5251591,0.8639663,0.57471746,0.85555375,0.5709193,0.9195908,0.6289428,0.90046406,0.6121379,0.8438452,0.66810495,0.8242855,0.6486541,0.8580586,0.874782,0.8392712,0.83689696
0.8908993,0.3562832,0.8974506,0.33609834,0.88939667,0.34318745,0.91831034,0.33208194,0.8970171,0.34429362,0.93436176,0.4108537,0.9047109,0.41331467,0.9166934,0.5411533,0.88302535,0.5206836,0.86425096,0.5727098,0.8532468,0.56813025,0.91923743,0.6252694,0.8994713,0.6084714,0.8434804,0.6650202,0.8236316,0.6455048,0.85784274,0.8721414,0.8388468,0.83474785
0.88825893,0.36680257,0.89427537,0.3450214,0.8863928,0.35389644,0.91522664,0.33485842,0.8943373,0.35167798,0.9325057,0.40864184,0.9038746,0.41496605,0.9148575,0.5380003,0.8818294,0.5211056,0.8623975,0.57480156,0.85266924,0.57158464,0.918992,0.62445366,0.89983696,0.60923547,0.84251034,0.6616691,0.8235437,0.64413077,0.8575404,0.87255883,0.83705276,0.83415836
0.88497096,0.36644652,0.8907205,0.3453962,0.88380605,0.35406673,0.9122489,0.33684197,0.8931357,0.35317746,0.93054944,0.41072145,0.9023081,0.4154141,0.91222584,0.5384222,0.87836885,0.51880115,0.86045045,0.57544315,0.8497899,0.570163,0.91815656,0.62403846,0.8991524,0.6083028,0.8430252,0.66021466,0.82357115,0.64212257,0.8582656,0.87035894,0.83637106,0.8319844
0.8825719,0.36974102,0.8878137,0.34890905,0.881555,0.35720748,0.9083228,0.33821994,0.8913967,0.3538671,0.9277857,0.40814528,0.90161467,0.41406292,0.9114882,0.53630096,0.87920374,0.5207809,0.8592645,0.57425135,0.85001105,0.57078236,0.918781,0.62330997,0.90119153,0.6080827,0.8425894,0.65637064,0.82422316,0.63927996,0.8562765,0.87007266,0.8354638,0.83250463
0.88062155,0.37099865,0.88571435,0.34993657,0.87865275,0.359159,0.9053669,0.33958802,0.886683,0.357855,0.92570466,0.4095796,0.89744395,0.41699216,0.91027087,0.53778183,0.8746702,0.5209679,0.85882646,0.5753911,0.8473541,0.56997406,0.91973895,0.6203958,0.9007811,0.6064692,0.8421938,0.6529371,0.82361376,0.63890815,0.85484093,0.8673306,0.83409655,0.8340836
0.8783663,0.3761361,0.8830377,0.3547874,0.87630004,0.36444157,0.9022727,0.34211135,0.88449043,0.36158526,0.9239885,0.4103335,0.89586085,0.41730827,0.9085409,0.5397674,0.87302667,0.5210774,0.85707664,0.5773014,0.8473963,0.5729528,0.92024606,0.6224263,0.90168566,0.6082999,0.83992064,0.65020967,0.82433,0.63542765,0.85168153,0.8696701,0.8352141,0.83476883
0.8772966,0.3800383,0.88226414,0.3586959,0.8744135,0.36812326,0.9016451,0.3462821,0.8812527,0.36562392,0.9218112,0.41456905,0.8948434,0.4211295,0.9047028,0.5392575,0.87239474,0.5202935,0.8560199,0.5780247,0.84658605,0.5719788,0.9205782,0.6219153,0.9030244,0.6078886,0.8372696,0.6486043,0.825562,0.6341127,0.84551,0.86894333,0.8352419,0.83389765
0.8741135,0.3895829,0.8777254,0.36941078,0.872025,0.37724426,0.8945125,0.34898847,0.88105786,0.36619905,0.9163929,0.4096843,0.8945636,0.4131904,0.9027265,0.5407842,0.87079924,0.52077246,0.85484666,0.57562244,0.84782946,0.5681836,0.91849023,0.6213181,0.9049482,0.60650027,0.834274,0.64924777,0.8295566,0.632612,0.84399444,0.8798098,0.8385898,0.8404211
0.8706188,0.38346776,0.8743114,0.36370656,0.8689146,0.3708713,0.89129907,0.3468796,0.8787101,0.3622533,0.91329443,0.41033638,0.8931225,0.41463417,0.9000861,0.5376531,0.8707752,0.52231973,0.85363114,0.5757252,0.8480508,0.5693287,0.9180275,0.62311447,0.9055044,0.60882336,0.8339526,0.6459506,0.8294918,0.6301252,0.84262794,0.8792189,0.83770746,0.841056
0.8675216,0.3856322,0.87062645,0.36626038,0.8666007,0.37335354,0.8869112,0.3488301,0.8781274,0.36381623,0.90994895,0.40953568,0.89193577,0.41549495,0.8966457,0.5364734,0.8691597,0.5265099,0.8513393,0.5786702,0.8464901,0.57251334,0.91579264,0.62615514,0.90480727,0.61274654,0.83166504,0.6475843,0.8284378,0.6323071,0.84093326,0.8804266,0.83583117,0.8413993
0.8641389,0.3900651,0.8679476,0.36981627,0.8617878,0.37807328,0.88565207,0.35141933,0.8710346,0.3699463,0.90789694,0.4125718,0.88820183,0.42327717,0.8930274,0.53639746,0.86761016,0.5328986,0.84903157,0.5775753,0.84672636,0.573515,0.9163065,0.6233255,0.9038853,0.61179996,0.8307582,0.6466661,0.8268142,0.6329104,0.8391307,0.88093567,0.83456385,0.8414708
0.8598094,0.3923719,0.8631859,0.37168345,0.8574605,0.38070142,0.8808404,0.3492027,0.86735517,0.369735,0.90529436,0.40689403,0.88502324,0.41921318,0.893019,0.5361387,0.8657306,0.53311723,0.8487126,0.57984984,0.84583074,0.57432085,0.91468185,0.62000173,0.9020249,0.6095153,0.831232,0.64461124,0.8271632,0.63311505,0.839903,0.88041776,0.8345297,0.84400487
0.8573952,0.39239722,0.86058056,0.37149182,0.85477656,0.3813272,0.87782735,0.34915155,0.8642662,0.37126052,0.9028589,0.4072447,0.8814678,0.41951564,0.89027846,0.53629875,0.86073154,0.52816266,0.84452516,0.58427215,0.8383897,0.5697284,0.9130316,0.6193399,0.89974385,0.6093805,0.8303758,0.65137196,0.8266293,0.6400948,0.8408247,0.88286656,0.8358974,0.84666026
0.8530744,0.39599326,0.85570526,0.37541246,0.8508105,0.38525075,0.8723732,0.35219923,0.8615988,0.37395194,0.8982598,0.40660256,0.8806408,0.41954246,0.8880871,0.5346256,0.8619801,0.52763253,0.8418609,0.5902644,0.8381557,0.57312936,0.9119695,0.61532605,0.9012219,0.60654473,0.8301215,0.6516825,0.8285457,0.64447916,0.8416754,0.8819664,0.8377911,0.8508694
0.8492627,0.39919123,0.85189885,0.37941846,0.8469448,0.38859585,0.8683209,0.35500228,0.85725623,0.37536556,0.89455366,0.40648884,0.8759901,0.41777894,0.88689405,0.5318437,0.8584203,0.5226616,0.8429572,0.5896539,0.8360657,0.5716062,0.9096796,0.6128417,0.89861506,0.60404277,0.83032656,0.659019,0.8299451,0.64992535,0.84276724,0.88544863,0.8417355,0.85158116
0.84437245,0.40262505,0.84689903,0.38183054,0.8432641,0.39120933,0.8636325,0.35783502,0.8555088,0.37724286,0.8897099,0.40575927,0.8734378,0.41940826,0.88523686,0.5276993,0.8542415,0.52075577,0.8396816,0.59177274,0.8315391,0.5773745,0.910016,0.60586333,0.89989436,0.60033625,0.83127165,0.66307086,0.83084196,0.6657164,0.8486597,0.8789738,0.8485528,0.86361635
0.84067696,0.40496755,0.843276,0.3843333,0.83929676,0.39386994,0.86035436,0.35934323,0.8512568,0.37924406,0.8861254,0.40581912,0.87034655,0.41933393,0.8802871,0.5319542,0.8523822,0.5232586,0.8351,0.5961551,0.83099365,0.5788426,0.90917826,0.60207915,0.89915717,0.59730315,0.8310465,0.6690727,0.83108586,0.6724104,0.850402,0.88131166,0.8505112,0.86574787
0.8379699,0.4095821,0.8398687,0.38867554,0.8357997,0.39957988,0.85431063,0.36064202,0.8455164,0.38401482,0.88164514,0.40015247,0.86458075,0.4214697,0.88112205,0.5264953,0.84913886,0.52882326,0.8353143,0.6007725,0.8281674,0.5847253,0.90957564,0.59355295,0.8987972,0.5934886,0.83093446,0.66727096,0.8308201,0.679156,0.8537812,0.8835764,0.8531411,0.876734
0.8323485,0.41001377,0.8345777,0.38914147,0.8301636,0.4006168,0.84992164,0.3619603,0.83972025,0.38655055,0.87806886,0.40251505,0.85847074,0.425422,0.8778704,0.5324316,0.84376395,0.53505445,0.832932,0.60618997,0.8250516,0.58680594,0.90707207,0.59364915,0.89447355,0.5948806,0.83047765,0.670863,0.8280107,0.6838177,0.8567117,0.881945,0.8540196,0.87666976
0.82935745,0.41258058,0.8309806,0.39101908,0.8261822,0.40494254,0.846079,0.36337632,0.8344226,0.39230052,0.87354755,0.40213224,0.85492307,0.4259813,0.87357825,0.53145725,0.84536135,0.53872836,0.830081,0.6172448,0.82306004,0.59476554,0.9044363,0.5906641,0.8923829,0.59238297,0.82964784,0.66501045,0.8281547,0.67499757,0.8598647,0.88725746,0.8575881,0.87500054
0.8244452,0.41920123,0.82585716,0.39832112,0.82213384,0.41150317,0.8409114,0.36944005,0.83236456,0.39608252,0.8679617,0.40690202,0.8535736,0.4257424,0.86712295,0.5370265,0.84289056,0.5363719,0.8277287,0.6245417,0.8209653,0.60070205,0.9016351,0.5944098,0.8923502,0.59530073,0.82753706,0.66650367,0.8286708,0.6767874,0.8613186,0.8852055,0.8594107,0.8749313
0.8191582,0.4188405,0.8211446,0.3972708,0.8166401,0.41177014,0.838274,0.37226266,0.82730454,0.40168497,0.86444443,0.41350806,0.8500825,0.4364655,0.8605396,0.54042614,0.83871573,0.5475075,0.823168,0.61982423,0.81766474,0.6054485,0.89951223,0.59538597,0.8895937,0.59880227,0.82786125,0.66934997,0.82708627,0.682775,0.86453575,0.88157135,0.8587843,0.8744652
0.8157754,0.42627355,0.81846184,0.40661868,0.8130151,0.41867635,0.8349962,0.37991366,0.8223934,0.4033813,0.858037,0.41921484,0.84648067,0.43915197,0.85448045,0.5495368,0.8362326,0.5525603,0.8152718,0.62482935,0.8122684,0.61794347,0.8965659,0.5915195,0.8881814,0.5970978,0.8288229,0.67647713,0.82962257,0.6991312,0.8687477,0.8707849,0.86491317,0.87974733
0.8069933,0.42693466,0.81019557,0.4091933,0.8051422,0.418885,0.82813114,0.38615853,0.8150077,0.40405285,0.85124683,0.4236539,0.8387297,0.4401826,0.84672683,0.5459652,0.8286727,0.5480641,0.80982363,0.6276441,0.808269,0.6209485,0.89498776,0.58402205,0.88557017,0.58948725,0.8316693,0.6822992,0.8313279,0.7044031,0.8695783,0.8646497,0.86734784,0.8762177
0.80285054,0.43252355,0.8056957,0.413552,0.8003721,0.4246099,0.8228969,0.38896206,0.80956584,0.4103872,0.8460817,0.4247082,0.83499175,0.44598874,0.84081596,0.5474823,0.8266185,0.558746,0.8065858,0.6267186,0.8074377,0.6265168,0.89341414,0.5821948,0.883879,0.59005845,0.8331733,0.68061984,0.8279652,0.70221424,0.87619704,0.8661347,0.86344737,0.8721581
0.79914916,0.44164896,0.8010891,0.42242178,0.7965564,0.43427533,0.8161041,0.39478126,0.80548584,0.41843745,0.8391946,0.42374977,0.83252716,0.4539819,0.8352917,0.5460315,0.8269748,0.5764612,0.8005416,0.6402541,0.8057335,0.6462956,0.892149,0.57424617,0.8851244,0.586834,0.83428496,0.68459105,0.8291921,0.7121983,0.8798302,0.8636976,0.8642381,0.8731756
0.79357094,0.4482558,0.79455876,0.42790252,0.79138654,0.44048098,0.80907077,0.4027298,0.803528,0.42760494,0.8315911,0.43279693,0.8326602,0.46032917,0.82592076,0.55836976,0.8293001,0.57736826,0.79232156,0.6686977,0.8020817,0.6615882,0.88945276,0.58016694,0.8890309,0.5915051,0.8319709,0.6884537,0.8340723,0.70744723,0.8783124,0.8599767,0.87236834,0.8521386
0.7895631,0.46516898,0.78982055,0.4456446,0.78776073,0.455999,0.80251104,0.41743,0.8004575,0.43689328,0.8243305,0.44539988,0.8315245,0.4599931,0.81887484,0.58055204,0.8302579,0.57651705,0.7833862,0.69407886,0.8004732,0.6727047,0.8874809,0.57540435,0.8911614,0.58219075,0.8319931,0.69391465,0.8379464,0.7085395,0.87899685,0.86587846,0.8758149,0.8577271
0.78125614,0.47085303,0.78165436,0.45177284,0.7796685,0.4592195,0.79483426,0.42528066,0.7929265,0.43909636,0.8163318,0.45486704,0.8237025,0.46640512,0.8124194,0.5894806,0.82018816,0.58458215,0.78047645,0.69331795,0.7942283,0.6818178,0.88398546,0.5711058,0.8867988,0.5787342,0.8396398,0.6992366,0.8374233,0.7149338,0.88316935,0.8752978,0.86439383,0.869775
0.77683914,0.4778966,0.7778632,0.4606061,0.7748786,0.4656536,0.7907047,0.43634525,0.7855639,0.44427198,0.8090224,0.46753377,0.8163357,0.46647653,0.80294436,0.61190814,0.8122019,0.5801349,0.77213055,0.7170695,0.7899508,0.6829465,0.88148755,0.56193686,0.8847974,0.56643444,0.8351192,0.70188123,0.84041053,0.7152045,0.87749094,0.8822565,0.8720213,0.87763935
0.77290344,0.48955628,0.77429336,0.4736173,0.7712401,0.47714165,0.78743607,0.45002118,0.78195065,0.45424512,0.8044589,0.47823325,0.813968,0.47433868,0.79705215,0.6194879,0.8107795,0.583175,0.7655245,0.72504973,0.7890908,0.6803039,0.88150406,0.5621507,0.8866596,0.56604934,0.832708,0.7059126,0.84357864,0.71716195,0.8757144,0.88758296,0.8800355,0.8795942
0.76534194,0.50214314,0.76627606,0.4862418,0.7633404,0.49088812,0.7786481,0.46236318,0.7730405,0.4699559,0.79656225,0.4890127,0.8051472,0.4888051,0.78934133,0.6299021,0.7984664,0.59934604,0.75994873,0.7314455,0.77785474,0.6907848,0.8786503,0.557647,0.8840963,0.56398904,0.8294639,0.7043948,0.8466588,0.7149964,0.87416744,0.888071,0.8875646,0.8750554
0.75761336,0.5211603,0.75798124,0.5054988,0.75743765,0.5092799,0.770594,0.4831848,0.77035844,0.48795873,0.78927404,0.5047119,0.80174094,0.50284797,0.7804251,0.64484864,0.7973505,0.62030655,0.7545454,0.7325552,0.7760125,0.7120012,0.8746063,0.56173605,0.879368,0.5676496,0.83655864,0.70707196,0.83271074,0.7155005,0.8910549,0.8928689,0.86814797,0.88074064
0.7532787,0.54093087,0.753353,0.52506196,0.7525715,0.5286632,0.7641318,0.5041888,0.762877,0.5093988,0.78235555,0.5209856,0.7928478,0.5202797,0.7750009,0.661824,0.7895836,0.6413464,0.75024456,0.7566398,0.7652527,0.73292524,0.8693477,0.561692,0.87140673,0.5675763,0.83949053,0.71272415,0.82475626,0.7138586,0.8997869,0.903616,0.86196005,0.87764376
0.7491162,0.56145877,0.7483559,0.5464401,0.7495138,0.5481537,0.75732154,0.5178828,0.7623769,0.5199581,0.77388537,0.5321268,0.79427224,0.52318597,0.76246256,0.69191897,0.79597884,0.6496917,0.739949,0.7834898,0.7869156,0.7391146,0.8617253,0.56535923,0.8708603,0.5698435,0.8390865,0.7155556,0.8346837,0.7168727,0.8929855,0.9013768,0.8615095,0.8794717
0.7421376,0.5876455,0.7418033,0.57571626,0.7429359,0.5743243,0.74812967,0.54222536,0.7526147,0.53771263,0.76465553,0.5462246,0.7864783,0.53057754,0.7554764,0.7118683,0.7894532,0.6706106,0.73035175,0.80764765,0.77966803,0.76353323,0.86200345,0.5495891,0.86984634,0.5497775,0.8375374,0.7382929,0.82835764,0.7311824,0.899062,0.8947617,0.86743754,0.8671399
0.7325834,0.6079434,0.7326576,0.59522736,0.7326017,0.59548545,0.74066365,0.56499213,0.73945946,0.56413054,0.7588235,0.568003,0.76949114,0.56000197,0.7479142,0.7279922,0.76290935,0.7020278,0.7135596,0.8231334,0.73828465,0.8074706,0.8556413,0.55650324,0.8560379,0.56054145,0.83713895,0.7474489,0.8221507,0.7432385,0.9005791,0.8896982,0.86642486,0.8677886
0.73042744,0.63866955,0.7299454,0.6262347,0.7294771,0.6280971,0.73520327,0.59345806,0.7312903,0.5974338,0.75207496,0.5866465,0.75731605,0.58843,0.74293226,0.73917323,0.74740154,0.7256626,0.7069914,0.84654874,0.72174126,0.82976806,0.8487135,0.5609909,0.8457799,0.5709262,0.8361222,0.75193554,0.8202812,0.7556329,0.90075445,0.88027525,0.8682728,0.86656564
0.7248319,0.6489407,0.72495097,0.6376109,0.72419006,0.6375925,0.7295404,0.6058649,0.7252814,0.6056159,0.74436903,0.5999301,0.7513051,0.5961409,0.7370798,0.75053793,0.74390507,0.72498107,0.70651865,0.8629662,0.72119635,0.8341247,0.84182924,0.56823015,0.84120256,0.5770168,0.8307519,0.76651615,0.8218468,0.77009076,0.89438355,0.87292093,0.87480605,0.8638784
0.7183389,0.6605066,0.71767753,0.64919984,0.7179758,0.6512149,0.7219557,0.61662567,0.71958053,0.6202122,0.7398755,0.6068408,0.744479,0.6112416,0.7421662,0.7507613,0.74430597,0.73858464,0.7137732,0.8631863,0.7233001,0.8402859,0.83494836,0.58204186,0.8338556,0.59515435,0.8256987,0.7762112,0.8199093,0.7872015,0.8914489,0.86504793,0.87872887,0.8654262
0.7141652,0.66353464,0.7142742,0.65131164,0.7136783,0.6540989,0.71809953,0.6211423,0.715483,0.6257945,0.73379457,0.62013644,0.741346,0.62628585,0.73669654,0.75803524,0.7452904,0.74715066,0.71502674,0.8662398,0.72507393,0.8494083,0.82509756,0.6123631,0.8266042,0.6261168,0.8137145,0.7874996,0.81110364,0.79970163,0.884058,0.860714,0.8756296,0.8643417
0.70371073,0.65740514,0.7038677,0.64456093,0.7030354,0.64926755,0.7107462,0.6194549,0.705467,0.62753874,0.7326802,0.6234306,0.72773826,0.6357501,0.7408177,0.7622957,0.7368774,0.7669963,0.71664876,0.8590512,0.7202235,0.85262924,0.81988126,0.62372065,0.8119845,0.6394004,0.8168931,0.79939383,0.79978824,0.80501413,0.89517707,0.8682023,0.86972755,0.8582458
0.69856006,0.6561787,0.6996469,0.64335084,0.69856405,0.646267,0.7088566,0.6200134,0.7032227,0.6234162,0.7321345,0.6309265,0.72528,0.63548654,0.7391494,0.76671153,0.7360684,0.76191306,0.71709114,0.85927063,0.7204868,0.85520494,0.8139691,0.6392036,0.80372536,0.64941335,0.8107818,0.81383586,0.78275603,0.8122044,0.88907385,0.8761172,0.84622604,0.86155915
0.69458383,0.6524277,0.69586134,0.6379799,0.69450426,0.641184,0.7056327,0.613899,0.70020986,0.61803454,0.72924787,0.6344184,0.7223937,0.6370547,0.7350047,0.7683248,0.7357444,0.7601634,0.7185321,0.85916245,0.72203654,0.86045456,0.80523854,0.6657105,0.7938313,0.673988,0.80693835,0.8237502,0.76638806,0.8213169,0.8841614,0.87803334,0.81827897,0.86739385
0.69454855,0.6541583,0.6965033,0.6394991,0.6944746,0.6428223,0.7057654,0.6152965,0.69947505,0.61839604,0.72768044,0.63764197,0.71963274,0.64022726,0.7324263,0.76965624,0.73743874,0.760934,0.71782243,0.85732937,0.7265868,0.8672996,0.80091304,0.68858474,0.7886428,0.6980531,0.802168,0.8391325,0.7601812,0.8424725,0.8830103,0.8755139,0.8173577,0.8779589
0.69387364,0.6585717,0.6959662,0.64243895,0.693538,0.64780176,0.7062071,0.6173058,0.6992802,0.62505984,0.72722846,0.64104885,0.71859723,0.65149844,0.7302886,0.7626912,0.73758537,0.768578,0.7146139,0.8508038,0.7262974,0.8666549,0.79477763,0.70822436,0.7819723,0.7211824,0.8030246,0.8426316,0.7598497,0.850803,0.8833837,0.87647635,0.8157973,0.88472813
0.68820876,0.66909677,0.6898808,0.6506152,0.6874479,0.65812993,0.70109075,0.62236136,0.69491035,0.6355483,0.7231461,0.6474191,0.717518,0.66307306,0.72884035,0.76067334,0.7395841,0.77502155,0.71588135,0.84937,0.7265074,0.8680599,0.7884861,0.7227066,0.77728426,0.737039,0.80377245,0.8573751,0.75806355,0.86490524,0.8843218,0.8892571,0.80840534,0.8947204
0.6852525,0.67263997,0.68678135,0.65127593,0.6837077,0.6623847,0.69965315,0.6225728,0.691926,0.64411044,0.72376376,0.6537356,0.7153732,0.6781296,0.7328148,0.76225185,0.7388026,0.7851036,0.7175986,0.85367584,0.7272274,0.85415107,0.78376466,0.7389246,0.7723734,0.75643015,0.7980184,0.8635273,0.76184314,0.8723536,0.8806511,0.89957184,0.8192499,0.8969284
0.68313295,0.65976894,0.6854348,0.63906497,0.6804997,0.6515037,0.7004103,0.62128454,0.6874404,0.64647603,0.72629493,0.66265094,0.70770997,0.69268954,0.737521,0.7632831,0.7267794,0.79351825,0.71898,0.85246,0.71678615,0.8484444,0.78006977,0.75608003,0.76237684,0.7767267,0.80243224,0.8628694,0.76495093,0.87706536,0.87796324,0.89947355,0.8211142,0.90262824
0.686092,0.6652806,0.6878332,0.6440389,0.68023175,0.6616748,0.70047396,0.6328774,0.6806594,0.6712662,0.72566664,0.6764303,0.6987186,0.72308046,0.73988885,0.76584464,0.7149539,0.8177814,0.72200346,0.8515811,0.7116153,0.85064036,0.7801324,0.7559615,0.7594423,0.78696066,0.8033182,0.8545132,0.7810618,0.88012165,0.8755204,0.9026656,0.8485352,0.9107614
0.6845874,0.6754923,0.6854453,0.65375215,0.67845017,0.6708703,0.69568074,0.64172953,0.6769137,0.68025684,0.7200593,0.6860557,0.69697374,0.73093355,0.7342028,0.77597505,0.70799094,0.8184085,0.71889025,0.8341695,0.704187,0.83905333,0.77997535,0.75886595,0.7631548,0.7921476,0.80787146,0.8303772,0.79661965,0.86073464,0.87201977,0.8816548,0.859014,0.8980188
0.68364704,0.68257207,0.68338764,0.6626451,0.6785089,0.6777997,0.6897494,0.6506821,0.6750285,0.6851924,0.71495837,0.684365,0.68897384,0.73853284,0.73487145,0.75836104,0.70449746,0.830929,0.7208203,0.8260292,0.70559484,0.8549875,0.77509636,0.7554448,0.7566785,0.7933322,0.80827934,0.8159616,0.7907786,0.85200775,0.8672067,0.8488208,0.8507253,0.8734879
0.6781391,0.7146933,0.67842615,0.70029455,0.67514926,0.71098995,0.68728167,0.68526936,0.67659223,0.7089984,0.7086851,0.7008034,0.6886956,0.7447662,0.73023516,0.75985,0.7065127,0.81958455,0.7099137,0.84217834,0.7029335,0.8596742,0.7652485,0.741888,0.75198555,0.77504975,0.7981578,0.7865877,0.7841824,0.8265807,0.85148984,0.7928795,0.8428723,0.83018774
0.67388624,0.7185492,0.6732207,0.70347726,0.67083925,0.7145826,0.681578,0.6876124,0.67314357,0.7132759,0.70503485,0.7045063,0.69018155,0.7446668,0.72441226,0.77404547,0.7010097,0.8157574,0.70674425,0.83795357,0.696378,0.8534689,0.7720112,0.75851625,0.76196295,0.7936964,0.8083254,0.77773756,0.80294865,0.82703894,0.85267305,0.77709395,0.8507625,0.8278152
0.6756814,0.7252687,0.67569095,0.7120922,0.6715356,0.72134644,0.6841991,0.70301265,0.67124885,0.7251272,0.7077923,0.7236522,0.6850306,0.7645177,0.7275426,0.78227746,0.6964624,0.83541805,0.70547545,0.85548127,0.6976661,0.8588337,0.7740784,0.75555676,0.7599286,0.7893191,0.809833,0.7666153,0.8010483,0.809542,0.8443131,0.7690887,0.84983045,0.8120949
0.680368,0.72408706,0.67867297,0.71271837,0.67712563,0.7203747,0.6845564,0.70752215,0.67918503,0.7265904,0.7115254,0.73168296,0.69474584,0.7613948,0.7290347,0.7910978,0.70794326,0.82536066,0.70299894,0.8465344,0.7006714,0.8422042,0.779643,0.7556723,0.76986456,0.78035367,0.81336004,0.75523853,0.80886316,0.77548385,0.842099,0.7819185,0.85101026,0.7990908
0.6768064,0.73875386,0.67495376,0.72658247,0.6735014,0.7344936,0.6815158,0.71543777,0.67568487,0.73599374,0.70306534,0.72776526,0.69013095,0.75945354,0.7219038,0.77131134,0.71,0.8059286,0.70112133,0.83300966,0.7061726,0.85036623,0.7706105,0.75412345,0.7634358,0.7833055,0.819145,0.7527883,0.8138487,0.776569,0.85851824,0.77902645,0.86091727,0.793071
0.6705702,0.7244991,0.66889155,0.71270955,0.66694546,0.7218927,0.67598414,0.707008,0.66978246,0.7295867,0.6977567,0.71877766,0.69038856,0.7607425,0.7156629,0.7621948,0.71739143,0.8196919,0.7012246,0.8254373,0.71056163,0.8535945,0.77460647,0.73950493,0.7704762,0.77294505,0.8121935,0.72118264,0.80875796,0.7542702,0.8477044,0.7529552,0.855357,0.7826326
0.12574628,0.47899774,0.12582359,0.4709198,0.12381901,0.47336623,0.12695031,0.46499515,0.11788888,0.47123447,0.13117261,0.4746544,0.10760423,0.4930063,0.15277694,0.47940323,0.10125481,0.5229706,0.16529064,0.47283262,0.11038468,0.50921124,0.12868632,0.5633831,0.11326092,0.5758401,0.14926814,0.53189766,0.13063835,0.5468816,0.14613526,0.5956028,0.12677775,0.61680037
0.6741894,0.7115421,0.66980034,0.6999919,0.67190814,0.71830195,0.67000455,0.7069546,0.67581457,0.74908084,0.6978456,0.7196814,0.6915223,0.8085753,0.72151333,0.7020487,0.7245966,0.87430155,0.7107382,0.7015138,0.7311782,0.84586596,0.7667074,0.7496065,0.763518,0.79621196,0.7814679,0.7749418,0.7809259,0.8126234,0.82661676,0.79276675,0.8367209,0.8143035
0.66883105,0.7238023,0.6651575,0.7129346,0.66472983,0.7294244,0.66720563,0.7230727,0.66624695,0.7641291,0.6913263,0.72983,0.6836652,0.8155413,0.7161739,0.69323146,0.71848583,0.8630494,0.7098135,0.6878155,0.7321848,0.83757627,0.7608687,0.7581045,0.75622815,0.80616003,0.79322547,0.7883498,0.7915501,0.8262854,0.8347583,0.8273668,0.8405134,0.8434797
0.12846337,0.4790116,0.13072099,0.46920994,0.12564437,0.4721493,0.134797,0.4669592,0.11991157,0.4749113,0.13609575,0.48375863,0.11176379,0.5047148,0.15674563,0.4814313,0.1010944,0.5336528,0.16814472,0.47295934,0.10691916,0.5401394,0.13091496,0.56162876,0.11477431,0.57339996,0.1432396,0.52299654,0.12023421,0.5359122,0.15023376,0.56371677,0.1267991,0.58237153
0.6790643,0.74089867,0.67373675,0.7306125,0.6755368,0.7465984,0.66945827,0.7385823,0.674575,0.778588,0.6865679,0.7399956,0.689341,0.82159615,0.71233016,0.7207839,0.72338086,0.8820303,0.71434253,0.7112828,0.7393687,0.8873335,0.7620247,0.74268174,0.76426035,0.7951401,0.80978984,0.75950575,0.8124483,0.80754036,0.8601206,0.80128354,0.86349887,0.83470464
0.6736099,0.7420046,0.6694559,0.7325796,0.67071384,0.74661803,0.6683395,0.740991,0.67142314,0.77651227,0.68897027,0.73955363,0.6861126,0.8261735,0.7160518,0.6988893,0.7199616,0.8823231,0.7136633,0.69408363,0.7354805,0.879624,0.76213396,0.7501127,0.7609489,0.8007234,0.7987699,0.77148724,0.79886883,0.81473076,0.8410894,0.8134512,0.84818596,0.8396397
0.66567624,0.73961484,0.6630365,0.7292884,0.66206783,0.7424614,0.66571105,0.7359453,0.66283166,0.7700507,0.6873181,0.7369676,0.6807447,0.8255471,0.7152643,0.69709915,0.71363676,0.88095075,0.7150001,0.6972787,0.7341451,0.8678935,0.770295,0.7518278,0.76609415,0.8066522,0.81502134,0.7647596,0.81068975,0.8190196,0.8525885,0.78775793,0.857449,0.8311923
0.69004464,0.7521599,0.6862308,0.74373364,0.68718606,0.7547317,0.681498,0.7519002,0.68270344,0.7786384,0.7027573,0.75876784,0.69260806,0.8260456,0.723669,0.7298094,0.7145253,0.8657943,0.71915495,0.70805377,0.7249158,0.84374106,0.7782177,0.79329497,0.7724301,0.83481705,0.7982344,0.7998161,0.7960765,0.83204174,0.8392404,0.8242998,0.8503818,0.8430226
0.010049275,0.5844329,0.009520711,0.5752556,0.00933347,0.575257,0.004096091,0.5841113,0.010351634,0.5836913,0.0061262324,0.643049,0.010911402,0.6433969,0.023842542,0.7081911,0.02969265,0.70958316,0.035703216,0.70537955,0.040079843,0.70724016,0.00901167,0.7970672,0.012767679,0.798898,0.014972354,0.8923058,0.018812573,0.89308476,0.0230259,0.9781349,0.02657996,0.97935975
0.69173664,0.75022244,0.6880196,0.7408924,0.6880703,0.75256705,0.684741,0.74487954,0.6827806,0.77377695,0.7064217,0.7483486,0.693388,0.820186,0.7267305,0.7240461,0.715733,0.87311417,0.7188582,0.7126728,0.7299066,0.86776406,0.782139,0.7828741,0.7739045,0.82693774,0.8060121,0.80407566,0.80161726,0.8418786,0.84211236,0.8150891,0.8503606,0.8397404
0.69010097,0.7483212,0.6867093,0.7385473,0.68632585,0.75020236,0.6839317,0.7422926,0.6807089,0.77094704,0.70451087,0.7498779,0.68928623,0.8168815,0.7259322,0.7453242,0.7095985,0.8752822,0.7228579,0.74722284,0.7299605,0.86978334,0.77916735,0.7778696,0.7695433,0.823705,0.81329596,0.79455686,0.8073167,0.8426552,0.84555066,0.8009453,0.85341704,0.8457262
0.6852372,0.7467812,0.68202907,0.73605263,0.68138593,0.7490141,0.6802835,0.73872733,0.6764915,0.7700845,0.7017848,0.74545646,0.6853251,0.8205522,0.7253093,0.7285021,0.7072204,0.8787342,0.7197035,0.7268953,0.7284757,0.8697376,0.7748692,0.77759886,0.7644381,0.82668704,0.8104849,0.7946618,0.80334395,0.84769917,0.84391594,0.80400866,0.850768,0.8548617
0.6870857,0.7564698,0.6837498,0.74556637,0.6834137,0.75772166,0.68088335,0.7447277,0.6777374,0.77441806,0.7008396,0.74933213,0.68543285,0.8189506,0.7239994,0.743487,0.705182,0.8776761,0.72264963,0.7494804,0.72842354,0.87069184,0.77380604,0.77514833,0.7642178,0.82288545,0.8107463,0.7960305,0.80414647,0.84842837,0.8439159,0.80315864,0.8503689,0.8540324
0.6870211,0.75969285,0.6834838,0.7486327,0.68335897,0.76155806,0.6802661,0.7472252,0.67781544,0.7787345,0.69951975,0.7492251,0.6862234,0.82389253,0.72227013,0.7296124,0.7071172,0.87896335,0.71796525,0.72598195,0.72878665,0.8737605,0.77118725,0.773741,0.76292604,0.82279646,0.8067344,0.792001,0.80170107,0.84586614,0.84150887,0.7944628,0.8482394,0.8462619
0.68450993,0.7655487,0.68069947,0.754523,0.6810352,0.76706284,0.6777659,0.75150543,0.6763797,0.7824704,0.69892776,0.7519657,0.6843797,0.8210928,0.7223057,0.7402509,0.7050685,0.8763957,0.7205599,0.7421609,0.7291843,0.8729664,0.76970285,0.7776327,0.7605764,0.8235884,0.8066943,0.7969994,0.80097675,0.8417075,0.8413148,0.8141209,0.84680796,0.8512188
0.6841701,0.76336664,0.6802048,0.7515772,0.6803793,0.7657593,0.67736715,0.748455,0.67514396,0.78322434,0.6983189,0.74703944,0.6826903,0.82479,0.72200173,0.71757,0.70540154,0.87584877,0.71533567,0.71131206,0.72787184,0.86977977,0.7653412,0.7755561,0.75521016,0.8241861,0.80226463,0.794012,0.79466707,0.8417673,0.8407795,0.8173466,0.8421135,0.85562724
0.6836371,0.7616036,0.6793203,0.75043654,0.67942864,0.7638198,0.67706245,0.74894756,0.6742577,0.78312856,0.70093125,0.7455489,0.68360007,0.8256075,0.7235794,0.71079934,0.70720285,0.8783856,0.7147042,0.7046387,0.728414,0.86783874,0.773144,0.7822848,0.76143676,0.8305941,0.8114042,0.8034754,0.80114144,0.8446502,0.84329456,0.8282548,0.8429648,0.85283846
0.6828682,0.7610201,0.6784354,0.75025576,0.6786256,0.7626041,0.67656785,0.7482155,0.6741809,0.78088033,0.702002,0.7439738,0.6851267,0.8218251,0.7223317,0.7117434,0.7073929,0.8763531,0.7139029,0.7084936,0.729016,0.867494,0.7793841,0.7855533,0.7677839,0.8325077,0.8183776,0.81856984,0.8085103,0.85380185,0.84571695,0.84371936,0.84639084,0.8582616
0.6823898,0.754545,0.67757004,0.74119693,0.6784357,0.7542574,0.6736812,0.7361148,0.67305607,0.7702916,0.6989571,0.73951066,0.6855028,0.8171316,0.7205598,0.71649814,0.7088326,0.87685424,0.71497947,0.7225143,0.7281146,0.85384244,0.7721879,0.7840523,0.7630793,0.8296605,0.8083566,0.80777997,0.79946536,0.8385889,0.8424131,0.8388727,0.8418436,0.8502352
0.68091816,0.7582923,0.6763427,0.746447,0.6768042,0.7609323,0.67314684,0.7436496,0.6711382,0.78036606,0.69578403,0.74011964,0.67976636,0.8212678,0.71773577,0.7057122,0.7062745,0.874238,0.7109479,0.7037691,0.724496,0.8679354,0.761838,0.7818834,0.7504816,0.82881916,0.79882026,0.8025421,0.786317,0.83781934,0.83747953,0.8430293,0.83119124,0.85902333
0.6803434,0.75528973,0.6755473,0.7399132,0.6762432,0.75478715,0.67105645,0.7309751,0.6697097,0.76873153,0.69457453,0.73185325,0.6816193,0.8131459,0.7183079,0.7087089,0.70764035,0.87242717,0.71264213,0.71630436,0.72386944,0.8472218,0.7616534,0.7706406,0.752444,0.8171317,0.7951055,0.80186933,0.78342414,0.83654433,0.8389018,0.8468113,0.82920945,0.863661
0.68204945,0.76326907,0.67815745,0.7521649,0.6783853,0.7653038,0.676393,0.7501591,0.67428297,0.78320456,0.6935372,0.7431022,0.6801262,0.8159967,0.7139005,0.70763475,0.7085921,0.8573547,0.7074553,0.6962844,0.71998876,0.851883,0.7502622,0.7783234,0.7406695,0.82252043,0.7946367,0.7960465,0.7790917,0.8318988,0.83833086,0.83164525,0.8233854,0.8509353
0.6819989,0.7642094,0.67770827,0.7529846,0.6785659,0.7667505,0.6747963,0.75008446,0.674313,0.7842048,0.6911158,0.74257135,0.67984015,0.81532013,0.71376675,0.70613736,0.7078858,0.8514594,0.70861465,0.6938655,0.7183982,0.8421491,0.74754685,0.7751514,0.7399537,0.8201087,0.7906569,0.7933653,0.780066,0.8331148,0.83690065,0.8352248,0.8273291,0.86013305
0.68200773,0.7664124,0.6777863,0.755594,0.6788541,0.76824576,0.6748516,0.7517497,0.6749093,0.7830518,0.69056845,0.7439531,0.6806291,0.81049,0.7139406,0.706647,0.7072761,0.8361448,0.70882505,0.6924501,0.712845,0.8194724,0.74677575,0.7749143,0.74056125,0.817335,0.78961724,0.7999614,0.7821644,0.83751667,0.8350587,0.84104276,0.8301884,0.8655828
0.6819443,0.7663705,0.6774549,0.7553726,0.67872745,0.7679618,0.6740199,0.7511856,0.6747492,0.7824479,0.68967164,0.74450904,0.6808693,0.807381,0.71237653,0.70928985,0.70687306,0.8277994,0.70815915,0.69554156,0.710587,0.8049761,0.7450394,0.7778331,0.7395724,0.81810534,0.78728735,0.79430115,0.7810969,0.82760024,0.83094114,0.84786195,0.8273222,0.86697334
0.68205184,0.7668166,0.67741257,0.7556576,0.67885745,0.7684171,0.67362183,0.75068694,0.67448866,0.78220576,0.68944,0.7436412,0.67968434,0.8051108,0.7120291,0.7089871,0.70483655,0.82244647,0.70747805,0.69732535,0.70812815,0.7980072,0.7441464,0.7768316,0.7384138,0.81620824,0.7843771,0.79443085,0.77997047,0.8240198,0.8303463,0.8552939,0.8298316,0.8672879
0.6814856,0.767007,0.67713475,0.7555839,0.6782002,0.7686451,0.67422473,0.750149,0.6742181,0.7825739,0.6908449,0.7423685,0.67940104,0.80938214,0.71358603,0.7054672,0.705469,0.83646977,0.7082089,0.69746524,0.7094353,0.8203405,0.7445399,0.7803665,0.7379543,0.8210663,0.7831244,0.79477936,0.77920145,0.8230046,0.82829314,0.8600163,0.83062345,0.86805725
0.68116945,0.7664113,0.6769603,0.7549204,0.6777421,0.7680867,0.67415667,0.7495385,0.6734749,0.7823174,0.69080925,0.74220467,0.6787209,0.811942,0.71401304,0.7043175,0.70535696,0.8438887,0.70898837,0.6974911,0.7114844,0.8324865,0.7453569,0.78131604,0.73845357,0.82314986,0.7833125,0.79640824,0.77983564,0.82475334,0.82909817,0.8626331,0.8325467,0.86909986
0.67994654,0.76837206,0.67599934,0.75671995,0.6764993,0.76990885,0.67415106,0.7508697,0.67312753,0.78404015,0.69122183,0.7434291,0.67955834,0.8155167,0.7135238,0.7047813,0.7059874,0.8529082,0.70864815,0.69967777,0.713707,0.8487902,0.7467616,0.7811795,0.7402651,0.82378924,0.7842022,0.7956317,0.78219306,0.82454586,0.82767355,0.8621589,0.83351606,0.8692746
0.6777736,0.76971054,0.6733858,0.75705266,0.6745929,0.77183574,0.67022705,0.7475332,0.6701744,0.7846719,0.6903988,0.73881197,0.67855537,0.8156066,0.71419525,0.70318913,0.70243806,0.8583712,0.71092486,0.70208496,0.71351117,0.8520114,0.75009966,0.77090216,0.7426234,0.81487566,0.7822899,0.8064371,0.7791379,0.83668846,0.82984036,0.8665378,0.833914,0.87775654
0.6777985,0.7700673,0.6733615,0.75708705,0.6744911,0.77218175,0.6700368,0.74684197,0.66982967,0.78478956,0.6902632,0.7381516,0.67777276,0.8162245,0.71315175,0.70465195,0.7014139,0.86359584,0.7105521,0.70724523,0.71540326,0.8640533,0.75046724,0.77246076,0.7424903,0.81730014,0.7832138,0.8049566,0.7796102,0.8355248,0.83051604,0.8674466,0.8343879,0.8781067
0.6784137,0.77057046,0.67393786,0.75725204,0.6749899,0.7728253,0.670907,0.7459165,0.6700829,0.78486794,0.69173664,0.7349217,0.6777712,0.8155818,0.71575725,0.6995605,0.7013478,0.86265415,0.71132135,0.7034681,0.7136027,0.8580009,0.75099415,0.7701842,0.7418799,0.8157351,0.7829169,0.8035795,0.7772642,0.8355955,0.83118916,0.86768955,0.831975,0.8785727
0.67729586,0.77359426,0.6732886,0.7608453,0.6740069,0.7754454,0.6710786,0.74933505,0.66987205,0.7860756,0.6914982,0.7390562,0.6781622,0.8161446,0.7141356,0.7072125,0.7014987,0.8676812,0.7129613,0.7125929,0.7194702,0.87901527,0.75250554,0.77181965,0.743741,0.8165783,0.7852005,0.80945843,0.7799328,0.84061474,0.83187085,0.8662442,0.83357906,0.8778388
0.6773134,0.7766077,0.67335826,0.76308113,0.67373574,0.7784924,0.67152715,0.74873996,0.66905254,0.78711694,0.6921889,0.7363119,0.6771908,0.81483644,0.7154143,0.7051946,0.7005813,0.86675704,0.71417004,0.71455944,0.7198258,0.8794177,0.75275636,0.7692229,0.742805,0.8146021,0.7835936,0.80978996,0.7772694,0.8413026,0.83342737,0.8680931,0.8332189,0.8774462
0.6761963,0.77775097,0.6720608,0.76405936,0.6726448,0.7798884,0.67017204,0.7493884,0.6681641,0.7887808,0.69139725,0.7362396,0.6765861,0.81610096,0.71593547,0.7025257,0.70035726,0.8661642,0.71493256,0.71165,0.71981436,0.8772366,0.75205487,0.76740664,0.74239725,0.8132539,0.7825741,0.8089832,0.7769767,0.840799,0.83325636,0.86724627,0.8336102,0.87594086
0.6760799,0.77690744,0.6721372,0.7633875,0.6725363,0.7788969,0.670539,0.749451,0.6682877,0.78798866,0.6915804,0.7373368,0.67703193,0.81615984,0.7156789,0.7049662,0.70130485,0.86775357,0.71499556,0.7127135,0.72141594,0.8804169,0.7524198,0.769948,0.74262446,0.8154446,0.78398055,0.80794466,0.7766961,0.84002435,0.8339186,0.8652764,0.8318532,0.87576616
0.6760256,0.7766909,0.67213786,0.76337415,0.67248535,0.7785608,0.67064667,0.74962175,0.6685061,0.78746384,0.69196,0.73863196,0.67729574,0.8154302,0.7154661,0.7104898,0.7003937,0.8677807,0.71592975,0.72057986,0.7225373,0.881159,0.75417876,0.77118784,0.74424917,0.8164478,0.7872362,0.8099819,0.7793152,0.8425209,0.83526146,0.86334664,0.8324016,0.87528276
0.6768111,0.7772752,0.67297614,0.7641673,0.6733753,0.7786398,0.67126197,0.75047106,0.6695968,0.78667647,0.69246316,0.7419418,0.678102,0.81445366,0.7149114,0.7204722,0.69951504,0.86719984,0.71704805,0.73140085,0.72336423,0.8812312,0.756223,0.7756444,0.74667114,0.8197868,0.7900376,0.81452936,0.78300637,0.84596777,0.83628505,0.86486554,0.8349525,0.8767868
0.67746294,0.7746884,0.67400825,0.7629063,0.67417216,0.77582884,0.672867,0.7484375,0.67124194,0.780244,0.69475526,0.7379602,0.67792565,0.81009245,0.71876794,0.7129649,0.7031383,0.8616499,0.7199195,0.72748995,0.72680694,0.8775707,0.760146,0.77268857,0.74995303,0.8171961,0.7931815,0.82080054,0.7834323,0.8517301,0.8396263,0.868675,0.83965075,0.88139206
0.81308156,0.39216506,0.81637985,0.38291633,0.81029606,0.38300344,0.8218819,0.3867174,0.8058451,0.3865938,0.82936335,0.44045526,0.7989074,0.44065252,0.83506423,0.5110006,0.79313064,0.51003253,0.830893,0.5766111,0.7930063,0.5704255,0.8228534,0.5778974,0.8035701,0.57766277,0.8217473,0.67932767,0.80163854,0.67868465,0.81966925,0.7793084,0.80355006,0.77799815
0.81389314,0.39187476,0.8171582,0.3825868,0.8110208,0.38265112,0.82249707,0.38631755,0.80632895,0.38606474,0.82979214,0.4401622,0.7991534,0.44018054,0.83529425,0.51115537,0.7932808,0.5101951,0.8311162,0.57674325,0.7930858,0.5716891,0.82324743,0.57796085,0.803888,0.57768494,0.8217934,0.6794941,0.8018568,0.6787808,0.8193571,0.7793238,0.80371684,0.7780823
0.8143582,0.39150545,0.8176061,0.38215858,0.8114051,0.38226777,0.82289743,0.38579997,0.80657417,0.3856226,0.830229,0.43980256,0.79932857,0.4397916,0.8357757,0.5111543,0.7934471,0.51000893,0.83184975,0.5772488,0.7931108,0.5717731,0.82367367,0.5778861,0.804173,0.5775832,0.82208055,0.67952096,0.80200213,0.6787465,0.8194505,0.77912337,0.80380785,0.77791154
0.81436634,0.39088267,0.8176546,0.38153544,0.81140465,0.3816413,0.82299626,0.3854104,0.8065882,0.3852383,0.830332,0.43975428,0.79933,0.43976128,0.83583736,0.5110879,0.7935109,0.50995994,0.83197993,0.576958,0.7932212,0.5714044,0.82370436,0.5775393,0.8041304,0.57721597,0.8220565,0.67905784,0.80181676,0.6782401,0.8194577,0.77867955,0.8036526,0.77741045
0.8143651,0.39072344,0.8176727,0.38138366,0.8114137,0.38150054,0.8230694,0.38534608,0.80666655,0.3852142,0.83033,0.43970835,0.79956454,0.4397397,0.8357879,0.51085234,0.7938856,0.50972295,0.83238566,0.57678574,0.7933885,0.5708969,0.8237219,0.57678765,0.8043131,0.5764524,0.8219976,0.6781866,0.8018948,0.6773378,0.8195982,0.77798647,0.80370504,0.7766638
0.814942,0.39119673,0.81818885,0.38179648,0.8119235,0.3819429,0.8234218,0.38555577,0.8069674,0.38540584,0.8305424,0.43987277,0.7997169,0.4397344,0.8357959,0.5116022,0.7939481,0.5098381,0.8320385,0.57787067,0.7935812,0.5709125,0.8240571,0.576937,0.80459815,0.57662374,0.82215816,0.67844087,0.80201674,0.67763716,0.8195969,0.7779992,0.80373573,0.77684265
0.8151947,0.3913586,0.8184826,0.3820084,0.81222594,0.38206264,0.8237714,0.38578102,0.8073369,0.38537726,0.8308825,0.44007757,0.7999155,0.43947268,0.83595926,0.512104,0.79396474,0.50918555,0.83206266,0.5780796,0.7938217,0.5693132,0.8241811,0.5769608,0.80463856,0.57643497,0.82219553,0.6784092,0.8020713,0.67740744,0.8194791,0.7778172,0.8038153,0.7763693
0.8156023,0.39270625,0.8189066,0.3833409,0.8126394,0.38332605,0.8242081,0.38663888,0.80772775,0.38604495,0.8312256,0.44023937,0.80025834,0.43923083,0.8361713,0.5124626,0.7942335,0.50866616,0.83224815,0.578611,0.7940315,0.5685755,0.82416916,0.57668245,0.80468255,0.57591975,0.82180196,0.6781488,0.8020949,0.67693835,0.8187179,0.77772933,0.80382997,0.7760603
0.81610507,0.3934907,0.81940854,0.38418207,0.81314486,0.38409662,0.8246895,0.38718125,0.8081865,0.38645574,0.8316944,0.43999222,0.80068856,0.4388313,0.8366255,0.5115752,0.794532,0.50794303,0.83209974,0.5756849,0.7942117,0.5671812,0.82415307,0.5761638,0.8046805,0.57517904,0.8214313,0.6774806,0.8020663,0.6760662,0.8178914,0.7768412,0.8038128,0.774963
0.816601,0.39488828,0.819886,0.38561413,0.8136527,0.38540545,0.8250929,0.3881839,0.8085627,0.38716677,0.83207685,0.44014403,0.80088776,0.43840814,0.8367648,0.5119971,0.7945177,0.5070904,0.8302641,0.57411325,0.79457986,0.56509054,0.8240595,0.5765671,0.8044004,0.57523906,0.821187,0.67752874,0.80157465,0.6758316,0.8173612,0.7766367,0.8034809,0.7744615
0.8171768,0.3968693,0.82044774,0.38754475,0.814199,0.38723308,0.8256173,0.389169,0.80894595,0.3879107,0.8326292,0.43942204,0.80116874,0.43763894,0.8374817,0.51011926,0.79468226,0.5061849,0.8303632,0.56922215,0.7945964,0.56376225,0.8244936,0.57549673,0.80457395,0.5740928,0.82223666,0.6763985,0.8016602,0.67459184,0.81849355,0.77581537,0.8033081,0.7734853
0.8167572,0.39753652,0.82006186,0.38824236,0.8138838,0.38792017,0.82540286,0.38969135,0.80887836,0.38849005,0.8326354,0.43934184,0.80113286,0.4378858,0.83755845,0.50903875,0.7945792,0.50620615,0.82978517,0.56553745,0.7946236,0.5627273,0.82437336,0.57490504,0.8044233,0.573554,0.8220639,0.6755439,0.8014574,0.67378545,0.8182896,0.775471,0.80321974,0.77308154
0.81589997,0.39741117,0.81930923,0.3881899,0.8132057,0.387827,0.8250642,0.389696,0.8086972,0.3885478,0.83277255,0.4390931,0.8011536,0.43796137,0.8380166,0.50748634,0.7945983,0.50572246,0.829734,0.5610676,0.79479235,0.56050205,0.82430214,0.5742214,0.8042554,0.5728234,0.82216626,0.6744386,0.801259,0.6726127,0.81852895,0.774448,0.80311793,0.77171034
0.8152363,0.3967985,0.81867886,0.38753724,0.81254286,0.38724747,0.82453746,0.38928697,0.80810577,0.38839078,0.83245564,0.43903127,0.80069774,0.43823054,0.83784926,0.5073947,0.79427296,0.5057814,0.8288016,0.5603376,0.7949613,0.5591466,0.82402325,0.5743673,0.8038699,0.5730804,0.8217599,0.67451787,0.8009586,0.67282915,0.81794405,0.7745077,0.80306274,0.7718999
0.81457055,0.39663693,0.81805754,0.38732722,0.81186,0.38712832,0.8241016,0.38907814,0.80752623,0.38852188,0.8322696,0.43872198,0.80043596,0.43838945,0.83782655,0.50651836,0.7941699,0.5055921,0.8280597,0.55803573,0.7949719,0.55775964,0.82386893,0.5740191,0.803605,0.57280976,0.82171774,0.6743558,0.80050176,0.6727144,0.8179323,0.7748261,0.8026218,0.7722292
0.81322956,0.39594108,0.81674474,0.38652727,0.8104972,0.38658112,0.8230263,0.38855347,0.80636257,0.38872826,0.83155805,0.43878126,0.7998017,0.43908834,0.83748865,0.5066419,0.79385364,0.50528467,0.8273949,0.55827683,0.79529494,0.5540039,0.8234646,0.57459444,0.8031689,0.57360804,0.8213056,0.6753468,0.7998021,0.6739624,0.817561,0.7764322,0.80181134,0.7741249
0.81280243,0.39663193,0.8161964,0.3871274,0.8100259,0.38737953,0.8223591,0.38858533,0.80583715,0.3893073,0.83109754,0.4380501,0.7995098,0.4392604,0.8373545,0.50573367,0.79390097,0.5064114,0.82706785,0.5582614,0.7949506,0.5571103,0.8233309,0.5740327,0.80309546,0.5734299,0.8214343,0.6750439,0.7995119,0.6740202,0.8182129,0.77661115,0.8016473,0.7748216
0.810726,0.39903083,0.81424636,0.38987803,0.8083464,0.38963088,0.8206132,0.3912774,0.80505556,0.39169523,0.8305972,0.44122782,0.79927844,0.4421345,0.8377819,0.50845814,0.7935795,0.5065666,0.8254842,0.5600773,0.79412043,0.55894995,0.8223991,0.5754244,0.8025673,0.57447296,0.8205851,0.6736919,0.80073327,0.6718714,0.81958026,0.7715631,0.8044877,0.7680759
0.8092805,0.39871836,0.81271833,0.38940695,0.8071481,0.38952276,0.81969434,0.38972622,0.80434525,0.39058948,0.82999194,0.4383914,0.79839206,0.4402155,0.83638424,0.5056111,0.7927997,0.5075425,0.82604903,0.5609706,0.79261076,0.5634444,0.82186013,0.57523745,0.8018679,0.57460326,0.82022125,0.6727121,0.7996249,0.6715461,0.8197376,0.77329785,0.80393976,0.7702987
0.8080339,0.39606848,0.81137437,0.38663504,0.8059495,0.38695514,0.81842464,0.38751176,0.80333465,0.38851276,0.8284251,0.4372191,0.7977277,0.438311,0.83462095,0.507592,0.7923762,0.5064672,0.825634,0.56797326,0.79326373,0.55975646,0.82098097,0.5757633,0.801291,0.5749392,0.8195513,0.6762111,0.79720163,0.67518884,0.81785023,0.7786119,0.7992544,0.7760735
0.8079238,0.39496002,0.81121844,0.38544333,0.80552477,0.38601342,0.8178698,0.38664588,0.8023384,0.38816404,0.8275844,0.4368009,0.796788,0.43830046,0.83422023,0.5071995,0.7916345,0.5051875,0.82604754,0.5692792,0.7929351,0.5556228,0.8208098,0.5750355,0.8008812,0.57462907,0.8197233,0.67580736,0.7960529,0.675191,0.81870043,0.7777916,0.79777294,0.77602535
0.8051564,0.39838418,0.80833,0.3887746,0.80320644,0.38946313,0.8155823,0.3884878,0.8010343,0.39041606,0.82646084,0.43716425,0.7958595,0.43907723,0.83327675,0.5081789,0.7906541,0.50667423,0.8253828,0.5726952,0.79157823,0.55843496,0.8197233,0.5771406,0.7999817,0.5767163,0.81903285,0.6780116,0.79520196,0.67753,0.8181538,0.7806786,0.7966432,0.7786351
0.80342716,0.39854583,0.8066395,0.38873464,0.8014044,0.38970003,0.81408376,0.38871005,0.79940957,0.39148915,0.8253415,0.43817568,0.7949297,0.44172567,0.8323636,0.50931203,0.7904613,0.51168376,0.82508105,0.57608193,0.7901352,0.5675338,0.8189829,0.5775549,0.79950994,0.5777057,0.8177442,0.67823565,0.79483074,0.6782502,0.8169166,0.78056836,0.7968438,0.77902323
0.79963934,0.40015873,0.8029858,0.39012995,0.7977888,0.39122048,0.8111666,0.3895378,0.7964949,0.3932019,0.82384247,0.43853813,0.79245794,0.4438866,0.83145255,0.50865674,0.78864783,0.51374215,0.8253399,0.5772012,0.7875251,0.5712835,0.81774265,0.5782304,0.7977311,0.57913125,0.8179213,0.6784184,0.794982,0.67883426,0.81919926,0.7816575,0.79830015,0.7797597
0.79714406,0.39902666,0.80048,0.3889641,0.7953502,0.390333,0.8089367,0.38877913,0.7944736,0.39326897,0.822151,0.43838814,0.7910264,0.44483918,0.8304464,0.5079144,0.78716224,0.51408005,0.82577145,0.57826185,0.78609765,0.57092035,0.8169839,0.57761157,0.79715955,0.5790459,0.8178401,0.6785541,0.7949651,0.6794677,0.8193054,0.7827084,0.79830426,0.7812407
0.7957159,0.40059933,0.79905725,0.39017895,0.7936607,0.39170024,0.80745333,0.38861653,0.79242474,0.39334777,0.821101,0.4372733,0.7888338,0.4433358,0.83002275,0.5087077,0.7855452,0.51186,0.825414,0.582053,0.7863441,0.56567836,0.8163611,0.57776153,0.7958317,0.57929355,0.8178975,0.679273,0.7943347,0.68016756,0.8192746,0.783671,0.79843354,0.78215784
0.7943412,0.3984517,0.7974784,0.38798663,0.7921342,0.38981906,0.805459,0.38631505,0.7907815,0.3917036,0.81937486,0.43517283,0.78710055,0.4419269,0.8287975,0.5071722,0.7840943,0.5108593,0.8255572,0.5827215,0.7851891,0.56580824,0.8158431,0.5769681,0.79542947,0.5790832,0.81729364,0.67903924,0.7942868,0.6803309,0.8185925,0.7822595,0.7985359,0.7814207
0.7945309,0.39792517,0.7975992,0.38741636,0.79191744,0.38955864,0.80505383,0.38550258,0.78977543,0.3913861,0.8176552,0.433705,0.7860655,0.44013777,0.8269497,0.50473636,0.7817504,0.5047525,0.8244898,0.578508,0.7860183,0.5514971,0.8150794,0.5754724,0.7949664,0.5780655,0.8171436,0.67905885,0.7944014,0.6808754,0.81841105,0.7825058,0.7982741,0.78261584
0.792501,0.399376,0.7954543,0.3888521,0.79010713,0.39110148,0.8030283,0.38580415,0.7884436,0.39194024,0.8161592,0.43216762,0.7850368,0.43828526,0.82606125,0.5027117,0.7811249,0.49963203,0.8242939,0.5758801,0.78612536,0.53857315,0.8139238,0.5746738,0.7940652,0.57720244,0.8161952,0.6788029,0.7932214,0.6806937,0.8182252,0.7821876,0.7969151,0.78219765
0.79153883,0.3982169,0.79422396,0.3873922,0.78898025,0.3900301,0.8016979,0.38418546,0.7870405,0.39072534,0.8149023,0.4311152,0.7845892,0.43660522,0.8264104,0.500848,0.7813065,0.49663144,0.8243667,0.57090104,0.7869229,0.5246076,0.81317693,0.57334745,0.79377055,0.57539093,0.81491417,0.6787954,0.79234725,0.6803725,0.81749135,0.7817388,0.7961918,0.78178895
0.7880708,0.3946083,0.7913515,0.38371637,0.78584045,0.3856155,0.7997083,0.38107583,0.7845298,0.38653964,0.8127179,0.42939195,0.782839,0.43681446,0.8250176,0.49585098,0.7813011,0.5018405,0.8243686,0.5670571,0.7850992,0.5442768,0.8110858,0.5718757,0.7921817,0.5747148,0.8129606,0.67865765,0.792293,0.6807368,0.81887245,0.7829465,0.79861754,0.78270185
0.78882277,0.3914845,0.79214835,0.38047796,0.785973,0.3824727,0.7993928,0.37899563,0.78303623,0.38439357,0.8107001,0.42939517,0.78064996,0.43702856,0.8233852,0.49661136,0.7790716,0.5019947,0.8232876,0.5679639,0.7830717,0.5424012,0.8099681,0.57365406,0.7910954,0.577394,0.81029654,0.68052673,0.79188234,0.6835217,0.8176476,0.78430384,0.8008766,0.7857317
0.7866385,0.39052096,0.7900544,0.37956163,0.78402215,0.3813447,0.7978868,0.37786347,0.78172606,0.38312832,0.80970305,0.42870155,0.77991843,0.43672514,0.82188797,0.49635854,0.77862906,0.50511116,0.8211379,0.56818867,0.7812597,0.5539894,0.80832165,0.57494724,0.7897009,0.57836014,0.80917495,0.6820525,0.79112846,0.6845951,0.8156253,0.7857062,0.79935056,0.7862374
0.78463244,0.38924485,0.7881154,0.37870425,0.7820302,0.38038835,0.7962946,0.37848774,0.7804843,0.38351,0.80862373,0.43088907,0.7787424,0.43690592,0.8190811,0.502153,0.77582043,0.50388294,0.8155325,0.57079387,0.7805058,0.55354524,0.8070186,0.576417,0.78840435,0.578803,0.80743736,0.6823257,0.7901425,0.6837203,0.809865,0.7832465,0.79699606,0.7819468
0.78367215,0.38689926,0.787142,0.3765486,0.78105587,0.37808475,0.7952692,0.37741682,0.77947754,0.38199255,0.8077307,0.4295506,0.7776064,0.4372182,0.8175432,0.49943998,0.7748666,0.5120186,0.81217545,0.5653472,0.7766215,0.5764588,0.8059845,0.572652,0.7872761,0.5750941,0.80602264,0.68146074,0.7879988,0.68302643,0.8060104,0.7861129,0.7938345,0.7853539
0.7819912,0.3865943,0.7855076,0.37627578,0.7796302,0.3776022,0.7939191,0.37733105,0.77858156,0.38133323,0.806879,0.43027434,0.7764157,0.43706936,0.81671584,0.5015457,0.7725982,0.5133665,0.8117669,0.5713046,0.77348065,0.5849746,0.8047952,0.5735804,0.78618354,0.57545155,0.8037492,0.6812947,0.7872079,0.68223125,0.8035721,0.78560925,0.7942877,0.7838087
0.77996117,0.3871962,0.78336924,0.37678194,0.7782355,0.37816966,0.7925858,0.3769563,0.7781255,0.38093048,0.80562544,0.42960268,0.7758839,0.4359782,0.8144671,0.49994615,0.77045697,0.5124681,0.81216,0.5694521,0.7695345,0.58197254,0.8036292,0.5708708,0.7856764,0.5724727,0.8033515,0.67716503,0.78806746,0.67780435,0.80275345,0.78573805,0.7951394,0.78340966
0.77929634,0.3871679,0.7827212,0.37709856,0.77716565,0.37812412,0.791346,0.37676668,0.7767161,0.3802687,0.8046921,0.4289003,0.77467674,0.43409503,0.8145825,0.501719,0.76970166,0.5086746,0.8119566,0.5699899,0.769578,0.57924765,0.8026781,0.57441676,0.78496593,0.5756509,0.799101,0.6844082,0.7872395,0.68437576,0.7987759,0.789798,0.7951712,0.786477
0.7787892,0.38922405,0.7822606,0.3790277,0.7763472,0.38010707,0.7906796,0.37819445,0.77530855,0.38172278,0.803712,0.42989138,0.7731358,0.434562,0.8136641,0.5029067,0.7677662,0.5074329,0.8114498,0.57098734,0.7680337,0.57383037,0.801339,0.5756799,0.78328735,0.5767395,0.7974364,0.6856286,0.7852886,0.68548167,0.79663754,0.7915431,0.79280543,0.7882734
0.77935266,0.3919189,0.7827336,0.38152447,0.776339,0.38255003,0.79028624,0.37973475,0.7739336,0.38291296,0.80272883,0.42993462,0.7707792,0.43494487,0.8133792,0.5025641,0.76566786,0.50953305,0.81130564,0.57071716,0.7657206,0.5788244,0.80064136,0.5757311,0.7817379,0.577374,0.7967259,0.68741214,0.78422177,0.68782544,0.79542965,0.7955409,0.79154027,0.793514
0.77858615,0.39439166,0.78217375,0.3831171,0.77525455,0.38454464,0.7897462,0.37984693,0.77189964,0.3842696,0.80233765,0.42917418,0.76775616,0.43750423,0.813522,0.5010241,0.7645783,0.5155679,0.8123274,0.57193273,0.7638504,0.58455485,0.8000318,0.575338,0.77933615,0.5787127,0.7966405,0.68612057,0.7828152,0.6880425,0.7957181,0.79480153,0.7905547,0.79512674
0.7773451,0.3982228,0.78067863,0.38654253,0.7739028,0.38840395,0.78815174,0.38071945,0.77055395,0.38617548,0.8013097,0.42691502,0.76627,0.43675336,0.81292266,0.49886033,0.7634017,0.5157386,0.8122606,0.5737306,0.76356107,0.58665645,0.7999305,0.5731991,0.7790406,0.57756513,0.7966563,0.6833909,0.7828478,0.6863432,0.7945617,0.7917814,0.7898203,0.7935304
0.7753307,0.4016287,0.7787199,0.39012766,0.77198493,0.39184573,0.78653234,0.38390836,0.76899046,0.38896105,0.79954433,0.4289709,0.76503587,0.43771288,0.8107222,0.49988297,0.7608695,0.51374066,0.81044763,0.5751094,0.7628014,0.5836007,0.7990222,0.5732997,0.778537,0.577354,0.7961256,0.683082,0.7832244,0.68569136,0.79338527,0.790734,0.7899477,0.7916755
0.77314246,0.40853536,0.77639914,0.39686784,0.7699967,0.39868942,0.7845343,0.3876549,0.76751494,0.39305016,0.7984246,0.42827067,0.7634844,0.43788797,0.8102172,0.4982458,0.7596832,0.51473194,0.8103019,0.5742096,0.7621318,0.58722746,0.7986743,0.57223946,0.7780806,0.5767446,0.79558945,0.6824389,0.7829565,0.6853737,0.7939572,0.7893803,0.7914054,0.79050666
0.7709458,0.41307342,0.77408063,0.40164292,0.7682255,0.40336275,0.7827415,0.3913708,0.766622,0.39657652,0.7973632,0.43037283,0.7629145,0.43842712,0.80839413,0.50124514,0.7585551,0.5135093,0.8072462,0.57794434,0.76094407,0.5870868,0.7969784,0.5747306,0.77673036,0.578092,0.7937681,0.6853125,0.781128,0.68704945,0.7930123,0.7924319,0.7905419,0.7918215
0.7664313,0.40966344,0.76924145,0.3987628,0.7648288,0.40071547,0.7782678,0.39254072,0.7650808,0.39843366,0.79485637,0.43490857,0.76096946,0.44429684,0.8073481,0.50500184,0.7580976,0.51935136,0.80555266,0.58221716,0.76188433,0.5925765,0.79545945,0.58242995,0.7752568,0.5860866,0.7915711,0.68873674,0.7778074,0.69082904,0.7930557,0.7924101,0.7892444,0.7922685
0.7620105,0.4151792,0.7644731,0.40497684,0.76176524,0.40664196,0.7744155,0.40063092,0.7646557,0.40558276,0.79248965,0.44254458,0.7614304,0.44820568,0.8050348,0.511295,0.75585693,0.51265323,0.8016909,0.58711475,0.76140344,0.57093716,0.7943081,0.5884402,0.775596,0.59031594,0.79082614,0.6914926,0.777301,0.6925578,0.7924135,0.79360074,0.78698176,0.7912304
0.76117647,0.43372944,0.7641326,0.42213657,0.75932413,0.42416984,0.77456504,0.40981317,0.7601008,0.41620296,0.7929073,0.444092,0.7590062,0.45229876,0.8058123,0.51209354,0.755876,0.5218641,0.8022354,0.5926006,0.75909114,0.5941294,0.7940588,0.5845102,0.77405804,0.5868157,0.7894491,0.69078994,0.7759221,0.69142866,0.79012865,0.79520077,0.7871868,0.79214483
0.7601539,0.44629243,0.7628905,0.43454674,0.7575644,0.43679607,0.7723714,0.4212274,0.7572519,0.42828256,0.78969824,0.45251575,0.75753963,0.46094543,0.80251276,0.5221281,0.7544208,0.5289134,0.7998424,0.6029662,0.7554685,0.5963428,0.7931722,0.5796568,0.77438056,0.5827101,0.78771704,0.68737614,0.7765256,0.6888315,0.78744215,0.7926915,0.78570193,0.7908712
0.75882375,0.46163902,0.7609555,0.44976243,0.75650805,0.4524799,0.7698397,0.43422434,0.75648195,0.44143113,0.7875842,0.4628307,0.75590533,0.47137702,0.8015354,0.5308773,0.75264347,0.54214346,0.7985603,0.6119353,0.7518975,0.6059406,0.78826845,0.5908675,0.769578,0.5935856,0.7874055,0.69208723,0.77281904,0.69400054,0.7828067,0.7912283,0.77777094,0.7906234
0.7563103,0.47359675,0.75830555,0.46229374,0.75422543,0.46484548,0.76679784,0.44858274,0.75411,0.45492893,0.7850769,0.47588423,0.7528469,0.4810331,0.80025715,0.54647017,0.7472098,0.54370826,0.7967021,0.63065684,0.7483154,0.59532243,0.7878856,0.59050024,0.76851696,0.59228635,0.78534913,0.6898515,0.7697869,0.6912213,0.7830338,0.79046017,0.7772575,0.7892712
0.75407135,0.4944031,0.7559583,0.4827668,0.7517881,0.4853206,0.76467544,0.4654844,0.75180024,0.47180444,0.7843561,0.48722547,0.7515928,0.49204537,0.798932,0.5595858,0.7476413,0.5576018,0.7941908,0.6434999,0.7473698,0.61222535,0.7878455,0.5941861,0.7681838,0.5954246,0.785631,0.6922509,0.76925397,0.69280475,0.7820924,0.79220647,0.77563494,0.78950757
0.7546105,0.5103618,0.75654787,0.4988646,0.7511944,0.50194025,0.7639814,0.4828422,0.74926776,0.49033663,0.781568,0.50378937,0.75038326,0.51247966,0.7966735,0.5725421,0.74573153,0.58153427,0.79202896,0.6538055,0.7414042,0.6439784,0.7894229,0.59892017,0.77027506,0.60248506,0.7859419,0.6956229,0.7678781,0.6981864,0.7865566,0.7925682,0.775563,0.79291856
0.7500056,0.52636695,0.75184035,0.51373255,0.74590546,0.5183485,0.75920933,0.49536029,0.7440959,0.5079174,0.7780133,0.5117694,0.74663574,0.53031135,0.79506963,0.5730914,0.7458413,0.5988273,0.79099625,0.65557194,0.7419614,0.66209114,0.7903549,0.5984428,0.77142495,0.60719895,0.78151363,0.6951185,0.7698936,0.70245135,0.7796495,0.794294,0.77704936,0.8006443
0.7484277,0.5480861,0.75023955,0.5354761,0.74406165,0.54020756,0.75749296,0.5167927,0.7423681,0.5291318,0.77612317,0.5276399,0.746175,0.547405,0.7921041,0.58779365,0.74704456,0.62054986,0.7881388,0.667226,0.7448272,0.6894186,0.79299754,0.59188694,0.77447057,0.601434,0.781339,0.68864936,0.76904625,0.69646037,0.7810513,0.78879124,0.7765231,0.79511267
0.7462577,0.5659048,0.74740356,0.553788,0.74183047,0.557775,0.75328505,0.5379263,0.7402093,0.5478945,0.76972955,0.5475719,0.744768,0.56509227,0.7820153,0.62366354,0.75215393,0.65141535,0.7758178,0.711938,0.75857204,0.7235237,0.79169005,0.5872018,0.7760193,0.5975565,0.78143275,0.68553597,0.7716625,0.69498545,0.7808746,0.7843536,0.77828556,0.79294306
0.7453759,0.5946784,0.74626213,0.5823312,0.7406425,0.5857468,0.75133604,0.5629733,0.73953146,0.57052505,0.76519984,0.563854,0.74525744,0.5769422,0.77403015,0.6487695,0.75338256,0.6683161,0.7688823,0.7353752,0.7597758,0.7327075,0.7890648,0.5810221,0.77662957,0.5898511,0.7769685,0.690591,0.76995546,0.69902587,0.77943057,0.8004785,0.7781559,0.80799717
0.739533,0.61112535,0.739923,0.5993349,0.73580426,0.60136557,0.74375546,0.58285594,0.7371631,0.58374524,0.75623786,0.5855984,0.74425966,0.5849684,0.7603079,0.6765962,0.7453723,0.6736175,0.7513586,0.7643732,0.74413306,0.75063485,0.7853899,0.5918837,0.77713865,0.59345204,0.77106804,0.69995177,0.7616427,0.70091826,0.7809738,0.80593556,0.77369446,0.8038956
0.736365,0.6327902,0.7372881,0.62156886,0.7325655,0.6236578,0.7422633,0.603972,0.7325906,0.60599256,0.7560212,0.60118663,0.7380859,0.6031879,0.7592742,0.6766865,0.7365335,0.67840654,0.74577874,0.7426717,0.7333477,0.73812896,0.782843,0.5958371,0.7701004,0.5981327,0.7732761,0.7001994,0.7576139,0.7017204,0.7837257,0.80410534,0.7670258,0.8021287
0.7367447,0.65774804,0.73730004,0.647083,0.73228353,0.64904326,0.7411048,0.6264067,0.7295817,0.6291497,0.754821,0.60988396,0.73149246,0.6159207,0.75974053,0.68374103,0.7236525,0.6951566,0.7499827,0.74381506,0.712383,0.76584595,0.7779526,0.5810106,0.76329815,0.58635664,0.77112895,0.68304354,0.75863075,0.68813354,0.7777949,0.7945465,0.76750606,0.79711586
0.7339298,0.65715057,0.73565465,0.6487528,0.73132765,0.6489621,0.7414895,0.6381287,0.7311431,0.63642865,0.75424683,0.63564545,0.7332173,0.63102156,0.7541825,0.7122504,0.72764105,0.69805676,0.7418778,0.7565585,0.72516173,0.7405466,0.7723216,0.615423,0.75811106,0.61453295,0.77006996,0.7088505,0.7532086,0.7070371,0.78124136,0.80454326,0.76575965,0.79757833
0.039579876,0.47632676,0.040700275,0.4636274,0.04304872,0.4650539,0.044089478,0.4776615,0.06209288,0.47751272,0.038979463,0.5509221,0.07621129,0.55027753,0.015088779,0.631833,0.08708861,0.6263602,0.012546373,0.676497,0.092917316,0.6498092,0.040140815,0.73713773,0.062061865,0.7347731,0.022925204,0.8498397,0.036449812,0.85315573,0.020189835,0.9357969,0.027333347,0.9403409
0.0467995,0.47486115,0.047200628,0.46321833,0.048567455,0.46360317,0.043873508,0.47823268,0.06127506,0.47755924,0.03562322,0.551631,0.07294067,0.55072683,0.012948031,0.6366461,0.09153942,0.6165432,0.0071224035,0.7175067,0.10325768,0.64542204,0.03909705,0.72884065,0.0610824,0.7283608,0.030689377,0.85353434,0.045975663,0.8576376,0.024117172,0.9347866,0.03663657,0.94079775
0.055812698,0.4790076,0.05656561,0.4676273,0.05395179,0.46748534,0.048523393,0.47766882,0.054956127,0.47749433,0.036341358,0.5456204,0.06453313,0.5418188,0.014054614,0.62241405,0.08607852,0.5811477,0.0066636535,0.693346,0.10267403,0.58747834,0.03871796,0.7167499,0.054557253,0.715593,0.030363193,0.8448625,0.04274317,0.84367883,0.024072038,0.9398444,0.03367492,0.9333639
0.70269954,0.78234476,0.7019142,0.7689678,0.6994487,0.7745779,0.71065813,0.7435641,0.6965827,0.75843835,0.73412395,0.7337158,0.6995479,0.74992865,0.7562438,0.8523574,0.68629783,0.8747857,0.7444466,0.9636562,0.67113036,0.96395946,0.7597483,0.6926175,0.7372498,0.6973108,0.7533293,0.8608544,0.72781044,0.85308355,0.75947094,0.97660244,0.7351128,0.94618875
0.049912877,0.47525,0.051393695,0.46334672,0.051684022,0.4643656,0.049120765,0.47949994,0.06370849,0.4798664,0.039366145,0.5547575,0.07177689,0.55738246,0.013912389,0.6271898,0.08122394,0.6256486,0.006992644,0.6213411,0.088406436,0.612562,0.037571806,0.7509534,0.05686449,0.7516185,0.023592642,0.8795367,0.039853573,0.88435274,0.028104186,0.965005,0.03973001,0.970448
0.6967001,0.8262463,0.698246,0.81591815,0.6933349,0.8179947,0.70933884,0.7945335,0.68947077,0.802191,0.7301797,0.7809153,0.6892051,0.79345846,0.7478635,0.86552817,0.6760584,0.90043676,0.7504117,0.91011333,0.6684179,0.9724649,0.7518932,0.74759233,0.7244908,0.75145954,0.7501622,0.90989816,0.7149617,0.89156693,0.76483464,0.97345155,0.7274044,0.9296683
0.04946762,0.4839298,0.049317975,0.47218525,0.050656166,0.47335324,0.044223692,0.47680405,0.06115982,0.48028517,0.033066135,0.5472728,0.071420014,0.55014753,0.012430237,0.62747985,0.074083656,0.6258959,0.0045872587,0.6703116,0.063910335,0.6667601,0.037149318,0.7393813,0.061145183,0.73901623,0.02030461,0.85770845,0.04346065,0.85836935,0.02638045,0.9684788,0.041950148,0.96901965
0.04529671,0.47131693,0.04560042,0.46060807,0.049610488,0.46081477,0.04529894,0.47506663,0.066897385,0.47536555,0.03482676,0.5537116,0.07185113,0.55339146,0.010252506,0.63571256,0.08370376,0.6237147,0.0051915767,0.6745871,0.106816344,0.6303494,0.038070202,0.7387546,0.059775885,0.73900926,0.03164322,0.8329564,0.050805368,0.83582175,0.029971916,0.9189354,0.041334298,0.9222488
0.044585552,0.47518775,0.045649186,0.4633034,0.04703694,0.46368703,0.045111902,0.4765491,0.06267322,0.4747379,0.036747042,0.55036324,0.07431936,0.54982233,0.01088605,0.63461024,0.08714126,0.6269004,0.0016270578,0.6984671,0.08898447,0.6537672,0.036756534,0.74024796,0.06149384,0.73814976,0.020005232,0.87433803,0.04971316,0.87104,0.013661707,0.95370847,0.05207926,0.94769984
0.6400611,0.7030875,0.64003795,0.6959982,0.6372475,0.6958824,0.63765657,0.7015597,0.62923354,0.7000343,0.6363468,0.7457812,0.62203705,0.74719024,0.6437606,0.80313766,0.6220195,0.8098396,0.6548407,0.8528964,0.6318597,0.85837775,0.6363943,0.8589654,0.6282109,0.86204964,0.6377217,0.9126454,0.631874,0.91397125,0.63246685,0.9274231,0.62829655,0.93234843
0.054150652,0.47829297,0.05305275,0.4681173,0.055895843,0.4683717,0.043240305,0.48806965,0.06684869,0.48871207,0.033140257,0.5639159,0.07575813,0.55983573,0.0075193406,0.6360032,0.10570573,0.5971562,0.0055999695,0.6756117,0.13509785,0.57576793,0.032358147,0.7466357,0.056815922,0.7443429,0.02782903,0.85632646,0.044844683,0.85147405,0.01708713,0.9437515,0.029863134,0.93960667
0.77068156,0.83519393,0.771208,0.82633877,0.76986927,0.82659113,0.7619416,0.8262671,0.7649327,0.8282762,0.74760497,0.8524908,0.7515976,0.85241234,0.74693966,0.8532639,0.7497788,0.85028166,0.7676434,0.80376166,0.7651001,0.80125165,0.70079964,0.92482406,0.7040519,0.92215544,0.7058937,0.9429942,0.71761864,0.94357586,0.6524152,0.9494671,0.67065936,0.95795405
0.77126855,0.81939566,0.77350754,0.81168896,0.7694399,0.80822766,0.7704334,0.81905466,0.76160425,0.8092928,0.75442284,0.8553451,0.74397504,0.8399507,0.7520835,0.86135995,0.73425406,0.8461433,0.76356524,0.8015491,0.75809187,0.79750365,0.705995,0.93027323,0.69824153,0.9227337,0.72253484,0.93447924,0.72111446,0.9317522,0.6731022,0.95691603,0.6758207,0.9597226
0.7696206,0.8284693,0.7711705,0.8199093,0.76853573,0.8186414,0.76488686,0.82775056,0.76224416,0.82468987,0.7492472,0.8610103,0.7457854,0.8548345,0.7444691,0.86666626,0.73854107,0.8593503,0.7606568,0.8052467,0.7579576,0.8028756,0.7015574,0.926648,0.698553,0.92180246,0.70883054,0.9414283,0.7091693,0.9406884,0.66073364,0.94650346,0.6640863,0.953122
0.6810021,0.88057584,0.6779761,0.8770522,0.68185586,0.87872684,0.6698095,0.88087434,0.6855722,0.88014895,0.67097235,0.88395065,0.6934025,0.88397676,0.70151466,0.8698197,0.7326244,0.8724918,0.75054246,0.82160383,0.76339656,0.81239,0.6920485,0.90373516,0.704599,0.910405,0.73541015,0.9176876,0.74227315,0.92195374,0.7447493,0.9352906,0.749757,0.93850166
0.046004504,0.47485995,0.046199467,0.46489602,0.048006203,0.46487167,0.041218933,0.48480716,0.060985472,0.48264787,0.03258456,0.5627172,0.07356029,0.5563044,0.008281827,0.6324618,0.10464764,0.59118223,0.0029546858,0.67644364,0.13428196,0.5745524,0.036401723,0.7473661,0.059513737,0.7446189,0.023653692,0.8599919,0.040743377,0.8596226,0.016977737,0.9329851,0.031171188,0.9351737
0.85082245,0.48076296,0.85372907,0.46307525,0.84983,0.47065312,0.867232,0.44699225,0.8593198,0.45946214,0.8978271,0.5050442,0.87035227,0.5129734,0.91673815,0.64615846,0.8747822,0.63445544,0.8809046,0.7031452,0.86207956,0.70629066,0.91536045,0.7117709,0.8984173,0.7064133,0.8505419,0.760546,0.83506346,0.75801307,0.88808125,0.9184918,0.87576675,0.90269405
0.8485274,0.4870677,0.85147727,0.46946222,0.8477931,0.47701412,0.8655562,0.45074865,0.85812396,0.46316364,0.8963071,0.50562406,0.86984646,0.51390487,0.9150983,0.647124,0.8745764,0.63730174,0.879553,0.70560527,0.8620098,0.71398234,0.91408867,0.71477944,0.89793795,0.7095627,0.848361,0.76085544,0.83418095,0.75863856,0.8873976,0.9194632,0.8763822,0.9031928
0.84789926,0.48924005,0.8511804,0.4711882,0.8465279,0.4789806,0.8654627,0.45047516,0.85611546,0.46343943,0.89454836,0.50579435,0.869743,0.514287,0.91372263,0.647975,0.87651485,0.6376131,0.8781242,0.7064152,0.8621797,0.7155849,0.9120371,0.71645916,0.89702255,0.71169615,0.8464287,0.7619402,0.83366627,0.76160944,0.8872259,0.92002034,0.8774338,0.9055878
0.8467609,0.49260518,0.8502051,0.4745596,0.8451397,0.48240355,0.86461276,0.45420775,0.8539271,0.46751928,0.8936144,0.5096617,0.8676777,0.51887447,0.91245997,0.6498652,0.8740184,0.63982284,0.8757207,0.7092787,0.85947657,0.7183784,0.91222805,0.71613693,0.89635104,0.71176153,0.8474259,0.76216054,0.8337494,0.7618107,0.88845015,0.91995656,0.8780363,0.90550643
0.8453767,0.49227875,0.8490834,0.4742709,0.8435421,0.4821824,0.8638608,0.4559264,0.8516898,0.46959433,0.892968,0.51269203,0.8657279,0.52325267,0.9121057,0.6487804,0.87273455,0.641316,0.87518847,0.7092476,0.8595335,0.7198622,0.91217464,0.71656847,0.89527625,0.7125378,0.8483328,0.76279706,0.83340997,0.76150525,0.889077,0.91990757,0.87821525,0.9037503
0.8419555,0.48660448,0.8457045,0.46838245,0.84006256,0.476454,0.8606536,0.45498,0.8485791,0.46853906,0.8896007,0.5164108,0.8660392,0.52886176,0.90882504,0.65126276,0.87169117,0.6468151,0.873126,0.7138722,0.8563668,0.72176594,0.91631806,0.7118716,0.90168923,0.70935416,0.8476446,0.75786567,0.8350949,0.7607409,0.8889924,0.9205433,0.8792577,0.90779245
0.8400163,0.49153233,0.8435483,0.47380742,0.838445,0.48135176,0.8582759,0.45949292,0.8474312,0.4719766,0.8869187,0.518942,0.86377525,0.5285393,0.90659505,0.6533233,0.8697118,0.64573485,0.8728413,0.71359193,0.8559331,0.7233386,0.9116239,0.71194035,0.8972518,0.7085064,0.8469702,0.75998694,0.83418447,0.75988644,0.88973314,0.9208912,0.87841,0.90388316
0.83808845,0.5001808,0.84157497,0.48234022,0.8356029,0.49007407,0.8560673,0.46327874,0.8432056,0.47663057,0.8838108,0.5162432,0.8623357,0.52681774,0.9044447,0.6489179,0.87059593,0.6430936,0.8729586,0.71678126,0.85532993,0.72582513,0.9116322,0.7021441,0.8982145,0.6995115,0.84669745,0.75991076,0.83437616,0.7606328,0.88948184,0.9223631,0.87814474,0.90479755
0.834295,0.5010169,0.83736056,0.48273772,0.83247244,0.4897191,0.8513226,0.4653378,0.84167427,0.47659597,0.87961596,0.5113797,0.8606211,0.5261452,0.9025882,0.6314632,0.87019414,0.6399373,0.873666,0.715718,0.8553994,0.7250152,0.90790004,0.6907774,0.895593,0.68932325,0.8480843,0.76447946,0.8349744,0.7646634,0.8821999,0.91668904,0.87199336,0.8965592
0.83142245,0.50709295,0.8346419,0.48825088,0.8289237,0.496224,0.8490268,0.4705922,0.8370514,0.4848606,0.8789901,0.5159978,0.8573991,0.535329,0.9035371,0.6347097,0.86923665,0.64858365,0.872266,0.71634257,0.85656226,0.72928625,0.9091145,0.69405854,0.8950159,0.694124,0.8492503,0.76705515,0.83492196,0.76901644,0.88231844,0.91958374,0.87239903,0.90131974
0.8281205,0.5140034,0.8307087,0.49567404,0.8259231,0.50371593,0.8441464,0.4754454,0.8348403,0.48945177,0.87452966,0.5149267,0.8558318,0.53357977,0.9005591,0.6352207,0.8694564,0.6479435,0.8716521,0.71628267,0.8581018,0.72502685,0.9076549,0.68980145,0.8955105,0.6905961,0.8466201,0.7666313,0.8348303,0.7706681,0.8815773,0.91993856,0.8735175,0.90376145
0.82433414,0.5229298,0.82600415,0.5050455,0.8229399,0.51253647,0.83860695,0.4839259,0.8343218,0.49601182,0.8702466,0.5212024,0.85628283,0.5345088,0.89717305,0.64716,0.8701975,0.6501883,0.86767226,0.7211491,0.8571784,0.7224466,0.9065334,0.6956396,0.8977451,0.6947356,0.8450034,0.76898694,0.8368911,0.77156615,0.88053095,0.92519724,0.8749935,0.9076467
0.8196929,0.52449393,0.82193655,0.505962,0.8173906,0.51403165,0.8353433,0.48518386,0.827654,0.4990836,0.8664942,0.524966,0.85311264,0.5414488,0.895282,0.6494595,0.86876965,0.65527964,0.8632558,0.72446966,0.8547265,0.7281936,0.90638417,0.69433904,0.89803594,0.69525754,0.84476846,0.77024335,0.8374414,0.7773883,0.8820758,0.927192,0.87734807,0.9145217
0.81669474,0.53306705,0.81832457,0.5161441,0.81430894,0.52233636,0.83003867,0.49444324,0.8237629,0.50423187,0.8605658,0.5272147,0.85014355,0.54016846,0.88986427,0.64505666,0.86756,0.6513253,0.8632383,0.72499496,0.8530987,0.7296687,0.90718853,0.6827017,0.90061694,0.6829588,0.84617656,0.7729389,0.8395285,0.77565974,0.8818701,0.92852205,0.87736064,0.9088581
0.8153543,0.5408242,0.8167309,0.5233499,0.81267196,0.5305011,0.8277829,0.50256425,0.8211234,0.51494336,0.85816365,0.53531265,0.84783477,0.5533851,0.88503563,0.64534736,0.8639256,0.6590562,0.8572794,0.72670954,0.8491371,0.73221123,0.9084396,0.68607587,0.90181273,0.6887687,0.845987,0.7702118,0.8394998,0.77476925,0.88343525,0.92993736,0.87778014,0.9094174
0.8067379,0.5451033,0.8077869,0.5297952,0.8053233,0.5355604,0.8195667,0.5080524,0.81519145,0.51648575,0.8506865,0.53691953,0.8423091,0.5504718,0.87739533,0.6410981,0.8590748,0.65198565,0.8547183,0.729098,0.8445711,0.72629106,0.9064682,0.6777394,0.90090317,0.6801082,0.8481637,0.77110416,0.84232676,0.77258873,0.88973343,0.92526513,0.8849493,0.9039875
0.8027844,0.5483429,0.804165,0.5324809,0.8013566,0.538543,0.81778604,0.51196355,0.81093925,0.5219605,0.8494868,0.5401314,0.83701223,0.5546928,0.8752451,0.64155,0.85389704,0.65608275,0.85362005,0.7312029,0.84076786,0.72437716,0.904514,0.6714225,0.8959958,0.67288905,0.8492718,0.7733524,0.8391574,0.7712788,0.8900216,0.9207725,0.88097125,0.89577794
0.8006161,0.560728,0.8014075,0.5436314,0.79873747,0.5519302,0.8145453,0.51900905,0.8080271,0.534294,0.8473533,0.5428948,0.8352033,0.5641533,0.8718147,0.644439,0.8513598,0.6656985,0.8484678,0.73945457,0.8382409,0.7237665,0.9054743,0.6732533,0.89693815,0.6779615,0.8496532,0.7728661,0.8395842,0.7767945,0.88953656,0.9199906,0.87897825,0.90159065
0.7965253,0.5638184,0.7977459,0.54880285,0.794867,0.55423355,0.8101188,0.5262462,0.80407995,0.53431505,0.84008217,0.55349433,0.8330434,0.5659351,0.8577656,0.6582653,0.84651387,0.666235,0.835227,0.7440481,0.8333893,0.73569316,0.904027,0.68129957,0.898265,0.68481237,0.848586,0.7785388,0.84201205,0.7813276,0.8874982,0.92390054,0.8805769,0.9068443
0.79052144,0.56459427,0.79162097,0.5493596,0.78885764,0.5548152,0.8031082,0.52675235,0.79822785,0.53461915,0.83088714,0.5530794,0.83078635,0.5692837,0.8496477,0.65301293,0.84529495,0.6688978,0.8327104,0.74605685,0.83063215,0.7386289,0.9018378,0.67697054,0.90046275,0.6841531,0.8465558,0.7822426,0.8439562,0.79397714,0.8863252,0.92324555,0.8811348,0.9169494
0.78849757,0.56884646,0.78952324,0.5535575,0.786725,0.5582695,0.8005401,0.5290674,0.795637,0.53534067,0.82751817,0.55536646,0.8298027,0.5681919,0.84451497,0.663997,0.8444476,0.6728281,0.8279554,0.7573066,0.8289265,0.743236,0.90250885,0.6745335,0.90250915,0.6807223,0.844985,0.7814242,0.8435445,0.7925212,0.88577074,0.9227237,0.88054925,0.91521406
0.78025997,0.5750978,0.78135484,0.55999506,0.77955717,0.56444275,0.7938985,0.5347645,0.79078597,0.5402957,0.8213235,0.55906165,0.82519895,0.57105476,0.83851415,0.6723014,0.8387869,0.68052256,0.8217992,0.76857984,0.8239369,0.75433755,0.8962119,0.66994935,0.89709723,0.6765338,0.8422192,0.7775765,0.8414677,0.79201597,0.8843902,0.9157173,0.8788703,0.9143986
0.77751374,0.582979,0.77838343,0.56755614,0.7763857,0.5726943,0.7907031,0.54068965,0.786166,0.5480403,0.81864464,0.56290334,0.81941,0.575303,0.8364665,0.6794218,0.83263093,0.68671113,0.81605846,0.77302206,0.81711215,0.7625072,0.89259905,0.66520286,0.8912123,0.6723331,0.8420113,0.77968556,0.8395584,0.79502875,0.8854538,0.9141789,0.87759286,0.914986
0.7758034,0.59716123,0.7759517,0.581843,0.7747959,0.58700734,0.7873427,0.55154246,0.7839179,0.5591437,0.8170251,0.5700901,0.8149439,0.57843894,0.83436376,0.6930803,0.8269889,0.69100606,0.8092565,0.78819877,0.81140226,0.7758323,0.89088815,0.66727716,0.8875656,0.6726217,0.84205526,0.7811289,0.8384439,0.79241365,0.887033,0.91920966,0.877737,0.91583365
0.77363074,0.5978792,0.7726993,0.58189017,0.7727486,0.58638036,0.78155875,0.55474865,0.7853289,0.5602417,0.80824345,0.5726256,0.8158534,0.58055353,0.8287773,0.6974578,0.8321514,0.6904822,0.80250865,0.79613256,0.8139157,0.7771925,0.88178295,0.6703884,0.88647807,0.67795163,0.8410188,0.7910804,0.84420407,0.80924046,0.8798823,0.9259072,0.87700176,0.9279772
0.7702147,0.60735244,0.76901746,0.59264904,0.7696412,0.59567726,0.77702874,0.566694,0.7820551,0.568705,0.8028664,0.5811037,0.8112608,0.5832061,0.8255483,0.6978341,0.8284764,0.6861595,0.7997052,0.79355806,0.8079562,0.77973986,0.8740099,0.6673482,0.87920856,0.67179495,0.8360049,0.7940945,0.8378919,0.80426157,0.87623626,0.93299705,0.87195027,0.92491454
0.76340955,0.612925,0.76434016,0.599286,0.7632077,0.60158056,0.7753505,0.57085127,0.7714214,0.57092077,0.8014124,0.5889465,0.80222386,0.586194,0.81268686,0.7149688,0.8145818,0.6964287,0.78909504,0.8140403,0.79997396,0.7872405,0.88060755,0.6586541,0.8784753,0.6600639,0.83255684,0.78395844,0.8304639,0.78420424,0.8844024,0.9208323,0.8794803,0.90686536
0.7551181,0.61901516,0.75453776,0.6048901,0.7545678,0.6088473,0.7657906,0.57714003,0.76764053,0.58122796,0.79434985,0.58801496,0.79849195,0.5863589,0.8153319,0.7140317,0.8125631,0.6870737,0.788815,0.8091063,0.7921639,0.78690284,0.86923754,0.6610352,0.87173796,0.6640626,0.8285746,0.7902019,0.8292594,0.79823774,0.8750488,0.9218431,0.8684168,0.91281873
0.7529742,0.6280157,0.75201195,0.6132487,0.7521787,0.61894286,0.7624249,0.58360106,0.7645957,0.5920975,0.7909304,0.59065896,0.79512763,0.59599143,0.81145155,0.71171504,0.8078143,0.6950239,0.7857303,0.81186545,0.78758055,0.79080725,0.86657757,0.66097534,0.868998,0.66735804,0.8263697,0.78690857,0.8267544,0.79783887,0.8774382,0.92277277,0.86790484,0.9125883
0.75175124,0.639039,0.75102,0.6238551,0.7506455,0.6297052,0.76076907,0.59289235,0.7614233,0.6021613,0.7870134,0.60111314,0.7903704,0.60973346,0.8043977,0.71784985,0.80431473,0.7096876,0.778703,0.8164349,0.78519815,0.8012362,0.86276764,0.67124605,0.86448604,0.6793979,0.8219288,0.79418314,0.8212612,0.8050111,0.877588,0.9266593,0.86970234,0.9139537
0.74412817,0.64201534,0.7446309,0.6276072,0.74292564,0.63289505,0.7558015,0.6005591,0.75082886,0.6084202,0.78120357,0.6144944,0.779086,0.62432206,0.7961249,0.7335254,0.7912478,0.73585695,0.7681121,0.82457215,0.77341,0.8208434,0.858437,0.660001,0.85595506,0.6688145,0.8179927,0.80041325,0.8171405,0.8092168,0.8801819,0.9157249,0.87621546,0.90422744
0.7365223,0.64285356,0.73794407,0.628905,0.7357785,0.6319382,0.7503648,0.60543704,0.74493694,0.6072623,0.77424526,0.6269242,0.77516586,0.6279009,0.7837412,0.7603113,0.78647953,0.7481224,0.7551751,0.84263426,0.7641805,0.8337471,0.8559734,0.668443,0.8551822,0.67454594,0.8165354,0.8177262,0.8167657,0.8248734,0.8788356,0.9155833,0.8764192,0.9085552
0.73187375,0.6601423,0.7322351,0.64779437,0.7312722,0.6495811,0.7434552,0.62011313,0.74220854,0.61957806,0.7656964,0.6307285,0.7711056,0.6229373,0.774284,0.7707351,0.7852925,0.7373362,0.7476837,0.85751826,0.7624051,0.83506954,0.84691393,0.67855346,0.84965545,0.682865,0.81483406,0.8301264,0.8147009,0.8368283,0.87583447,0.9158456,0.8710724,0.907314
0.72600627,0.67016923,0.72664386,0.6569964,0.7246923,0.66053635,0.73757946,0.6300628,0.733596,0.6343273,0.7583969,0.6373421,0.762501,0.6435645,0.7649429,0.775409,0.77662915,0.76815027,0.7414827,0.87545544,0.7528947,0.86282253,0.84313154,0.6825167,0.8446844,0.6940912,0.8144884,0.83119774,0.8129778,0.8453221,0.87783873,0.91271913,0.8729047,0.909285
0.72357047,0.6801214,0.7250088,0.66641295,0.72304416,0.6706355,0.7346719,0.6425766,0.7284789,0.64874613,0.7562518,0.6596738,0.7507516,0.67175984,0.7541533,0.79797363,0.754003,0.8016012,0.7279975,0.90931904,0.7340002,0.8956873,0.8403128,0.69045854,0.83470076,0.70401365,0.8144469,0.8426229,0.80926305,0.8516242,0.88286304,0.9125427,0.8775774,0.90677655
0.71942323,0.69667983,0.7199227,0.68165433,0.717841,0.6897814,0.72854143,0.6571609,0.72093356,0.6712792,0.7533104,0.67574906,0.74014497,0.69523144,0.7599972,0.8044595,0.7465169,0.812769,0.7298798,0.9137765,0.7264115,0.9033205,0.83231544,0.70888555,0.8223119,0.72661453,0.80861473,0.8536102,0.8018581,0.8715629,0.88098425,0.90911466,0.8744677,0.9160931
0.71659607,0.745821,0.7174145,0.7340589,0.71646076,0.73527557,0.723079,0.6993981,0.71828187,0.699042,0.7443868,0.7006093,0.7324402,0.697307,0.74563247,0.85355943,0.73616016,0.82767284,0.7253912,0.9353115,0.7177597,0.9144849,0.8238172,0.7096028,0.81428814,0.7183097,0.8074008,0.8723675,0.79560894,0.87363356,0.88101864,0.9081455,0.86877364,0.9049452
0.69947046,0.74707794,0.69915324,0.7370932,0.69932383,0.73865247,0.70565975,0.71174467,0.7040049,0.712989,0.7277522,0.7119137,0.7209739,0.71061933,0.7406268,0.86355644,0.73248637,0.8412721,0.7254507,0.94526714,0.71496695,0.91911733,0.8055563,0.72099525,0.8002944,0.7313811,0.80119324,0.8786572,0.7928714,0.8850115,0.8664754,0.9162358,0.85765666,0.9128248
0.6965329,0.76536554,0.6958146,0.75648975,0.697706,0.7588009,0.7024972,0.7335183,0.70446485,0.7357106,0.72548145,0.7293368,0.71781164,0.7320097,0.738638,0.8580179,0.729701,0.84536415,0.7256845,0.9475463,0.71482056,0.9102749,0.79812014,0.74236137,0.79240197,0.7537678,0.80169934,0.8816578,0.79217976,0.8860913,0.8631446,0.92246187,0.85649693,0.9196293
0.7011905,0.8218737,0.701569,0.8129082,0.7016992,0.81337833,0.7081099,0.78125435,0.7033334,0.77977103,0.7310168,0.77040714,0.7142358,0.76547843,0.741661,0.8593464,0.7219221,0.83379906,0.7233688,0.9301984,0.7052145,0.90865934,0.7957405,0.76000196,0.7832243,0.76613104,0.7955136,0.88523483,0.7806803,0.8791417,0.85829306,0.89499086,0.84456724,0.8876062
0.69959784,0.8255249,0.69990367,0.81456363,0.69815964,0.81765264,0.70695394,0.79378617,0.702752,0.7983968,0.7291424,0.78258985,0.715967,0.7957535,0.7470901,0.8537442,0.72713274,0.86591464,0.7280747,0.9375673,0.715204,0.9184088,0.79055953,0.77979136,0.7803491,0.7943687,0.7989527,0.86649287,0.78834975,0.8784685,0.8503279,0.9371371,0.8368584,0.9419739
0.7136326,0.82108426,0.71257263,0.8127323,0.71386,0.81484354,0.7160091,0.7979133,0.71965593,0.7993085,0.72894824,0.78220004,0.72426355,0.7912657,0.7487535,0.8406145,0.7392835,0.85884655,0.7476068,0.92728335,0.7419596,0.92113155,0.76422757,0.78068066,0.7585244,0.7941773,0.80624485,0.8738585,0.79101014,0.8870753,0.85245705,0.9317059,0.82933444,0.94155365
0.03843532,0.47663406,0.03909572,0.46673924,0.041917156,0.46710113,0.04118366,0.48467004,0.060687143,0.48217732,0.03579696,0.56323206,0.07449605,0.55475223,0.011632896,0.6351196,0.104311645,0.59495324,0.005371553,0.70007217,0.13133954,0.5930857,0.036794703,0.7503316,0.06156459,0.7462083,0.021200622,0.8772999,0.05670278,0.87066084,0.011194694,0.9474043,0.05967502,0.9385693
0.6353594,0.6985625,0.6348837,0.68936235,0.63387686,0.69049823,0.6308204,0.69742495,0.6282586,0.7002455,0.64850074,0.75778544,0.6273069,0.7638427,0.6593086,0.8381753,0.6370761,0.8289918,0.6577921,0.84681827,0.65071875,0.834046,0.71745086,0.8381341,0.7050633,0.8618533,0.77150756,0.88602173,0.7639495,0.89003754,0.8297079,0.9085298,0.8369507,0.9171392
0.6363748,0.69903964,0.6355641,0.68988234,0.63449776,0.69154525,0.63023525,0.7002101,0.62795305,0.704631,0.64761513,0.7637715,0.6263028,0.76969063,0.6573364,0.845347,0.6352947,0.83556986,0.6570662,0.847456,0.64807206,0.84309393,0.7143103,0.8458896,0.70180434,0.86892575,0.7666711,0.8912406,0.75903696,0.89256877,0.82474816,0.912199,0.83113825,0.9170526
0.6365288,0.7002827,0.63548493,0.6923577,0.63468736,0.6935417,0.62910223,0.70501864,0.627161,0.7084656,0.6469175,0.7672635,0.6255628,0.7720198,0.65581137,0.84892666,0.6325956,0.8379146,0.6557453,0.8554257,0.64318556,0.8663262,0.71730334,0.8402086,0.70469064,0.86275554,0.76516235,0.90061015,0.75689024,0.9018342,0.8229658,0.90948,0.8287453,0.9161744
0.63702303,0.6964282,0.63574475,0.68836087,0.6349151,0.6891267,0.62842745,0.70046026,0.6261669,0.7034327,0.64601517,0.761365,0.623199,0.7680695,0.6561035,0.8417428,0.63018197,0.83842874,0.65719455,0.85041535,0.6434863,0.87103945,0.71625,0.8358717,0.70294875,0.85962796,0.7664436,0.8949544,0.7574477,0.89523625,0.82245475,0.9052914,0.8281682,0.9081804
0.63947976,0.76133233,0.636587,0.7561128,0.6381001,0.7600773,0.6298914,0.7647644,0.63182133,0.7748401,0.6511292,0.7971671,0.6330442,0.80791676,0.6600341,0.8376539,0.6386024,0.83324057,0.65409,0.85343754,0.6447471,0.86760396,0.72729355,0.82995903,0.71604496,0.8534345,0.7665745,0.8992279,0.7605403,0.9053648,0.82312244,0.90709543,0.8281256,0.9161915
0.6353719,0.70386285,0.6337758,0.69732976,0.63376045,0.6989983,0.62710947,0.7120457,0.62665534,0.71626604,0.64656353,0.7692736,0.62493324,0.77379584,0.6563471,0.8417727,0.63211304,0.83120733,0.65488535,0.8539126,0.64529496,0.8651428,0.7180218,0.83693695,0.7046918,0.85888493,0.7632691,0.89416015,0.75369215,0.8947453,0.8206806,0.91527206,0.8245988,0.9201337
0.63632363,0.6966032,0.6354425,0.68907243,0.6344342,0.69058853,0.629204,0.7037899,0.6269075,0.70758945,0.64729744,0.76534045,0.62443656,0.7709915,0.65679544,0.84406143,0.6307617,0.83670264,0.65835804,0.853945,0.64544666,0.8648405,0.71591324,0.8414442,0.7019417,0.8639029,0.7608409,0.8905213,0.75023186,0.89112675,0.8185649,0.91374964,0.82267743,0.91808325
0.6349162,0.7274422,0.6327404,0.7212726,0.63328785,0.72511965,0.626196,0.73515385,0.6264123,0.7440982,0.64788026,0.78350407,0.62754387,0.79296184,0.6586219,0.8468074,0.6344249,0.83585894,0.6550073,0.87527806,0.64483863,0.86615056,0.72435987,0.8337464,0.7118247,0.8570601,0.75997317,0.90008944,0.7527339,0.9053439,0.8202093,0.9148049,0.82584363,0.9211138
0.63550395,0.73232245,0.6333291,0.7263629,0.63425535,0.7301372,0.62671757,0.7397586,0.62792236,0.748425,0.64844954,0.78662205,0.6287385,0.7955784,0.65857756,0.84948015,0.63520366,0.8370103,0.65479773,0.8770918,0.6441547,0.86443275,0.72425616,0.83657795,0.71192205,0.85900897,0.75809735,0.9000468,0.7502374,0.903916,0.81999725,0.91590637,0.8240491,0.919903
0.63541085,0.72275543,0.6334941,0.71657246,0.63417697,0.71993965,0.62678975,0.7305395,0.62752026,0.73817104,0.6484703,0.7811211,0.6281597,0.7893798,0.66111,0.85293615,0.63473886,0.83596236,0.66085464,0.8965707,0.6458714,0.8652257,0.7245675,0.83446574,0.7119625,0.85679084,0.7569172,0.9034082,0.74767476,0.9069245,0.82025814,0.91766876,0.82288027,0.9193872
0.6357067,0.7302935,0.63358337,0.7239931,0.6344346,0.7280972,0.6273567,0.7369831,0.62788683,0.74615556,0.6506637,0.78510904,0.6290029,0.79422086,0.6665353,0.85404587,0.6361111,0.8350758,0.6671155,0.9092489,0.645869,0.8688527,0.7267232,0.8340508,0.7133903,0.85628897,0.7563423,0.9061262,0.74677753,0.91038686,0.8205824,0.91847426,0.8222871,0.9192574
0.63486606,0.69913214,0.6337878,0.69184804,0.6338424,0.6937434,0.62732536,0.7063239,0.6271886,0.71021247,0.6473333,0.7681284,0.62661165,0.77162206,0.660491,0.8559033,0.6342055,0.8312646,0.66401243,0.9060176,0.6459206,0.870677,0.7197203,0.8398888,0.70700926,0.86027807,0.75372934,0.90213215,0.7425523,0.9014519,0.8203821,0.91976756,0.8202695,0.917441
0.6460603,0.80598694,0.6432521,0.8002719,0.64395916,0.80773294,0.6410757,0.80382645,0.6395158,0.8207319,0.6607832,0.81792307,0.6417886,0.8361645,0.6771594,0.8559085,0.64779407,0.85310304,0.6743224,0.91925645,0.6495475,0.89005417,0.7290685,0.84043604,0.7181607,0.8661857,0.76104933,0.90271866,0.7563405,0.9222064,0.81670135,0.91862345,0.8222732,0.9311425
0.6471912,0.8237714,0.6443195,0.8183118,0.6451279,0.8262651,0.6432362,0.81976086,0.64144874,0.83802724,0.6645165,0.82759506,0.644721,0.8482211,0.68617606,0.857994,0.6496353,0.8574635,0.6865756,0.92847306,0.64974684,0.89290255,0.73218864,0.8377029,0.7213523,0.8641626,0.7620056,0.90258366,0.758042,0.9255965,0.8158469,0.9149576,0.8221492,0.93144083
0.65096503,0.84966487,0.64815456,0.84392184,0.64879113,0.8531203,0.6491866,0.84121466,0.64638674,0.8627162,0.6725174,0.8392434,0.651449,0.8658519,0.70165265,0.8570978,0.65606004,0.86565644,0.70652884,0.93509835,0.6525187,0.89568174,0.7370972,0.83500564,0.72617525,0.86268044,0.7630829,0.90187865,0.75945246,0.9278803,0.8159834,0.9119435,0.821973,0.92893493
0.6512152,0.8528156,0.64817095,0.84702677,0.6489285,0.85613596,0.6488491,0.8434385,0.6461627,0.8649749,0.6722149,0.8415799,0.650629,0.8663379,0.70152926,0.858434,0.65446633,0.8629995,0.70570594,0.93230516,0.65180176,0.89296395,0.736252,0.8358029,0.72518474,0.863109,0.7648462,0.9027246,0.76218504,0.92867714,0.8159593,0.9120313,0.8229769,0.93002284
0.6500298,0.85031223,0.64720136,0.8440332,0.64797443,0.85178417,0.64637923,0.83971304,0.644114,0.859049,0.6725382,0.8450914,0.6494242,0.8652784,0.70240396,0.8525384,0.65257645,0.84869266,0.7077823,0.92413455,0.6507904,0.8748378,0.73981607,0.8314037,0.7273337,0.85644007,0.76975447,0.90507734,0.7655913,0.9263012,0.8199126,0.9038899,0.8260717,0.92554873
0.80634326,0.40303832,0.80991,0.39416775,0.80352163,0.3936329,0.8155867,0.395656,0.7989255,0.39368966,0.8235292,0.44266048,0.7902225,0.43884236,0.83128893,0.5073897,0.77983594,0.49661353,0.82262766,0.55562156,0.7847374,0.54342175,0.8152639,0.57291466,0.7944534,0.5707272,0.8132616,0.6737299,0.79442674,0.6710371,0.80791724,0.77467686,0.7989832,0.77105105
0.80558485,0.40177828,0.8091838,0.39288875,0.8027898,0.39250052,0.8150341,0.3950431,0.79841506,0.39354467,0.8233203,0.44327855,0.7900052,0.4397998,0.83114547,0.50844854,0.7795444,0.49714166,0.8220771,0.5566857,0.7846726,0.5420301,0.81510127,0.57410437,0.7943313,0.5719695,0.81272596,0.6750645,0.7942833,0.67243505,0.8070658,0.77620196,0.79902846,0.77257454
0.80439323,0.40106106,0.8080837,0.39202824,0.8016178,0.39182955,0.81426096,0.39444146,0.79754555,0.3936079,0.823024,0.4433505,0.789674,0.44072413,0.83095294,0.50884646,0.7794736,0.49821976,0.8215559,0.557748,0.78448397,0.54206675,0.814894,0.5745,0.7941744,0.5725921,0.81221926,0.6757,0.7943298,0.6732877,0.80623096,0.7771515,0.7994227,0.7736051
0.8033534,0.402626,0.806924,0.39342293,0.80051136,0.3935432,0.81307214,0.3950181,0.79646164,0.39506528,0.82238275,0.44272977,0.78892654,0.44161674,0.83103675,0.50696826,0.7791786,0.49922973,0.8219242,0.5561288,0.78403455,0.5426811,0.81476414,0.5733995,0.79408544,0.572142,0.81177247,0.6747173,0.7943041,0.67298776,0.80527717,0.77669907,0.7994081,0.77404547
0.8023354,0.40358144,0.805816,0.39403653,0.7992889,0.3946078,0.811944,0.39461058,0.7950638,0.39591625,0.8217959,0.44129145,0.78800994,0.4421616,0.83113235,0.50508153,0.7790827,0.5003502,0.8213814,0.55558884,0.7840273,0.5428999,0.81484413,0.57244456,0.79393756,0.5720823,0.8116123,0.6744897,0.7939384,0.67370075,0.80462235,0.77613395,0.7989296,0.7747867
0.8007104,0.40608567,0.8042593,0.3963577,0.7977175,0.3969313,0.81080097,0.3956608,0.7938096,0.3970865,0.82122564,0.44100535,0.78727555,0.44211477,0.8309695,0.5047332,0.7786483,0.50063837,0.8211884,0.5562316,0.7830782,0.54419506,0.81427187,0.5730394,0.7933127,0.57260084,0.8110022,0.67581564,0.79327303,0.6749393,0.80389386,0.77761054,0.7980984,0.77587104
0.7997214,0.4065599,0.8029707,0.3963472,0.7967523,0.3975307,0.80990094,0.39373454,0.79321945,0.39703748,0.82160634,0.43989673,0.7870292,0.44163612,0.83108085,0.5046741,0.7784752,0.49842748,0.8204374,0.5585123,0.7830152,0.5395857,0.81355476,0.57302016,0.7923191,0.57239616,0.81255877,0.67516315,0.79315794,0.6735872,0.8064949,0.7739794,0.79765123,0.77177995
0.79853183,0.40733555,0.80169576,0.39689994,0.79557663,0.3984137,0.8088134,0.3935571,0.79225886,0.39781293,0.82124615,0.439214,0.7864747,0.44236785,0.83113635,0.5036408,0.7785284,0.49989775,0.81996864,0.5570774,0.78369015,0.53971374,0.8134983,0.57356876,0.7921295,0.57351524,0.812813,0.6755144,0.7932469,0.67452574,0.8064119,0.7739291,0.7976497,0.7722911
0.79751813,0.40620184,0.8005728,0.39563838,0.7944953,0.39758298,0.80759186,0.3924712,0.79119,0.39783716,0.82036066,0.4383246,0.7855117,0.44344395,0.8307312,0.5023047,0.7780831,0.5023455,0.81996626,0.55504173,0.7842631,0.5407349,0.81361514,0.57424015,0.79206806,0.57523894,0.8131947,0.67649585,0.7930276,0.6765227,0.80703753,0.7748174,0.7971963,0.7744179
0.79541034,0.4086007,0.7980113,0.3979555,0.7928103,0.40019432,0.8049361,0.39290497,0.7901525,0.39907235,0.81918854,0.4358992,0.78401476,0.4419751,0.8303998,0.50028545,0.77702993,0.50168467,0.8195197,0.5552917,0.78375673,0.54143864,0.812962,0.5757751,0.7913157,0.577268,0.8122498,0.6776338,0.7925738,0.67819667,0.80624884,0.7757294,0.7972824,0.7759137
0.79342437,0.4081814,0.7958886,0.3978545,0.79138416,0.3999394,0.8031149,0.39323208,0.78971493,0.39920154,0.81803286,0.43585607,0.78395337,0.4420739,0.8298891,0.49918747,0.77720964,0.5020167,0.8199398,0.5543288,0.78280205,0.54346496,0.8119389,0.57660264,0.7910182,0.5779869,0.81120265,0.6778673,0.7923416,0.6784436,0.80638117,0.7760569,0.79714227,0.7759252
0.792634,0.4053055,0.79530305,0.39490563,0.7902449,0.39693,0.80240124,0.39097142,0.7880245,0.39691132,0.81682426,0.43551618,0.7830154,0.44214216,0.8295671,0.49917018,0.7775987,0.5027654,0.8194443,0.55499387,0.7815047,0.54345363,0.8107094,0.57544875,0.7899028,0.57707345,0.8102836,0.6774801,0.7914054,0.6783404,0.8068289,0.77604544,0.7968142,0.77628803
0.7915064,0.4055469,0.7942686,0.39504647,0.7889406,0.39706564,0.8014426,0.39076582,0.7865897,0.39676824,0.81579655,0.43507496,0.78239524,0.44202387,0.8287126,0.4988251,0.77795714,0.50302696,0.8193981,0.5555199,0.78066814,0.5427116,0.8101975,0.57345974,0.78964394,0.57528526,0.81022483,0.67623526,0.79141307,0.677296,0.8074725,0.7757612,0.79664224,0.7759959
0.7892099,0.40578425,0.79217815,0.39495584,0.7866848,0.39689097,0.80015147,0.38958168,0.7847291,0.3954684,0.8149606,0.43379116,0.7815068,0.44040883,0.82766944,0.49889395,0.77755094,0.50293183,0.8189626,0.55656075,0.78022087,0.54411125,0.80972475,0.57380706,0.7892161,0.5752701,0.8097992,0.6774393,0.7911262,0.6779803,0.80799294,0.777567,0.7973213,0.77657247
0.78607154,0.40298957,0.78929,0.3926247,0.7836493,0.39433622,0.79753995,0.3890373,0.78246427,0.39451247,0.8127281,0.43385834,0.7796558,0.4406668,0.82610875,0.4970396,0.7764643,0.5013889,0.819735,0.55615306,0.78042454,0.5454096,0.8084941,0.5727561,0.7882061,0.5743896,0.80820525,0.6758713,0.7898761,0.6764695,0.805091,0.7754323,0.79520863,0.773811
0.78547496,0.40298972,0.78877896,0.39270106,0.78301126,0.3941567,0.79697466,0.3890763,0.7817086,0.393844,0.8117857,0.43385446,0.77877206,0.4402117,0.82462305,0.49691555,0.7751808,0.50250375,0.8189133,0.55507064,0.77837795,0.5505085,0.807665,0.5735395,0.7874841,0.57502836,0.8076493,0.6774993,0.78961366,0.6778241,0.8049138,0.7775314,0.7950648,0.7752981
0.785279,0.4031404,0.7886266,0.39296883,0.78265256,0.39421856,0.7965426,0.38955295,0.78091013,0.39365903,0.81051964,0.43476608,0.7776248,0.44029278,0.82280797,0.49783814,0.77385086,0.50256693,0.8172375,0.5520164,0.77702105,0.54911774,0.80668354,0.5740216,0.7866152,0.57540435,0.8065616,0.6776236,0.78906626,0.67774624,0.80448544,0.7765932,0.7951145,0.7742352
0.7844457,0.40187427,0.78779703,0.3918112,0.7818396,0.39302462,0.7956715,0.38910693,0.78015536,0.3930661,0.8094522,0.4352441,0.776994,0.4405472,0.8213708,0.49888855,0.7731011,0.50313216,0.8154381,0.55183727,0.7765276,0.5492957,0.8061097,0.57433784,0.78636044,0.5757364,0.805624,0.6777966,0.7891373,0.67791575,0.8036359,0.77584356,0.7955465,0.773372
0.7840659,0.40043065,0.7873633,0.3905207,0.7813205,0.39177057,0.79474705,0.38842317,0.77927417,0.39240584,0.8078479,0.43440706,0.77608126,0.44065174,0.8198072,0.4964639,0.772758,0.50411344,0.8142579,0.5457369,0.77545583,0.55010766,0.8052228,0.5718169,0.7858753,0.57389885,0.8045517,0.6752961,0.7884852,0.67603177,0.80387783,0.77345216,0.79544574,0.7718713
0.7821265,0.40171397,0.785329,0.391924,0.7798163,0.39301264,0.793195,0.3891746,0.7786866,0.39282253,0.80704206,0.4344469,0.7759283,0.43980604,0.8189909,0.49685532,0.77267975,0.50324005,0.81298584,0.5441315,0.7748148,0.54941136,0.804114,0.5728188,0.78539044,0.5742081,0.80326957,0.6751091,0.788896,0.67516786,0.80260843,0.77156365,0.79650754,0.76876986
0.7809414,0.402309,0.7840548,0.39263633,0.77885807,0.3935647,0.79211956,0.38952002,0.7781557,0.3927262,0.8063456,0.43445003,0.7754757,0.4385755,0.81830406,0.4985287,0.77209866,0.5016141,0.81250757,0.5482509,0.774022,0.5476002,0.8031678,0.5735577,0.7845654,0.5743024,0.80265296,0.67764014,0.78790367,0.67721105,0.8019361,0.77602875,0.79476863,0.7725426
0.78038317,0.4007206,0.78343904,0.39117455,0.77824974,0.39206913,0.79128355,0.38846502,0.77748436,0.39151862,0.8051748,0.433456,0.7745141,0.4374711,0.8164954,0.49804136,0.7699073,0.5020656,0.8114174,0.5488543,0.77177346,0.5540127,0.8022745,0.5732293,0.7840461,0.5740132,0.80139905,0.6785201,0.78887147,0.6780094,0.7990578,0.7765191,0.79553115,0.7729274
0.77980155,0.40064222,0.7827521,0.39133033,0.77781504,0.39214772,0.7904055,0.38921696,0.777239,0.39199126,0.8040542,0.43415034,0.77422476,0.4376898,0.8155921,0.4988444,0.76944804,0.50161225,0.81216526,0.55104417,0.7704972,0.5524489,0.80106,0.5732972,0.78339285,0.57395583,0.8000491,0.68038,0.78814113,0.67995626,0.7982697,0.78027576,0.79448926,0.77683467
0.7796976,0.4042688,0.78267974,0.39483997,0.7773968,0.39561805,0.79008883,0.39214817,0.7761885,0.39459282,0.8028987,0.43615726,0.77294314,0.4392463,0.81453484,0.5010132,0.7679369,0.50340384,0.81254053,0.5537427,0.7705727,0.55412334,0.8002435,0.57457083,0.7825273,0.5753384,0.7987998,0.68391997,0.78730077,0.6836159,0.7969881,0.78707635,0.7937481,0.78398174
0.7802045,0.40663072,0.7832442,0.3970656,0.7774734,0.397606,0.7900906,0.39374506,0.77507,0.39528885,0.80183965,0.43650928,0.7707956,0.4389383,0.8134222,0.5017217,0.765738,0.5047154,0.81191456,0.55460817,0.7696114,0.5584749,0.79938364,0.57371336,0.78093565,0.5746075,0.7976712,0.6848804,0.7856482,0.6846234,0.7966443,0.7908703,0.7931618,0.788215
0.779926,0.4092486,0.78300315,0.39941168,0.7768809,0.39992338,0.78958356,0.39570206,0.7737959,0.39710265,0.8010136,0.43818346,0.7693755,0.44025654,0.8128662,0.50513685,0.76508904,0.50668114,0.81116915,0.55970365,0.76903796,0.55893916,0.79797333,0.5737516,0.779162,0.57461715,0.79601544,0.6860756,0.7843261,0.68597585,0.7941968,0.79339516,0.7915141,0.79121464
0.77573866,0.41360202,0.77906716,0.40311417,0.7732337,0.403706,0.7878068,0.39601487,0.7716312,0.3982078,0.8018443,0.43632674,0.768351,0.43816623,0.81297237,0.50605536,0.76393646,0.5043378,0.8100548,0.5644,0.767119,0.55260044,0.79835904,0.5734943,0.7785608,0.57349247,0.7964571,0.685431,0.7841052,0.684176,0.7935845,0.79566026,0.79063815,0.7912355
0.77386993,0.41314846,0.77740186,0.40279934,0.7715594,0.40307665,0.7866509,0.39679918,0.7701927,0.39819404,0.8007827,0.43825367,0.7666139,0.43858424,0.81207895,0.5070111,0.7601916,0.5016457,0.8089485,0.56317264,0.76440597,0.547161,0.7971039,0.57510686,0.7768739,0.574394,0.7952136,0.68645436,0.7827667,0.68458164,0.7920065,0.79660034,0.7897793,0.7911423
0.7735418,0.41452107,0.7768584,0.40415028,0.77052534,0.4050942,0.7847952,0.3992238,0.7679213,0.40252432,0.7981331,0.44064245,0.764105,0.44426426,0.81025714,0.5082325,0.7577283,0.50769955,0.80767864,0.5640596,0.76330477,0.5526115,0.79631895,0.571571,0.7760721,0.57294047,0.79436195,0.6844633,0.78182036,0.68438435,0.7897663,0.79333216,0.78778285,0.7910064
0.77406734,0.42189887,0.77716213,0.41123006,0.7707379,0.4123801,0.78460217,0.40359795,0.76749235,0.40725723,0.79779905,0.44142097,0.7633676,0.44468984,0.8087292,0.5135607,0.7573447,0.5102276,0.80390424,0.576438,0.7628436,0.5591897,0.7959146,0.56803215,0.77534646,0.56940156,0.7927043,0.6829752,0.77949804,0.6830176,0.78868055,0.79531,0.7862247,0.79352957
0.77054083,0.4262532,0.7738024,0.415663,0.7677382,0.4167106,0.7824647,0.40797147,0.76577884,0.4112881,0.79703516,0.4458545,0.76193106,0.44854465,0.8082654,0.5160363,0.75618243,0.513229,0.80187577,0.5741993,0.7630153,0.56043935,0.7947864,0.5764986,0.77375245,0.57701176,0.7910544,0.6885395,0.77717704,0.68767375,0.78820884,0.8002328,0.7857342,0.796766
0.7683938,0.42943618,0.77088267,0.41912425,0.76630384,0.42093477,0.7786093,0.41294658,0.76507396,0.41806504,0.79429233,0.4497462,0.75964713,0.4554701,0.80690736,0.51563823,0.7529834,0.51688987,0.8013676,0.57883936,0.760167,0.5668361,0.79422104,0.5858124,0.7733719,0.58832306,0.79035944,0.6932402,0.77680564,0.6945774,0.7880489,0.7997609,0.7857632,0.7995148
0.765544,0.44969591,0.7683914,0.43857807,0.76261336,0.44056877,0.77671635,0.4276639,0.76086783,0.43324667,0.793029,0.4586423,0.7583737,0.4655431,0.80671245,0.52444226,0.7535558,0.5317956,0.8005563,0.5855794,0.75713533,0.58547544,0.792439,0.58384144,0.77171844,0.58575124,0.7895056,0.69400674,0.77376026,0.6946893,0.7857098,0.80489016,0.7819903,0.8033494
0.7652449,0.46307194,0.76762646,0.4514676,0.7616205,0.4538984,0.77484846,0.43676347,0.75868845,0.44327334,0.79104507,0.4633803,0.75697625,0.47038466,0.8048752,0.5316185,0.7526059,0.5353803,0.7968063,0.6032398,0.7533123,0.59151906,0.7911962,0.58532226,0.77099,0.5877528,0.7877946,0.6956171,0.7730802,0.69720906,0.78292173,0.8069573,0.77968025,0.806892
0.762083,0.4714983,0.7643613,0.46067148,0.75911236,0.46266207,0.7720565,0.44717008,0.7569337,0.45183364,0.787945,0.47431126,0.75507355,0.4743213,0.8006563,0.5464031,0.7482443,0.52564955,0.7949421,0.619616,0.74844,0.5505511,0.7888673,0.58687454,0.7691381,0.5869032,0.78742266,0.69468087,0.7728755,0.6944612,0.78374434,0.8023275,0.778983,0.7998324
0.7576419,0.49058574,0.7600264,0.4799489,0.7553479,0.4815452,0.76886123,0.46569732,0.7547451,0.4695964,0.7860753,0.4890554,0.7538357,0.4905388,0.7995183,0.55827653,0.74787873,0.55077666,0.7930392,0.62312955,0.7484487,0.59159666,0.787152,0.59216154,0.76806873,0.5918496,0.7841651,0.6949779,0.7710192,0.69398737,0.78173417,0.80291814,0.7804188,0.79860455
0.75774074,0.5052886,0.760416,0.4943984,0.7545507,0.49610916,0.76853675,0.48013508,0.7520322,0.48380768,0.7832164,0.5035184,0.7516629,0.50329614,0.7968458,0.5706944,0.7445508,0.5551308,0.7905738,0.63467467,0.7440864,0.5848867,0.7858709,0.6025407,0.7671478,0.6022106,0.77947944,0.6979325,0.7677348,0.69696635,0.78156036,0.7969499,0.78140295,0.79324263
0.7541373,0.51966506,0.7563737,0.5090025,0.75071543,0.51137096,0.76324576,0.49738467,0.748133,0.5028531,0.779277,0.5179153,0.74867237,0.5229905,0.7935886,0.5846353,0.7440092,0.5818362,0.78622496,0.64465916,0.7433774,0.61940783,0.78684324,0.60022116,0.76878446,0.60256046,0.7790243,0.6961579,0.7674694,0.6979523,0.78368497,0.79935706,0.7838437,0.79866153
0.7510854,0.5353352,0.75328314,0.5227108,0.7467674,0.52714276,0.76060313,0.50767654,0.744492,0.51964074,0.7789493,0.5281705,0.74728,0.5453801,0.79496735,0.5897905,0.74642783,0.613355,0.7878214,0.6628476,0.74277264,0.6721321,0.79049134,0.60498595,0.7713434,0.612617,0.78003985,0.6970237,0.7688429,0.70294863,0.7782371,0.7902156,0.7786996,0.79474854
0.7480792,0.5530537,0.74983335,0.5408567,0.7433047,0.5451034,0.75603074,0.526888,0.74005884,0.5380031,0.77136296,0.5394038,0.74263424,0.5610003,0.7835765,0.6039852,0.74692696,0.6462963,0.778749,0.6723592,0.7523846,0.7202351,0.7907423,0.5861365,0.7729174,0.5976613,0.77938145,0.68244505,0.7681004,0.69214404,0.7806601,0.7831659,0.7780518,0.79262686
0.74634415,0.5826762,0.7476047,0.57112646,0.7428703,0.5750144,0.7537649,0.55222493,0.74232036,0.5595316,0.76768667,0.55771774,0.7479421,0.56806874,0.77682614,0.62801194,0.7498294,0.64617306,0.7725705,0.710467,0.75424975,0.716906,0.78899175,0.60353714,0.7762889,0.609713,0.77488226,0.6866718,0.76486534,0.6916912,0.7785626,0.7814776,0.77481884,0.7843264
0.74445224,0.6045152,0.74559194,0.59185845,0.73955864,0.5946429,0.75046676,0.5720886,0.7379144,0.5775003,0.76279265,0.5746825,0.7420306,0.5822443,0.76795626,0.6648286,0.743612,0.6725382,0.7606701,0.7710573,0.74597466,0.7590802,0.78447586,0.59014803,0.77151036,0.59611166,0.77384615,0.6934005,0.7657381,0.698987,0.77875584,0.8010208,0.7768037,0.80506206
0.7420067,0.6232553,0.74309874,0.61103845,0.73759264,0.6141669,0.7481103,0.59383214,0.7347914,0.5989815,0.76111144,0.59762925,0.73815674,0.6040917,0.76607203,0.6860031,0.7377001,0.69272083,0.7551306,0.78052026,0.7398785,0.77415234,0.78356516,0.6064896,0.7683397,0.6112328,0.771863,0.7077172,0.7571971,0.7119303,0.7813301,0.8044511,0.7715713,0.80746996
0.7398426,0.6521162,0.74120677,0.6391965,0.73492956,0.64157605,0.746452,0.6189086,0.73153704,0.62200975,0.7591271,0.6200167,0.7338246,0.6211,0.75915235,0.7142319,0.725338,0.7082973,0.74195284,0.82830673,0.7177837,0.8172389,0.7793533,0.6118303,0.7624393,0.6139556,0.7749149,0.7101494,0.7568811,0.7118977,0.78272486,0.8086498,0.76782125,0.8079653
0.7190893,0.7144104,0.7206646,0.7031252,0.7148921,0.704635,0.7284082,0.68232906,0.7141073,0.6853654,0.7493234,0.6688006,0.71372616,0.67172754,0.76782215,0.7480349,0.7003398,0.75059986,0.7714324,0.78719735,0.69440407,0.79083616,0.76124257,0.68382597,0.74052614,0.6853337,0.7557953,0.8325858,0.74535173,0.83376086,0.75049776,0.96611553,0.7509156,0.9636051
0.71014327,0.75483465,0.7103991,0.7426477,0.70539767,0.74773866,0.71786946,0.7172218,0.69775146,0.7353501,0.737596,0.69224215,0.6987315,0.7418898,0.76555794,0.730253,0.6774394,0.85927707,0.77793646,0.7983533,0.6579618,0.9519194,0.7586107,0.67164654,0.73333853,0.6886808,0.7509967,0.86584616,0.72011703,0.8621163,0.7557683,0.99352986,0.71995884,0.95379883
0.6953005,0.80260587,0.69515514,0.79031396,0.6924333,0.7950921,0.7042813,0.76180863,0.68954766,0.77670264,0.7277886,0.73097235,0.68804145,0.77179474,0.76047087,0.7832897,0.67290473,0.88732684,0.7702295,0.8272317,0.6578064,0.9788275,0.75096166,0.6984501,0.72651786,0.71413213,0.7509758,0.8642884,0.72387815,0.856437,0.7575843,0.9819208,0.7353911,0.9453588
0.0517667,0.5459184,0.049433846,0.53497434,0.054831576,0.5373647,0.039832186,0.53561044,0.06565807,0.5379292,0.032787375,0.57681966,0.071242005,0.57566625,0.013337785,0.62587523,0.09406673,0.6073213,0.010344431,0.61013424,0.113350205,0.59523153,0.03814859,0.75817966,0.06048132,0.75898457,0.022498675,0.86489236,0.043898836,0.8711191,0.023327589,0.9251857,0.043525193,0.9398822
0.050840992,0.5441251,0.047402807,0.53219235,0.05336639,0.5332987,0.038276587,0.5265609,0.06156605,0.5282078,0.030421987,0.5736256,0.07144059,0.5676412,0.014419607,0.6350574,0.09759944,0.59963673,0.014291874,0.6909081,0.1211066,0.6122058,0.03666596,0.7488361,0.061160356,0.7449015,0.022943882,0.84083474,0.042100947,0.83760643,0.020638261,0.9278169,0.030190775,0.92639977
0.66969556,0.83670634,0.66472334,0.8236361,0.6645577,0.8404118,0.6681747,0.80321544,0.66446084,0.84854716,0.6990002,0.77439755,0.6740393,0.853961,0.7438405,0.7314591,0.6650567,0.9064249,0.77021664,0.66517615,0.6527669,0.943694,0.7412755,0.7555938,0.7301361,0.79378515,0.75313157,0.8188705,0.7535311,0.84206283,0.7613822,0.82837415,0.7648377,0.8231691
0.068825684,0.56560665,0.063973434,0.5539325,0.07035327,0.55582523,0.043670107,0.54432654,0.07155577,0.5496695,0.030752325,0.56909245,0.075002685,0.5734399,0.01182085,0.6319713,0.10507711,0.602365,0.015114835,0.7053447,0.13141137,0.6206726,0.035045203,0.7360652,0.060144473,0.7384948,0.026732136,0.8266277,0.046091244,0.8318905,0.012896937,0.9176092,0.028556291,0.92454875
0.67238855,0.95799017,0.6642203,0.93419045,0.6613863,0.9552595,0.6604943,0.909645,0.6499451,0.96457535,0.6800205,0.9225288,0.6807144,0.9643253,0.74009883,0.8712527,0.7416619,0.903935,0.75362855,0.7972419,0.7562187,0.79668146,0.71517676,0.8882266,0.71773714,0.9113266,0.75057214,0.8817157,0.7637533,0.8946859,0.77211505,0.83819836,0.769458,0.81814796
0.6657439,0.9773022,0.6603117,0.9588654,0.65796983,0.9745072,0.6612667,0.921803,0.65055984,0.9601328,0.6956746,0.88975084,0.66185087,0.9507832,0.7482036,0.8930854,0.68384606,0.9890073,0.7309305,0.97619563,0.69389504,0.9791284,0.74101573,0.8950553,0.717989,0.9277293,0.7314358,0.8961101,0.7123775,0.9323897,0.7119388,0.9076668,0.70838785,0.95712465
0.6465567,0.80719066,0.63966423,0.7965662,0.6493608,0.7935211,0.6080988,0.8217414,0.6491937,0.82317054,0.60187244,0.9282648,0.6522116,0.93871504,0.65284157,0.942129,0.7076068,0.9489259,0.735085,0.8510829,0.7433491,0.8371214,0.63444155,0.9681569,0.67398876,0.9858654,0.6996655,0.87954324,0.72791547,0.8764218,0.7392609,0.8761418,0.74977934,0.87280494
0.64822996,0.800322,0.6399996,0.7909073,0.65038186,0.7879642,0.60742533,0.8200179,0.64933157,0.821367,0.6040241,0.9268988,0.65380365,0.9387485,0.6603939,0.93267787,0.7127885,0.9444542,0.73634666,0.8469764,0.74225444,0.8301396,0.63933486,0.9663622,0.67872906,0.9839577,0.70230997,0.8773576,0.7313454,0.8739499,0.73741025,0.8775835,0.7486916,0.86964995
0.06226949,0.55571926,0.058208015,0.54669696,0.06386923,0.54842687,0.04425933,0.5459488,0.067853086,0.55068386,0.03723321,0.5717376,0.07127509,0.57721394,0.019811854,0.61896217,0.10187142,0.59548604,0.018656302,0.6915487,0.1305734,0.5963275,0.03940463,0.71276844,0.0574834,0.71449214,0.032208312,0.81565416,0.04372431,0.8178499,0.015442145,0.9115193,0.023447761,0.9135018
0.65361995,0.79549605,0.64429456,0.7888124,0.65397805,0.7863802,0.61653185,0.8177284,0.6474253,0.81924605,0.62155455,0.9165935,0.65649825,0.9247193,0.685629,0.92651397,0.7178897,0.93519795,0.7386591,0.8323266,0.7438293,0.8168782,0.6661191,0.95008886,0.6937172,0.9658121,0.71786815,0.87428564,0.7392104,0.8775459,0.74510825,0.8415652,0.7534769,0.84801394
0.6544105,0.79721284,0.645369,0.78950095,0.6547059,0.7861745,0.6132639,0.8174417,0.64656264,0.8189011,0.6097926,0.91846,0.6590473,0.9289221,0.66986024,0.9338346,0.7240877,0.943288,0.7340924,0.8384942,0.7464144,0.81541026,0.6567227,0.9596601,0.69324464,0.97658086,0.7162573,0.8823858,0.7424142,0.8822566,0.7461938,0.85583967,0.7583308,0.857385
0.65136033,0.79696417,0.6430897,0.7890664,0.6520588,0.7866654,0.6131012,0.815766,0.6451275,0.81804216,0.61285275,0.91598463,0.6556265,0.92446667,0.6698496,0.9379304,0.71788436,0.9417771,0.7345723,0.84850645,0.74534863,0.82693905,0.65873194,0.9464211,0.6911483,0.96169233,0.70850277,0.88828933,0.7303852,0.88698065,0.7434995,0.85034513,0.7524089,0.8538518
0.8577365,0.48081705,0.8599755,0.4656538,0.85701483,0.46807644,0.8740732,0.4572035,0.8648285,0.4621997,0.90297407,0.5155655,0.8801028,0.512762,0.92030734,0.64740604,0.88946974,0.63496375,0.8828761,0.69609785,0.8690856,0.67509514,0.9158584,0.7104897,0.8996202,0.6999725,0.8434374,0.7403208,0.83479834,0.7297168,0.8644258,0.93214667,0.85958445,0.91550916
0.8577375,0.48452288,0.8598431,0.46954587,0.8568344,0.47209895,0.8734152,0.46077546,0.86436194,0.46610647,0.90250456,0.5178769,0.879569,0.51593584,0.9209432,0.6478272,0.88919747,0.636869,0.88274354,0.69718325,0.8689216,0.6768624,0.9160275,0.71035147,0.89967537,0.70042366,0.843977,0.7397204,0.83472264,0.7296963,0.8648326,0.9330813,0.8592272,0.91732055
0.85533375,0.48697358,0.8574771,0.4716965,0.8541643,0.47458866,0.871134,0.46178502,0.8612203,0.46800527,0.90089494,0.51757544,0.8764208,0.5173348,0.9202797,0.6470955,0.88672954,0.63897353,0.88242596,0.69713944,0.8677415,0.67802316,0.9155558,0.7099659,0.8983108,0.7010732,0.84316796,0.7383105,0.8337919,0.7291925,0.86430514,0.93199813,0.85957384,0.9172034
0.8525152,0.4899384,0.8547684,0.47440895,0.8512441,0.47751296,0.86915046,0.46200725,0.85804987,0.46878174,0.8997936,0.5144954,0.87316126,0.5150307,0.919136,0.6420704,0.8832116,0.63491565,0.8825676,0.6971075,0.86644596,0.67809606,0.91573966,0.7068534,0.8972355,0.6985024,0.8437908,0.7398008,0.83377427,0.7309336,0.8648867,0.9329502,0.860559,0.9180258
0.85034865,0.491531,0.852348,0.4758976,0.8491012,0.47886902,0.8664159,0.46083796,0.8566262,0.46709618,0.8962032,0.50952464,0.8736949,0.5089596,0.9166034,0.6341155,0.8845531,0.6257586,0.88172007,0.69565856,0.8666034,0.6752134,0.9143078,0.70382863,0.898491,0.69514036,0.8416566,0.741498,0.8339903,0.7321853,0.8658358,0.9319333,0.86163867,0.91626227
0.8495814,0.4961211,0.8516857,0.48054573,0.8482043,0.4835822,0.86565965,0.4649227,0.8548252,0.47139147,0.8952578,0.512102,0.8704819,0.5125208,0.9147064,0.636514,0.8812032,0.6297654,0.8808668,0.6950923,0.86544466,0.67493516,0.9129886,0.70316243,0.8958799,0.6953667,0.84151167,0.7399333,0.8331677,0.73148173,0.8654403,0.93191206,0.86179334,0.9172254
0.84387124,0.4996622,0.8473412,0.48123947,0.8430149,0.48708868,0.8629648,0.46495026,0.8535023,0.47383907,0.89320755,0.5187246,0.8665457,0.523205,0.9136942,0.6442868,0.87256604,0.6331741,0.8785297,0.69650275,0.85818356,0.69195956,0.9051218,0.71121097,0.8879368,0.70000565,0.84647363,0.7642569,0.8278657,0.74236757,0.8726451,0.9228152,0.86180985,0.8798296
0.84048957,0.5014847,0.8439669,0.48381856,0.8397415,0.4888451,0.8597798,0.46871465,0.8505678,0.4754553,0.888634,0.5212793,0.86574,0.52205986,0.9076409,0.6435264,0.8720771,0.6265392,0.8765546,0.7000219,0.85899574,0.68980014,0.90524954,0.70435214,0.89022267,0.69265854,0.84584016,0.7640706,0.82882893,0.7416633,0.87325126,0.92520046,0.8620675,0.8804798
0.83814734,0.5046461,0.8412332,0.48693228,0.8372803,0.4922659,0.8560106,0.47059652,0.84823126,0.47776452,0.88533384,0.5205366,0.86449224,0.52227277,0.9065695,0.6429633,0.8724271,0.62703043,0.87373346,0.7023919,0.85732317,0.6929895,0.90430564,0.70253825,0.8907796,0.6916927,0.84382325,0.7627438,0.82808733,0.74282694,0.8733892,0.92334324,0.8628851,0.881041
0.83577055,0.5069437,0.83883095,0.48870954,0.8343118,0.49508289,0.8535065,0.47116733,0.8443902,0.4811648,0.8835489,0.5199295,0.86162215,0.5251469,0.9071192,0.64131564,0.87116337,0.6288336,0.8726706,0.70142335,0.85687256,0.695226,0.90325135,0.70103943,0.88903755,0.6919804,0.8438282,0.76361257,0.82792294,0.7474743,0.87462074,0.92375606,0.8637714,0.88546336
0.8322811,0.5100989,0.83465004,0.4921961,0.8311343,0.49858922,0.84870243,0.47407347,0.8425296,0.48432493,0.8807314,0.5191269,0.8604725,0.5259259,0.90708697,0.63698274,0.8708717,0.6287561,0.87062496,0.7006335,0.8553441,0.6983846,0.90272856,0.6985434,0.8897781,0.6903568,0.8458129,0.7707622,0.8306405,0.75617576,0.8759281,0.9248799,0.8646971,0.88753784
0.82918656,0.5134449,0.8311357,0.49535322,0.8277826,0.50242627,0.84442896,0.47616822,0.839129,0.48812354,0.8769003,0.51680166,0.8589851,0.5296456,0.9051113,0.631307,0.87138873,0.63437885,0.8685563,0.7014998,0.85403216,0.7017718,0.9033937,0.69551027,0.8918827,0.6908431,0.8466161,0.77098197,0.8321282,0.7637794,0.87670565,0.92635566,0.86515933,0.8971795
0.826505,0.517255,0.82805693,0.49983224,0.8250167,0.50622296,0.8408271,0.47885254,0.83629954,0.48952228,0.8740549,0.5155651,0.8570493,0.525396,0.9026826,0.63091636,0.8711168,0.62928206,0.8653141,0.70364296,0.8546023,0.70448434,0.9038424,0.6889443,0.892937,0.68328434,0.84730023,0.77442414,0.83391726,0.765064,0.87653446,0.9275446,0.8665125,0.8957914
0.8230691,0.5242201,0.82433504,0.50756395,0.8216888,0.51356626,0.836185,0.48541036,0.8326289,0.49473983,0.8686576,0.5169691,0.85468465,0.52659607,0.8972322,0.63345784,0.86921805,0.63066137,0.8613683,0.71261984,0.8529568,0.70985746,0.905142,0.68352956,0.89620036,0.6797358,0.8447607,0.77139145,0.83448,0.769433,0.8755118,0.9275747,0.86815196,0.90607786
0.8205926,0.52867764,0.8217948,0.5119473,0.81872267,0.5181789,0.8331651,0.4887369,0.8289444,0.4990793,0.86600316,0.51944584,0.85167867,0.5301941,0.89684504,0.63213235,0.86898965,0.63094765,0.86033696,0.70961434,0.8535879,0.71220165,0.902339,0.6881365,0.89327097,0.68486995,0.8446335,0.7746773,0.83391136,0.7727219,0.8760223,0.9246834,0.868069,0.90260696
0.8176428,0.5311225,0.8186693,0.5147582,0.81552345,0.5204675,0.82916397,0.48959285,0.8251808,0.4985937,0.86210793,0.518726,0.8491211,0.5259961,0.89446014,0.63299626,0.8676724,0.6240929,0.85767955,0.7115499,0.8524367,0.71169853,0.90226454,0.68571794,0.8942693,0.68169194,0.84248275,0.7749096,0.833803,0.7730308,0.8757804,0.9261292,0.86953557,0.90428865
0.81469965,0.53742653,0.8152356,0.5207455,0.81291723,0.52719295,0.82571995,0.49358243,0.8239277,0.5040264,0.85955775,0.51964813,0.8486826,0.53000677,0.8918931,0.63021785,0.8666736,0.62713474,0.8567378,0.712921,0.8496008,0.7142776,0.9028007,0.6879504,0.89650023,0.6859252,0.8415451,0.77704954,0.8354648,0.7786693,0.8761236,0.92754585,0.8718066,0.9086946
0.8081827,0.5399386,0.8085111,0.5231883,0.806983,0.5300935,0.8206615,0.4982987,0.8189587,0.50950587,0.8554007,0.5288991,0.8457686,0.53691053,0.88761187,0.6388957,0.86548656,0.63620305,0.85442466,0.70919997,0.847716,0.7072279,0.9024863,0.68986297,0.8963152,0.68616176,0.8419415,0.77422947,0.83425915,0.7717066,0.8821702,0.92657906,0.8730531,0.90355664
0.803593,0.5449495,0.80397576,0.5282113,0.8020817,0.5352297,0.8162126,0.5031247,0.8128106,0.5150349,0.8508736,0.53168947,0.8399354,0.5431964,0.883074,0.638735,0.8606394,0.64330083,0.8518424,0.71578676,0.8453879,0.71641254,0.90144014,0.68414265,0.8940938,0.68287545,0.8435244,0.7774321,0.8344411,0.77749383,0.8834529,0.9267681,0.87289524,0.9064644
0.80046004,0.55032605,0.80068237,0.53419685,0.7995126,0.54114914,0.8131034,0.510737,0.810862,0.52243495,0.8472943,0.5372428,0.8372435,0.55008864,0.87567693,0.640822,0.85517246,0.6490605,0.84662527,0.71872926,0.8420892,0.7136396,0.90061474,0.6787668,0.8936125,0.6790448,0.84416103,0.77899927,0.83596057,0.7816885,0.8820759,0.9257094,0.8719541,0.909874
0.7992317,0.5654886,0.7991772,0.5487093,0.79800713,0.5562424,0.8112171,0.5194763,0.8090435,0.53271514,0.8446603,0.54007393,0.8366253,0.5548673,0.8713978,0.64377123,0.85472775,0.6544409,0.8431842,0.72367406,0.84032357,0.7144345,0.8999919,0.68148214,0.8941552,0.68304354,0.8435734,0.7784492,0.8363051,0.7835443,0.8813791,0.9275466,0.8709077,0.9145617
0.7936558,0.5625375,0.7945843,0.5471555,0.79186547,0.5525345,0.8063534,0.5215269,0.8013444,0.5288165,0.83582777,0.5485447,0.8325686,0.5569329,0.86086607,0.6577162,0.8500466,0.6542838,0.83505964,0.7269959,0.8355387,0.7140036,0.8972792,0.68012184,0.89406747,0.6825549,0.8411959,0.77913606,0.8375349,0.79070425,0.87918884,0.92683977,0.8722987,0.92494065
0.7901158,0.56888807,0.7908776,0.5531257,0.78816223,0.5592906,0.8018684,0.5267078,0.7966384,0.53569025,0.8295518,0.55231494,0.8283243,0.56426907,0.85370636,0.65669113,0.84581625,0.6584501,0.83154005,0.7301839,0.8314435,0.7157966,0.8936241,0.6787437,0.8917536,0.6842352,0.83806705,0.7759499,0.8370628,0.79282266,0.87868243,0.91998714,0.8739385,0.9238874
0.7829975,0.57125854,0.78383934,0.5557005,0.78166336,0.5617793,0.79502547,0.5282964,0.7911786,0.53678274,0.82174486,0.5507335,0.8245837,0.564369,0.846394,0.65098864,0.8424353,0.6567596,0.83083576,0.7270288,0.83070105,0.7130569,0.890423,0.6716528,0.89117926,0.6793902,0.83421946,0.7698149,0.8362753,0.79171294,0.8772397,0.9130818,0.87500256,0.9236993
0.7795143,0.57980466,0.7801156,0.5641714,0.77821416,0.5710584,0.79126126,0.53586304,0.7873501,0.54696083,0.81845343,0.5544909,0.8193661,0.5735548,0.84212476,0.646156,0.83368874,0.66270506,0.8265548,0.7260942,0.81988585,0.7214166,0.8868192,0.6705879,0.88650554,0.6806734,0.8335183,0.7704233,0.8360564,0.79342103,0.8753514,0.90937555,0.87445945,0.9206317
0.7780667,0.59840983,0.7784381,0.58314204,0.7765364,0.5894736,0.78919524,0.5510553,0.78383106,0.56202686,0.8159432,0.5613577,0.8139497,0.5812021,0.83860654,0.64807874,0.8298799,0.67030174,0.8226329,0.72550684,0.8186909,0.7267217,0.88280076,0.6638731,0.88036174,0.67388374,0.8346183,0.7698585,0.8353343,0.7884102,0.87419385,0.91173166,0.8727504,0.917162
0.7745341,0.6003376,0.77494,0.58589953,0.77317035,0.5908159,0.7850961,0.557395,0.77966225,0.5659433,0.8110307,0.5693075,0.80866593,0.5875942,0.8300232,0.65423316,0.82195705,0.679192,0.8138611,0.7308764,0.8111507,0.738127,0.87928337,0.6594127,0.8762483,0.6683533,0.83522093,0.7777998,0.83440846,0.78975177,0.87237805,0.91838646,0.8693239,0.9149513
0.77041674,0.60303795,0.77126914,0.5895129,0.76901025,0.5927779,0.78151035,0.56294274,0.7743112,0.56740606,0.80633825,0.57762975,0.80285513,0.5861012,0.82132,0.67003477,0.8146712,0.6748257,0.80166626,0.7505232,0.8042696,0.7409917,0.87588894,0.6567065,0.8715296,0.6616116,0.83202964,0.78093505,0.8297979,0.7859413,0.87147826,0.9201755,0.8668713,0.9090341
0.7673647,0.61408603,0.7674637,0.59885865,0.7651476,0.60396737,0.7778978,0.5683606,0.77347183,0.5771345,0.8030907,0.5782946,0.8013817,0.5842979,0.8208513,0.68208176,0.8122662,0.66527635,0.79603845,0.7619329,0.79757255,0.7428749,0.8681806,0.66302645,0.8669077,0.6685397,0.82891005,0.78648204,0.82914585,0.7986781,0.86672956,0.9240451,0.86020947,0.91995585
0.7619229,0.63279927,0.7616017,0.6170174,0.7594246,0.62320155,0.77239794,0.58099806,0.76726866,0.5926136,0.80134183,0.5827868,0.7959615,0.59119314,0.8200685,0.6957004,0.8050863,0.67998624,0.7895849,0.77751005,0.7852728,0.75911146,0.8704304,0.658338,0.8666388,0.6636582,0.825833,0.78265905,0.822841,0.7937737,0.86569756,0.9263138,0.85650635,0.91984314
0.7577104,0.6335568,0.75842583,0.620157,0.75471735,0.62446237,0.76870126,0.5910678,0.7565982,0.59991896,0.7952749,0.5992725,0.7809632,0.6101516,0.80940294,0.7023043,0.78535575,0.7024513,0.78367686,0.78077805,0.77421254,0.76746017,0.86778796,0.6545387,0.8575657,0.66149694,0.82352334,0.7797806,0.8182502,0.78556055,0.86674756,0.9186507,0.8616746,0.90273976
0.7532648,0.6384311,0.7541239,0.62519157,0.75083625,0.62952894,0.7649234,0.5977977,0.75390184,0.60623777,0.7905736,0.6063475,0.7768594,0.61581737,0.80020297,0.7166526,0.7808674,0.7174566,0.77577287,0.79315,0.7708523,0.77874947,0.8616171,0.6577252,0.8509135,0.6641833,0.8219104,0.78366005,0.8134441,0.78470457,0.8684112,0.921371,0.85881186,0.89971626
0.7472664,0.64206576,0.7486018,0.6282848,0.74509233,0.6332673,0.76090366,0.6035369,0.74988574,0.612055,0.7869075,0.6161036,0.77554554,0.62530476,0.7989054,0.7257551,0.7827946,0.72413856,0.7704233,0.79939157,0.76902205,0.78251845,0.8583948,0.6643999,0.84909457,0.67050457,0.8166625,0.7880231,0.8086446,0.7905624,0.8696464,0.9175244,0.85978454,0.898448
0.74214035,0.6391419,0.74348116,0.62423795,0.7394512,0.630402,0.7559635,0.6030393,0.7459014,0.6141448,0.7803464,0.619836,0.7739542,0.6336228,0.7936541,0.727129,0.7843342,0.7273895,0.76516163,0.8036214,0.7656861,0.7895679,0.8519996,0.6776073,0.8468394,0.686532,0.812229,0.7917452,0.8064434,0.8004486,0.8642538,0.9151049,0.85602045,0.90075547
0.73943275,0.6649623,0.73925596,0.65216243,0.737518,0.65615284,0.7487426,0.62035376,0.7446581,0.62636214,0.7717983,0.61970705,0.771826,0.62543046,0.78543025,0.7295889,0.78572935,0.7184155,0.754667,0.81091833,0.76267505,0.79101694,0.8457392,0.6714643,0.84493417,0.6789152,0.81172353,0.8020197,0.80892724,0.8119614,0.86477274,0.90874255,0.85847896,0.899707
0.7323089,0.66681486,0.73365587,0.65389854,0.73049444,0.6578601,0.7450056,0.6244077,0.7341326,0.6305259,0.76840764,0.62807786,0.75829655,0.6360443,0.7771108,0.7289296,0.7666729,0.7249523,0.74624246,0.81627876,0.75126,0.7985104,0.8428629,0.66260123,0.8340664,0.6712917,0.8112075,0.81525934,0.8040271,0.82017225,0.8741663,0.9082861,0.8636961,0.89214474
0.72570467,0.67252314,0.7275447,0.66051424,0.7250082,0.66302556,0.7385244,0.6363742,0.7298754,0.6380655,0.76027673,0.64660335,0.7525965,0.64931697,0.7652108,0.76141644,0.7594263,0.7493058,0.7353156,0.8480848,0.74200577,0.82131094,0.83660835,0.6731689,0.8292527,0.680712,0.8078309,0.82558036,0.80139226,0.82811767,0.87538,0.9066791,0.8674758,0.89220154
0.72733825,0.6910398,0.72834706,0.6783584,0.72669333,0.68176776,0.7357885,0.650242,0.7294443,0.65395194,0.75597334,0.66467094,0.74683565,0.6637872,0.7536108,0.79361814,0.7479393,0.76894224,0.722425,0.8785667,0.7315485,0.8517214,0.8302928,0.69379264,0.8223548,0.70115525,0.7998379,0.8331786,0.79424316,0.83830047,0.87201464,0.9024075,0.8627205,0.89508265
0.71587265,0.6959389,0.7178756,0.68400747,0.71643794,0.68647504,0.7276562,0.6610106,0.722434,0.6618218,0.74843216,0.67903733,0.73960173,0.67804307,0.7473499,0.80684257,0.7421371,0.7879766,0.72096634,0.8784284,0.7257483,0.8675413,0.820642,0.7075952,0.8125017,0.7152631,0.7966197,0.8461729,0.7864902,0.8540644,0.8687584,0.89596194,0.85519534,0.90061307
0.7080452,0.72022593,0.7095877,0.707968,0.7088855,0.7093077,0.71841234,0.6795261,0.71509564,0.6777489,0.7401499,0.6922115,0.732343,0.6874452,0.7407271,0.82751244,0.74035573,0.80593354,0.7171162,0.8913104,0.7217351,0.88766044,0.8142051,0.7209518,0.8071688,0.72695595,0.7919892,0.85647696,0.7834325,0.8585601,0.8650401,0.8909863,0.85652125,0.8914872
0.70277435,0.72339803,0.7043177,0.7135679,0.7020763,0.7134334,0.71201986,0.69468933,0.70661825,0.6917839,0.72777265,0.7080986,0.7257375,0.7029682,0.7341654,0.8448764,0.7371554,0.8230226,0.7187781,0.91825753,0.7224642,0.907772,0.7980382,0.7290446,0.7956978,0.737209,0.7930272,0.85841554,0.7885966,0.8656076,0.8519587,0.90846545,0.84750557,0.9109522
0.69854605,0.74074745,0.6984517,0.7318352,0.6989174,0.7332515,0.7031535,0.7131537,0.7034718,0.713914,0.7216798,0.72009295,0.7163146,0.7232524,0.73169464,0.8355112,0.7289863,0.8298256,0.7204043,0.8770207,0.719667,0.88912934,0.7899438,0.7494484,0.7858843,0.7625634,0.7933299,0.86409014,0.78628457,0.87801445,0.85060924,0.88839257,0.8443718,0.90449387
0.6971386,0.8004175,0.697306,0.78947186,0.6970219,0.791978,0.70303696,0.76080453,0.69852823,0.76439595,0.72532684,0.7581421,0.7118259,0.7632393,0.73944694,0.83982986,0.72474766,0.8303475,0.725078,0.89706314,0.71087354,0.8750947,0.78713775,0.768414,0.77671766,0.7785422,0.78912723,0.874518,0.77581805,0.8751262,0.8481509,0.8867285,0.83432025,0.8853469
0.68053883,0.7949626,0.6819186,0.7833615,0.6809736,0.786019,0.694251,0.7674423,0.6912539,0.77067477,0.71883756,0.7711805,0.7096924,0.78280014,0.74001974,0.84038025,0.7255226,0.8546919,0.7263927,0.91773033,0.7214891,0.9027714,0.7833361,0.79595596,0.7758529,0.8082985,0.78642195,0.8678576,0.7805864,0.876945,0.8370115,0.91270536,0.8290955,0.9118294
0.6767542,0.8036488,0.67853725,0.7923194,0.6769563,0.7946105,0.6908839,0.7794101,0.6858946,0.7827904,0.7153277,0.7873864,0.703127,0.7997678,0.74100274,0.8464233,0.7198145,0.8635244,0.72938454,0.91451246,0.7184984,0.9052662,0.77533954,0.8145221,0.7659099,0.82724005,0.7885546,0.87972885,0.77908987,0.8888547,0.84085864,0.91603047,0.8287737,0.91525835
0.674763,0.81441987,0.6769354,0.8014479,0.67407584,0.8050114,0.68945533,0.7894386,0.6813832,0.7960393,0.7134276,0.8033688,0.6970158,0.8216715,0.7391557,0.856495,0.7082407,0.8823495,0.724127,0.92414045,0.7055889,0.9195733,0.77570146,0.8376352,0.7636158,0.85433906,0.7924518,0.8915456,0.7832327,0.9052039,0.8451951,0.9086265,0.8344087,0.91348845
0.6828913,0.82343453,0.6835446,0.81326026,0.6838035,0.81681913,0.6938044,0.80310047,0.692733,0.8085563,0.7128271,0.81603146,0.7055413,0.8324147,0.73348886,0.86296225,0.71604604,0.8885995,0.7178059,0.92612106,0.711592,0.9339133,0.7697708,0.8475592,0.7641773,0.86418456,0.7955307,0.89030945,0.79347855,0.9043275,0.84682095,0.90145725,0.8458729,0.9090275
0.67671895,0.8569589,0.6783933,0.8444428,0.6754646,0.84967273,0.690022,0.8325814,0.6805355,0.84434485,0.71053,0.8419103,0.69685477,0.86708945,0.7339763,0.8768424,0.7109061,0.9113738,0.7160138,0.9269701,0.70866853,0.92566687,0.7704099,0.86072016,0.7602741,0.88087314,0.79035467,0.9006474,0.7869543,0.917944,0.8404586,0.9065963,0.8391725,0.9180398
0.67476904,0.8678455,0.6762012,0.8540719,0.6720852,0.86041284,0.686806,0.8424377,0.6745422,0.85769045,0.70653206,0.85010004,0.6944617,0.88120425,0.73503333,0.8788811,0.7150213,0.9233615,0.7217264,0.9263034,0.7155106,0.92226434,0.77204555,0.8632378,0.7629158,0.8869162,0.7878794,0.9028987,0.787686,0.92369366,0.84282917,0.9094033,0.84517545,0.9256825
0.66980207,0.8638543,0.6722537,0.8491445,0.6663834,0.85526335,0.68477553,0.842052,0.66853017,0.85687774,0.70458096,0.8530125,0.6907276,0.8834185,0.7347381,0.87855023,0.71079654,0.9216954,0.7192592,0.9191453,0.7103839,0.9139103,0.771389,0.8674144,0.76057726,0.8900839,0.7850072,0.9049755,0.78420967,0.92479163,0.84041184,0.9108615,0.8407856,0.9258118
0.67165256,0.87425756,0.67346233,0.86038923,0.6682539,0.8662194,0.6842556,0.8507642,0.66920763,0.8646921,0.70288026,0.85638297,0.68943685,0.8847074,0.732207,0.8805153,0.7083722,0.92011374,0.71928614,0.92110085,0.70940393,0.91416276,0.7684539,0.8619283,0.7579884,0.88396406,0.7851831,0.9007192,0.7828747,0.91974556,0.84070075,0.9101478,0.83947563,0.9248036
0.66699535,0.8842719,0.6690589,0.86978066,0.6632159,0.8757699,0.68111026,0.85859793,0.6643545,0.8729288,0.6995297,0.8612148,0.6865857,0.88836855,0.7286688,0.8812169,0.7048885,0.91859114,0.714832,0.91675156,0.7045626,0.90978366,0.76651853,0.8670492,0.7558742,0.8880026,0.7827199,0.9046456,0.78019196,0.92210114,0.83953476,0.9088917,0.83625144,0.9214518
0.67320436,0.8898558,0.6718101,0.8805895,0.66986746,0.8899916,0.6774726,0.8664241,0.6697538,0.8895127,0.7007387,0.8611055,0.68479,0.8880485,0.7286022,0.859736,0.6984733,0.8821268,0.726956,0.8916578,0.6964953,0.88692176,0.7567465,0.8282648,0.7486565,0.85040504,0.7783743,0.90739614,0.7781817,0.9229237,0.82434237,0.8973626,0.830286,0.9048961
0.67374265,0.8858778,0.6723713,0.8773359,0.6707897,0.8857694,0.6773,0.86551315,0.67106354,0.8863698,0.6992917,0.8610567,0.6849751,0.88755184,0.7226719,0.8467846,0.6992976,0.87369776,0.7196908,0.85737896,0.69916946,0.86556464,0.7555969,0.8331694,0.74841964,0.8553278,0.77997404,0.9066872,0.7803807,0.92054605,0.8233528,0.8950738,0.831386,0.90324134
0.6669302,0.88692623,0.6679494,0.874348,0.66323215,0.8796578,0.6776857,0.8648892,0.66452,0.8768941,0.69332594,0.8630278,0.6874473,0.8828484,0.7196631,0.8516076,0.7072506,0.87914765,0.71335083,0.84318507,0.7115311,0.8250287,0.7622499,0.8682506,0.7552926,0.886063,0.78120357,0.90323836,0.78060335,0.91678333,0.8409263,0.9044935,0.8370382,0.9123544
0.8026744,0.39241132,0.80605567,0.3831336,0.7995567,0.38370076,0.8117556,0.3869551,0.7949546,0.38794017,0.82057184,0.4382174,0.7872427,0.43917942,0.82916254,0.5033477,0.7777589,0.5004589,0.821428,0.54905003,0.78502166,0.5410769,0.81502956,0.5729271,0.79408926,0.57312256,0.8120637,0.6774343,0.7930369,0.6771927,0.8061271,0.7808435,0.79663485,0.78030115
0.8027596,0.39346972,0.80612785,0.38415715,0.7996232,0.38471562,0.81179076,0.38758585,0.79494995,0.38852605,0.82059115,0.43816203,0.78721535,0.43910128,0.82921374,0.50310963,0.7777594,0.50025105,0.8215875,0.54866165,0.7848161,0.5405883,0.8150181,0.572516,0.7940597,0.57271177,0.8121125,0.6772204,0.7930708,0.6769965,0.8061903,0.78099406,0.79666543,0.78048444
0.80287105,0.3945898,0.80622876,0.38521785,0.79970914,0.38578525,0.8118704,0.38824794,0.7949595,0.38918605,0.82068676,0.43827918,0.78715354,0.43921196,0.829295,0.50338566,0.7777762,0.5004448,0.8216054,0.54949784,0.78491646,0.54086745,0.815092,0.57253283,0.794011,0.5727458,0.81233066,0.6772905,0.7929875,0.6770962,0.8063642,0.7810461,0.79652673,0.7806043
0.8025112,0.39471442,0.8058875,0.385321,0.7993867,0.385938,0.8116714,0.3882196,0.7948071,0.3893654,0.8207351,0.43816927,0.7872489,0.4393168,0.8294619,0.5032367,0.77786726,0.50042784,0.8215476,0.5497579,0.7847198,0.5409648,0.8150938,0.57237226,0.79407597,0.5725818,0.81225675,0.6771485,0.7931148,0.67694956,0.8061809,0.78092533,0.7967043,0.7803831
0.80215263,0.39562944,0.8055765,0.3862134,0.79909384,0.38682088,0.8115674,0.38873866,0.79474473,0.38992995,0.8208172,0.4382281,0.787382,0.43939322,0.82957,0.50310564,0.77794975,0.50029975,0.8215871,0.55015683,0.78469276,0.54161024,0.81510335,0.5724035,0.79414004,0.57252365,0.8123698,0.67709863,0.79327697,0.6767708,0.80619353,0.7810115,0.7968673,0.7801843
0.80251473,0.39739758,0.8059263,0.38792548,0.79941297,0.38850996,0.81182384,0.38984853,0.7949281,0.39098024,0.8209818,0.438368,0.78742,0.43980137,0.82979244,0.5028608,0.77825725,0.5013775,0.8216696,0.55046016,0.7849951,0.5445936,0.81520396,0.5724496,0.79416174,0.5727111,0.81250113,0.67716765,0.7933964,0.67696923,0.8060835,0.7809269,0.7969541,0.7803584
0.802889,0.39891896,0.80632555,0.38942578,0.7997937,0.38990366,0.81221324,0.3907449,0.79525536,0.39157733,0.82118416,0.43834746,0.78759736,0.43943456,0.829891,0.5028251,0.7783607,0.5009653,0.8217811,0.55061126,0.78496593,0.544891,0.81524223,0.57247823,0.7941873,0.5726231,0.8126556,0.67751294,0.7935966,0.6771975,0.80629367,0.78155,0.79719543,0.78084975
0.8023863,0.39845562,0.8058552,0.3889643,0.79935926,0.38946754,0.8119485,0.3904109,0.7950623,0.39140356,0.8213275,0.43828395,0.7875466,0.4395876,0.83027935,0.50244397,0.77828115,0.50106883,0.8216735,0.54970706,0.7850311,0.5452041,0.8153123,0.5725399,0.7941336,0.5726244,0.8126704,0.67719567,0.79334295,0.6767737,0.8061345,0.7812748,0.79700804,0.78034776
0.8018612,0.39900178,0.80531996,0.3895126,0.7989278,0.39004627,0.8115773,0.39055228,0.7949035,0.39170703,0.8213877,0.43777812,0.78763777,0.4392672,0.83060235,0.5014149,0.7784055,0.50045574,0.8220183,0.5486579,0.78472227,0.5448683,0.8152596,0.57162654,0.79413384,0.5716204,0.8127205,0.6761916,0.7932454,0.67565185,0.806241,0.7807392,0.79689753,0.77952
0.8019765,0.39948586,0.8054363,0.3900128,0.7990493,0.39046878,0.81166613,0.39081842,0.79499495,0.39177224,0.8214378,0.43756855,0.7876268,0.43895784,0.8307366,0.50085795,0.7784841,0.5004287,0.8221881,0.5476599,0.78469074,0.5458752,0.81516665,0.57097846,0.79399055,0.57089823,0.812723,0.6753347,0.79300773,0.67469573,0.8063038,0.77993697,0.7966068,0.7786238
0.8017751,0.4009767,0.8052463,0.39148903,0.79886794,0.3918858,0.8115587,0.39159125,0.7948874,0.39244422,0.8214245,0.43713814,0.78764963,0.43864185,0.83095807,0.49972737,0.7786767,0.5003665,0.82265484,0.546037,0.78426343,0.54694074,0.81500036,0.5699817,0.7939063,0.5698639,0.8125502,0.6747397,0.7930793,0.67404544,0.80613214,0.77994204,0.79666495,0.7785084
0.8019636,0.40227512,0.8054264,0.39271605,0.798946,0.39312565,0.8116307,0.39246473,0.79472506,0.39333403,0.8213005,0.4371752,0.7874705,0.43918234,0.83095086,0.4989398,0.7787856,0.50142425,0.8228399,0.5441875,0.7841975,0.54809815,0.8151398,0.5693185,0.79396194,0.56951094,0.81276363,0.6744148,0.79296345,0.6740457,0.8063332,0.7802016,0.7961667,0.7792711
0.80188036,0.403871,0.8053474,0.3942089,0.79881054,0.39462548,0.81159115,0.39313203,0.7945412,0.3940241,0.82128567,0.43669555,0.78746414,0.43877837,0.83103323,0.4983569,0.7790064,0.50102067,0.82300854,0.544175,0.7841319,0.5479017,0.8152057,0.5686325,0.7940504,0.5688658,0.81286764,0.6742296,0.79317844,0.6739052,0.8063661,0.7803322,0.79622823,0.7794326
0.80111784,0.4051406,0.8046724,0.3953924,0.7980923,0.3957766,0.81118315,0.3938597,0.79402775,0.39474323,0.82121307,0.4370501,0.7871205,0.43897456,0.8311104,0.49892548,0.7788086,0.5008972,0.82259846,0.5450262,0.7840684,0.5472622,0.81481755,0.56948566,0.7934763,0.5694899,0.8124014,0.6754405,0.79233533,0.6748688,0.80578035,0.7815604,0.7954161,0.78022146
0.8006077,0.40595862,0.80415976,0.39610732,0.7975654,0.39656758,0.81075495,0.39413318,0.79353875,0.3952388,0.82104796,0.4370238,0.78674245,0.43915266,0.83124983,0.49883175,0.7785558,0.5007261,0.8223466,0.54543686,0.7839189,0.54648983,0.8146022,0.57023525,0.79310465,0.5702783,0.8121008,0.67639,0.79171205,0.67588216,0.8053508,0.78230065,0.79469544,0.7810435
0.80004734,0.40599614,0.8034158,0.39619586,0.7969629,0.39673042,0.8098278,0.39365157,0.79299706,0.39523026,0.8206992,0.43726444,0.78587735,0.43922585,0.8317782,0.49817196,0.77699053,0.49741983,0.8220024,0.54778045,0.78246695,0.5448507,0.8136902,0.5723606,0.7917938,0.57249284,0.8120761,0.6751205,0.79097927,0.674482,0.8058484,0.7792285,0.79310435,0.7778112
0.7989932,0.40526724,0.80240196,0.39552602,0.7960245,0.39605263,0.80907136,0.39311358,0.79240716,0.39477482,0.82035345,0.43685642,0.78547007,0.43892023,0.8316631,0.49723145,0.77666634,0.4969288,0.8220586,0.5455864,0.7823033,0.5437668,0.8131057,0.57218224,0.7910821,0.57212937,0.8118362,0.6755494,0.7896247,0.6746501,0.8057206,0.7801129,0.7912512,0.7782442
0.79817516,0.40551454,0.80140775,0.39550287,0.7950842,0.3964296,0.807928,0.39208877,0.7913245,0.394796,0.81976,0.43495366,0.7845055,0.4383761,0.8314598,0.49567658,0.77645797,0.49730533,0.8213299,0.5453427,0.78257316,0.54343957,0.8125908,0.5718035,0.7901889,0.5723297,0.811741,0.6757052,0.7880311,0.6754067,0.8056712,0.7796985,0.7890547,0.7786946
0.7963181,0.40632612,0.7993455,0.39609826,0.7932295,0.39749053,0.8059665,0.39160717,0.789768,0.395634,0.8188462,0.43365276,0.7835772,0.4387166,0.8310668,0.49442786,0.77645004,0.4985938,0.8208885,0.5449519,0.7822365,0.54461545,0.8121479,0.5724742,0.7896943,0.5735026,0.8113306,0.6772088,0.786559,0.67732644,0.8053385,0.7812975,0.7868873,0.7807989
0.794613,0.40989912,0.79742634,0.3994897,0.79185617,0.4008326,0.8043086,0.39227092,0.7891775,0.39652964,0.81810725,0.43211246,0.7836055,0.43684408,0.8298406,0.49527413,0.7782945,0.49833184,0.8192796,0.54545915,0.7830259,0.54475427,0.81091183,0.5727487,0.78912723,0.5735689,0.8108924,0.67779106,0.78711385,0.67738956,0.8075601,0.7802309,0.78880674,0.77857256
0.79410714,0.40993384,0.7969331,0.39956206,0.7913441,0.40085438,0.8036067,0.39260787,0.78851336,0.39672136,0.81711286,0.43242884,0.7828775,0.43733162,0.82902974,0.49531665,0.7781381,0.49840027,0.819046,0.5454838,0.7823817,0.5424552,0.8102271,0.5728418,0.7886345,0.57398236,0.810166,0.67819285,0.7871101,0.67820936,0.8076442,0.78065735,0.78941697,0.7795036
0.7938491,0.40716535,0.79625404,0.39691365,0.7910909,0.39867374,0.80256987,0.3917732,0.78777933,0.3966817,0.81622946,0.43216538,0.78177214,0.43787873,0.82966375,0.4933595,0.77579296,0.49915305,0.8197799,0.5440886,0.7790415,0.54177666,0.8095316,0.5714239,0.7877317,0.57252735,0.8099484,0.6770199,0.78587234,0.67741317,0.8053551,0.7822116,0.78693783,0.78260064
0.79121965,0.408706,0.79424244,0.39813817,0.78834456,0.3994001,0.8011867,0.39116415,0.78549993,0.39535922,0.81498414,0.43148947,0.78042513,0.43735024,0.82793826,0.49319112,0.7765203,0.49886912,0.8187448,0.5432268,0.77935827,0.5424486,0.8085753,0.57179755,0.7868687,0.5733885,0.8087787,0.6776584,0.78583926,0.6781183,0.80721045,0.7800337,0.7891269,0.7791348
0.78879684,0.40483633,0.7916624,0.39437082,0.7860695,0.39612862,0.7991585,0.3893903,0.7832612,0.39437652,0.8127559,0.43001705,0.7790912,0.43728524,0.82674515,0.48909768,0.7740578,0.50133485,0.81847155,0.5350646,0.7769417,0.54243195,0.80760854,0.5708382,0.7859414,0.57245106,0.81012756,0.679991,0.7837414,0.68080723,0.8070326,0.7886415,0.7846451,0.7887439
0.78748024,0.40538487,0.79070807,0.394877,0.7846105,0.39615348,0.79804814,0.38918272,0.7820995,0.39361325,0.81220484,0.43132478,0.77779377,0.43812603,0.8252908,0.4909044,0.7742583,0.49979505,0.81586456,0.5338786,0.7770559,0.54087055,0.8067383,0.57246786,0.7851333,0.5742786,0.80751497,0.6783675,0.7843422,0.67867285,0.8072676,0.7801197,0.7890995,0.7785345
0.7861827,0.40374225,0.7895278,0.393739,0.78344107,0.39426476,0.7968257,0.3910847,0.78052706,0.39365712,0.8099058,0.43535247,0.7762139,0.4409342,0.8234049,0.4940874,0.7725174,0.50309443,0.81333935,0.53148097,0.7748447,0.5434818,0.80548203,0.5748275,0.78425896,0.5765674,0.8061766,0.6799968,0.7842197,0.68040425,0.8076069,0.7801202,0.789555,0.77852786
0.7863846,0.4027819,0.78977084,0.39267674,0.7833593,0.3931494,0.7966262,0.39053586,0.77961373,0.39280975,0.8089113,0.43523625,0.77441853,0.44089627,0.8224861,0.49434468,0.77029055,0.5040586,0.8128786,0.53292274,0.7732765,0.5462558,0.8047719,0.5744264,0.78301007,0.57665426,0.80568904,0.67934,0.78379637,0.68029445,0.8076081,0.77878946,0.78994316,0.7781499
0.7842342,0.40104696,0.7874877,0.39120978,0.7817518,0.3915782,0.79476,0.38942924,0.77899474,0.39140216,0.8078316,0.43420646,0.7737519,0.4392214,0.8211271,0.49429834,0.76921576,0.5034323,0.8116054,0.5324977,0.77245444,0.54845864,0.80399305,0.5750016,0.78246737,0.57674676,0.8052743,0.67999536,0.78300864,0.6803895,0.8080718,0.7802983,0.7895546,0.77864313
0.7835943,0.39732686,0.7867721,0.38700417,0.7806435,0.38856903,0.79376066,0.38461176,0.7778,0.38952476,0.8081728,0.43050492,0.7722377,0.43865412,0.8207823,0.49205783,0.76773477,0.504801,0.8097294,0.53703105,0.77279216,0.5564617,0.8047889,0.5721575,0.7818381,0.5747572,0.8068809,0.6766569,0.78052086,0.67747414,0.8064891,0.7771427,0.7862242,0.7765498
0.78308034,0.39797896,0.7863257,0.38774374,0.7801087,0.38918447,0.79324645,0.38555515,0.7771821,0.3901933,0.8073928,0.4312119,0.77148175,0.43932682,0.8203217,0.49145177,0.7667473,0.5048207,0.8095998,0.53617275,0.77164,0.55765754,0.80386305,0.5721596,0.7809679,0.5747823,0.80604327,0.6761938,0.7801332,0.67702264,0.80557126,0.77598053,0.7860515,0.7754241
0.783008,0.39525557,0.7862201,0.38534415,0.7800736,0.3865818,0.7927692,0.38474366,0.7768585,0.38879302,0.8062374,0.43162534,0.77065337,0.4393003,0.8190972,0.490963,0.7654907,0.50412196,0.80821466,0.53399503,0.77010494,0.5573783,0.80290854,0.5724863,0.7801977,0.57518375,0.8052437,0.67567307,0.78018385,0.67664593,0.8054668,0.77358145,0.78683394,0.7733476
0.78299606,0.39656222,0.786015,0.38655785,0.779875,0.38787118,0.7920542,0.38570198,0.7760531,0.38969132,0.80499643,0.43197417,0.76960236,0.4396041,0.8178092,0.49174428,0.7644512,0.5043745,0.8080899,0.5331838,0.7685899,0.55327487,0.8024808,0.5718946,0.78000456,0.575069,0.8046414,0.67481387,0.78095716,0.67650574,0.8049998,0.7718384,0.78762716,0.7726671
0.78190905,0.39440206,0.78481764,0.38437206,0.7787593,0.3857918,0.79060274,0.38425925,0.7747915,0.38847527,0.80357265,0.43122613,0.7684381,0.43970576,0.8165666,0.49150664,0.76423514,0.50624335,0.807439,0.5335324,0.76857567,0.5553368,0.80199003,0.57147604,0.7797257,0.5752412,0.80399543,0.6744017,0.78115094,0.67672795,0.804684,0.7714084,0.7884028,0.7730393
0.78085285,0.3960082,0.7837364,0.38586816,0.77768654,0.38725087,0.7895831,0.38494736,0.77372146,0.3890053,0.8026131,0.4309958,0.76745075,0.43924353,0.8160607,0.4914441,0.76326865,0.5059591,0.80754036,0.5356105,0.7678474,0.55709136,0.8013671,0.5718284,0.77916926,0.57561356,0.80333465,0.67482346,0.781091,0.6771842,0.80394167,0.7718921,0.7886287,0.77349705
0.77975583,0.39717203,0.7827782,0.38711086,0.7766323,0.3882663,0.7888877,0.3855752,0.7728779,0.38913018,0.80168384,0.43079898,0.76701766,0.4383957,0.8154339,0.49060494,0.7629856,0.5045776,0.80711985,0.53557724,0.7673975,0.55791146,0.8001453,0.57189214,0.7784178,0.57531756,0.80180025,0.67583305,0.781242,0.6777714,0.802775,0.7738192,0.78983504,0.77469087
0.77992153,0.39795342,0.7828204,0.38783565,0.7765633,0.3889419,0.78848344,0.38560456,0.77209973,0.38891476,0.80070096,0.42977247,0.76609683,0.43720508,0.8147263,0.48878706,0.7621569,0.5031681,0.8063693,0.53458995,0.766468,0.5579803,0.79916257,0.5713086,0.7775453,0.5748386,0.800326,0.6765741,0.7807835,0.6787449,0.8012562,0.77554756,0.789685,0.77700734
0.77842057,0.39820865,0.78132695,0.38814548,0.7751243,0.38926455,0.7871874,0.38512608,0.7709171,0.3885593,0.79936594,0.42839772,0.765423,0.43566662,0.81351346,0.48740375,0.7617742,0.50087357,0.8049245,0.5347234,0.7658507,0.5563713,0.79763156,0.57065403,0.77650166,0.5740153,0.7985773,0.6770892,0.78004324,0.6790852,0.8002691,0.7763777,0.789776,0.77756417
0.7773611,0.39825955,0.78071445,0.3878816,0.77404225,0.38901109,0.78699887,0.3860924,0.76983494,0.39006948,0.79851735,0.4313683,0.76439935,0.43979576,0.812087,0.4930793,0.76004255,0.5067626,0.8041832,0.54132426,0.76497716,0.55607116,0.7969016,0.5706391,0.77570117,0.5748112,0.79743075,0.6789786,0.77990144,0.68155223,0.798619,0.7822496,0.78882545,0.7840982
0.7768585,0.39950848,0.7801768,0.3890219,0.77342355,0.3902222,0.78659,0.38605687,0.76925075,0.39023948,0.79843336,0.4301247,0.7639069,0.43838114,0.8117936,0.49219775,0.7593775,0.5057232,0.8036167,0.54053867,0.7648644,0.556654,0.7962764,0.5695256,0.77487487,0.57331663,0.7961752,0.6784632,0.7783496,0.68055874,0.7954254,0.7828354,0.78601974,0.7842486
0.7757636,0.40009883,0.77914613,0.38955906,0.772361,0.39059293,0.78586936,0.38556895,0.768263,0.38939556,0.7980184,0.42891514,0.76322955,0.4361655,0.8112225,0.49201575,0.75873685,0.5035075,0.80204487,0.5395935,0.76300913,0.5546936,0.7950353,0.5707543,0.77360654,0.5737744,0.7937841,0.68167996,0.77671444,0.68296957,0.79382867,0.78570324,0.78560805,0.78590333
0.77443576,0.40166113,0.777771,0.39114064,0.77112216,0.39213094,0.7848388,0.3860148,0.76738155,0.38976708,0.7974558,0.42802042,0.76258725,0.4345592,0.8099189,0.49218342,0.75743896,0.501915,0.8002391,0.53952944,0.7622494,0.55351317,0.7945273,0.56964695,0.77310103,0.57221913,0.7936053,0.68181777,0.77656233,0.68261534,0.7925843,0.7880845,0.78464466,0.7874025
0.77382916,0.40220377,0.7771136,0.39178804,0.77056587,0.39275032,0.7842141,0.38654244,0.76697326,0.39013818,0.7967072,0.42822045,0.76221734,0.4343661,0.80897933,0.49310797,0.7570412,0.50248694,0.8003699,0.5407914,0.7619415,0.5554999,0.7938154,0.5686423,0.77281976,0.5710284,0.7918431,0.6821149,0.77643955,0.6827056,0.7907264,0.7902567,0.78496075,0.7893594
0.7736396,0.4029836,0.77683514,0.39263904,0.77037185,0.393582,0.7839254,0.38731316,0.76679456,0.390775,0.7962,0.42894647,0.7621633,0.43454927,0.80761826,0.49483657,0.7569996,0.50332546,0.7995003,0.5430978,0.76174706,0.557164,0.7931128,0.5689987,0.77242225,0.5710845,0.7906653,0.6836024,0.7755728,0.6839508,0.7890252,0.7937063,0.7829077,0.79253954
0.7731991,0.4041185,0.7762713,0.3936892,0.76985365,0.39486015,0.78331846,0.38821408,0.7663266,0.39213398,0.7958351,0.42946067,0.7613932,0.43550238,0.8071416,0.4950025,0.755293,0.5043174,0.7993609,0.54224664,0.76157784,0.5580279,0.79290783,0.5692596,0.77204335,0.5715819,0.79022086,0.68421316,0.7754876,0.6848129,0.78544754,0.7961079,0.78065866,0.795429
0.7712314,0.4050889,0.77425,0.39481667,0.7680904,0.39589706,0.7817318,0.38904887,0.7651964,0.39284188,0.79486287,0.42967212,0.7608776,0.43526652,0.8063095,0.49399465,0.7544889,0.5028044,0.79867196,0.5410105,0.7611291,0.5573412,0.79221207,0.56853384,0.77169156,0.57040656,0.7894601,0.68304205,0.7749543,0.6831988,0.78339976,0.7948149,0.77871186,0.7933219
0.7697529,0.4050063,0.7726864,0.39492154,0.7667958,0.39605263,0.7802575,0.38998547,0.7643579,0.39392892,0.7935023,0.43096045,0.76032895,0.43684053,0.8049149,0.4945366,0.7539262,0.5041517,0.79784274,0.540677,0.76067424,0.5585606,0.7911769,0.5677742,0.77124816,0.56973994,0.78818184,0.6812611,0.77492124,0.6815993,0.7811705,0.79203355,0.77789325,0.7907259
0.7692215,0.40593484,0.77218574,0.39550284,0.76604956,0.39708474,0.77983916,0.3887312,0.76364845,0.39370918,0.7930264,0.42784753,0.75981444,0.4354404,0.80501217,0.48951206,0.75368947,0.50252485,0.79950064,0.5396272,0.75956744,0.55889755,0.7904034,0.56613135,0.7705238,0.5688455,0.7873284,0.6798383,0.7742588,0.6810677,0.7796979,0.79295295,0.7765761,0.79299027
0.7697609,0.40681213,0.7724589,0.3961435,0.76642936,0.3983526,0.7793269,0.38991722,0.76297104,0.3959503,0.7926321,0.42797536,0.7580733,0.43807888,0.80651456,0.48606992,0.75207335,0.5064704,0.79875284,0.5327342,0.7585833,0.5585558,0.79011726,0.56327343,0.76929164,0.5669809,0.7873503,0.67604077,0.77284914,0.6784402,0.77984804,0.7884748,0.77869177,0.7908487
0.7692868,0.41018105,0.77209765,0.39921558,0.765555,0.4011048,0.7788976,0.39052632,0.7619023,0.39618996,0.79145515,0.42672202,0.75765336,0.43659797,0.8043749,0.48691574,0.7529928,0.5053509,0.798541,0.5377335,0.7580859,0.5615265,0.78918475,0.5636881,0.76903456,0.56802726,0.7855368,0.6772068,0.7735715,0.6803087,0.7778658,0.79008365,0.77635366,0.7929361
0.7688601,0.4107782,0.7714732,0.39996675,0.7652618,0.40224263,0.77807754,0.39289445,0.76135564,0.39919284,0.7913309,0.42933542,0.75665593,0.44022173,0.80603534,0.48691303,0.7517223,0.50913376,0.7978117,0.53214437,0.7559158,0.56017506,0.78857225,0.56422037,0.7676925,0.56829435,0.7852258,0.6779197,0.77099,0.68083334,0.77739996,0.79088515,0.7759857,0.7943144
0.7689737,0.41013694,0.77154654,0.39928788,0.7652143,0.40153104,0.7777919,0.3922737,0.76079416,0.39842403,0.79035693,0.42892247,0.7558055,0.44051555,0.8055426,0.48414594,0.7503312,0.50959474,0.7974073,0.52496207,0.7537553,0.5598418,0.78771716,0.5674941,0.766936,0.57211715,0.7840107,0.6827814,0.7704936,0.6864072,0.77589893,0.79753536,0.7747788,0.8020257
0.76819915,0.41288418,0.770937,0.40172052,0.7642576,0.40375364,0.7774429,0.39355037,0.759608,0.3991118,0.7903995,0.4302702,0.75454134,0.43984684,0.80510676,0.49084356,0.74938434,0.5095326,0.79539675,0.5405265,0.75171274,0.5630315,0.7870905,0.56746185,0.76546973,0.57115567,0.7833168,0.68198967,0.76869303,0.68472064,0.7752998,0.7952798,0.7735411,0.7986331
0.76789707,0.4152745,0.7706885,0.40409034,0.76396346,0.40572402,0.7772327,0.39447457,0.7590777,0.39897236,0.79006,0.42931077,0.75348496,0.43713218,0.8048442,0.49124604,0.7485183,0.5066845,0.7947785,0.5415093,0.7501229,0.56011003,0.7854107,0.56616664,0.7634109,0.5689979,0.78107154,0.6821269,0.76629037,0.6841333,0.77401227,0.7972355,0.77216643,0.7997903
0.76584786,0.4211111,0.768694,0.40978885,0.76226795,0.41098744,0.7760074,0.39726904,0.75808567,0.40065902,0.7901133,0.42953095,0.7524115,0.43409485,0.8047638,0.49457565,0.74760807,0.5015988,0.79456705,0.5517544,0.7486141,0.55657065,0.78373235,0.56927675,0.76113164,0.57021415,0.7796106,0.6858376,0.7635321,0.68593884,0.77349037,0.8018949,0.7701414,0.801617
0.7646369,0.4234183,0.76746166,0.41240653,0.7613974,0.41322953,0.77500373,0.39984933,0.75773954,0.4021106,0.7891176,0.432047,0.75234437,0.43418083,0.80317813,0.4965561,0.7468191,0.4985469,0.79495776,0.55539256,0.7471149,0.5532884,0.7828755,0.5720852,0.760993,0.57186025,0.7788644,0.6866839,0.76349336,0.6856116,0.7738521,0.80226773,0.7703816,0.8000039
0.76481515,0.42480436,0.767531,0.4138088,0.76162016,0.41455755,0.774724,0.40162066,0.75770634,0.40359467,0.7889669,0.43499213,0.7513427,0.43591446,0.8027517,0.5023338,0.7450501,0.4996443,0.793385,0.5678869,0.74528885,0.5568867,0.78197265,0.57645357,0.7595943,0.57585573,0.7780453,0.6905699,0.76275396,0.6893408,0.7720646,0.8059895,0.7697659,0.8037478
0.7642188,0.42423102,0.7669352,0.41323078,0.76073354,0.41397062,0.77378154,0.40138134,0.756237,0.40335444,0.78793436,0.43513945,0.74944395,0.4366872,0.8028472,0.5018954,0.7430572,0.5013842,0.7930661,0.5676903,0.74267274,0.5617764,0.7812184,0.57593316,0.75822794,0.57575727,0.7770697,0.69098216,0.76123923,0.6901721,0.77078944,0.80818224,0.76804394,0.80688065
0.76235604,0.4342541,0.7651243,0.42289832,0.7587239,0.42358336,0.7724767,0.40799144,0.7543097,0.40989766,0.7872073,0.43695876,0.7479963,0.43863326,0.8019709,0.5050371,0.74174917,0.5061447,0.79050833,0.5697968,0.7411711,0.5699444,0.78102183,0.5737632,0.75761527,0.57357013,0.77656037,0.69136506,0.7607793,0.6904455,0.77046,0.810174,0.7682655,0.8084587
0.7590351,0.4395236,0.7621242,0.428437,0.7560277,0.42834458,0.77047414,0.41416526,0.7526763,0.41425994,0.7855787,0.44426575,0.74732924,0.4431543,0.80056494,0.5135281,0.7410348,0.51009846,0.78696537,0.57487375,0.7401129,0.5734548,0.7787793,0.57916576,0.7559624,0.57722616,0.77385515,0.6937653,0.75855017,0.6911477,0.7704686,0.80797005,0.7687525,0.8032786
0.75779945,0.443386,0.760723,0.43205494,0.7546193,0.43264118,0.76872385,0.41823694,0.75121254,0.4199065,0.7837521,0.44797373,0.7463353,0.44975856,0.7978584,0.5193109,0.74061435,0.5214183,0.78702927,0.58094436,0.7384839,0.5829923,0.77872896,0.57710546,0.75639504,0.5767568,0.7730002,0.6925193,0.75776666,0.6916144,0.7702242,0.8085233,0.76729244,0.8058825
0.75612634,0.44896147,0.7595441,0.43780297,0.75296444,0.4376176,0.7681362,0.42578393,0.7496439,0.425478,0.78304446,0.4585435,0.74476504,0.4566439,0.79735833,0.5325283,0.7378607,0.5273511,0.7867808,0.5898244,0.73476523,0.5869604,0.77654576,0.5835934,0.7537701,0.5812281,0.7721072,0.69726497,0.756186,0.6941131,0.7693417,0.8115408,0.7663604,0.80581975
0.75485766,0.46075135,0.7577432,0.4493555,0.7520382,0.4500006,0.7660653,0.43584615,0.74933195,0.43752524,0.7817572,0.46688178,0.7450029,0.46584395,0.7958534,0.54289806,0.7374112,0.5330823,0.78505534,0.6123315,0.7342843,0.5907236,0.77638775,0.5932473,0.7546305,0.59148055,0.77038634,0.7017158,0.7559177,0.6996462,0.76783246,0.8114965,0.76658314,0.8071856
0.7539002,0.4671616,0.7570986,0.45543453,0.75083345,0.45595038,0.7657556,0.44236237,0.74777114,0.44324008,0.7809835,0.47688124,0.7437891,0.47204486,0.793767,0.5594039,0.7348588,0.53569174,0.7826883,0.636663,0.73460525,0.58530253,0.7764802,0.6038549,0.7543058,0.60082936,0.7707576,0.7065878,0.75551724,0.7033562,0.76820964,0.8114504,0.7666997,0.8052453
0.7539456,0.48091227,0.7573516,0.46913233,0.74998075,0.46934223,0.76522535,0.45447978,0.74520797,0.45422375,0.778252,0.48358008,0.7408053,0.4772905,0.7892407,0.56862956,0.7305504,0.54342926,0.7812953,0.6459328,0.7268499,0.60095906,0.7750522,0.595429,0.75294226,0.5923265,0.7693578,0.7026724,0.75494057,0.6988518,0.7686109,0.8100448,0.7679146,0.80359364
0.7571568,0.4947167,0.7594924,0.48259076,0.7526259,0.48336542,0.76470554,0.465949,0.745269,0.46648085,0.77606684,0.49032584,0.73848075,0.48646164,0.78730816,0.5763374,0.72829854,0.5566195,0.7806746,0.65790355,0.7238352,0.61634743,0.77419513,0.59754044,0.7519674,0.59689194,0.7687214,0.704633,0.75491863,0.7041354,0.7669087,0.8093288,0.7666352,0.8089472
0.7531886,0.5092782,0.75597787,0.49728346,0.7490149,0.49791163,0.7627585,0.4792533,0.74356294,0.47946414,0.7754971,0.50179696,0.73816055,0.49474528,0.7841644,0.5919453,0.7260628,0.56195605,0.7785129,0.6769805,0.72220576,0.6201099,0.7736095,0.60186327,0.75167584,0.5991538,0.7685685,0.7037827,0.7536873,0.70067,0.76564884,0.80486643,0.7642454,0.7997474
0.7508065,0.5199272,0.7537509,0.50865483,0.7467579,0.50931096,0.76107335,0.4923187,0.74199975,0.49239203,0.77437454,0.5130181,0.73755383,0.50394,0.78120416,0.60024256,0.72345185,0.5625166,0.77333397,0.6660602,0.721401,0.59907764,0.77485764,0.60260254,0.75280565,0.5985596,0.7681908,0.70059735,0.75078374,0.6957117,0.7667586,0.79812264,0.7618096,0.7903099
0.7493569,0.5372341,0.7525818,0.5259818,0.74543756,0.5264871,0.76042557,0.51021737,0.7410212,0.50976604,0.7736719,0.52799714,0.7368314,0.51657504,0.7786586,0.62096155,0.721371,0.57417554,0.77003944,0.68531084,0.7191375,0.6018182,0.77413267,0.60130036,0.7519816,0.5963165,0.7678773,0.70239866,0.75115925,0.6967833,0.7672584,0.803933,0.76418245,0.7947135
0.7476168,0.5515353,0.7501544,0.5405059,0.74377626,0.54249626,0.75706685,0.5238409,0.739342,0.5276303,0.7695991,0.53479874,0.73590785,0.53446466,0.7764494,0.59997046,0.7224854,0.5831262,0.765269,0.62891454,0.72456,0.5930086,0.7732597,0.60917497,0.7527439,0.609607,0.7681439,0.69899684,0.75270206,0.6988339,0.76681745,0.79044664,0.7638069,0.78838617
0.7430183,0.5735083,0.744601,0.5623347,0.7392191,0.56602114,0.750625,0.5441518,0.7355708,0.55167305,0.7634734,0.5492024,0.73473185,0.5558759,0.7709505,0.6101218,0.72157973,0.60794175,0.76484275,0.6670745,0.71912533,0.6446938,0.774852,0.6042441,0.7571359,0.60866916,0.7669528,0.6906056,0.75198644,0.69477904,0.7675971,0.7782232,0.76054114,0.78167826
0.74188083,0.6031512,0.74342436,0.59037036,0.7370929,0.59342366,0.74892396,0.568152,0.73272234,0.57302564,0.7621602,0.5722376,0.73302716,0.57016677,0.7696101,0.66961646,0.7238087,0.64366275,0.7690465,0.7911145,0.7224674,0.7218206,0.77434653,0.60472536,0.75674164,0.60565734,0.7616607,0.7000185,0.7471222,0.7006334,0.7682558,0.7991041,0.7619124,0.7980698
0.7405954,0.63109595,0.742472,0.6175204,0.73513263,0.6194755,0.7484141,0.5972136,0.7295907,0.5996629,0.7623538,0.6034919,0.7265562,0.5970078,0.76559377,0.7318619,0.7152431,0.6993157,0.7624228,0.8727633,0.7096875,0.8110972,0.7684037,0.6101258,0.74565667,0.6084491,0.76540464,0.72853833,0.739054,0.7268,0.7668321,0.8404465,0.7458723,0.8371891
0.7403338,0.6596096,0.7427544,0.6460395,0.73439044,0.6475193,0.7489075,0.6212286,0.7275821,0.6225507,0.7633684,0.616706,0.723123,0.6139421,0.7648869,0.73646367,0.71481675,0.7241751,0.76295555,0.8547861,0.7026085,0.8362342,0.76944554,0.6055943,0.74384516,0.60547245,0.76907885,0.72346574,0.74096894,0.72200173,0.7707703,0.8314145,0.7501281,0.8277286
0.07417508,0.55555624,0.06963365,0.54294425,0.07462326,0.54699355,0.04946037,0.5266216,0.07118355,0.5383646,0.037151758,0.55335647,0.0737262,0.56412095,0.015583539,0.60491776,0.09659483,0.590665,0.0140950475,0.6877138,0.12200375,0.6161069,0.036254574,0.7093849,0.056927036,0.71354043,0.033641636,0.8165235,0.047473274,0.8195757,0.02409158,0.9014841,0.02808326,0.9113265
0.73342544,0.7714711,0.7370626,0.75452304,0.72633857,0.756646,0.7473126,0.7213012,0.7191589,0.725483,0.76864374,0.7093892,0.7109591,0.7060076,0.77667755,0.8618382,0.70285386,0.8398607,0.7711243,0.98853856,0.69296753,0.94568866,0.7603858,0.6933099,0.7197606,0.68976307,0.775496,0.84578204,0.7003676,0.8413053,0.7816833,0.96040636,0.6953977,0.9545795
0.73075384,0.79309946,0.7367546,0.7777396,0.7267249,0.774152,0.75028706,0.7553048,0.7226147,0.7451567,0.77172095,0.77116317,0.70956284,0.75042754,0.787859,0.9077887,0.6948692,0.86647105,0.7796168,0.99745685,0.6958174,0.9606651,0.75510997,0.8396066,0.7141231,0.82706964,0.7629568,0.9347321,0.70570135,0.92062277,0.7580107,1.0,0.70770305,0.98464465
0.04830788,0.56168056,0.04600485,0.55134034,0.051006824,0.55423623,0.04007299,0.54638875,0.06256379,0.5503879,0.03730858,0.57278144,0.06970241,0.57769805,0.018048195,0.6129774,0.095166065,0.61216575,0.011594707,0.6165039,0.115548015,0.60775065,0.043076787,0.73426706,0.061649192,0.7356389,0.026271487,0.8470299,0.045855142,0.8481516,0.022574529,0.9430967,0.043779563,0.94723696
0.7392922,0.8587446,0.73716736,0.8382264,0.748768,0.8362856,0.699042,0.850028,0.7783217,0.85832334,0.6701811,0.9504306,0.78671646,0.9877121,0.67226714,0.92896116,0.7908934,1.0,0.7214463,0.8680965,0.77842706,0.9485783,0.6801361,1.0,0.76195866,1.0,0.71708226,0.92512333,0.79489905,0.9406857,0.7118243,0.98731786,0.7969848,1.0
0.71665186,0.8835572,0.716803,0.869642,0.7279467,0.86573374,0.7086186,0.88159525,0.7683647,0.87776756,0.69814646,0.95152134,0.792013,0.9568132,0.68887687,0.8995757,0.7985013,0.9228674,0.697356,0.8752718,0.78048986,0.92933774,0.7192162,1.0,0.780328,1.0,0.71826917,0.92051965,0.7759963,0.9183404,0.7242438,0.9506656,0.7782636,0.9430676
0.07508731,0.5738436,0.07044935,0.56068563,0.075498044,0.5649071,0.049448606,0.5401641,0.07157134,0.5526454,0.03675763,0.56321084,0.07324424,0.57504016,0.013215131,0.62209314,0.09189438,0.60807824,0.012566957,0.7099629,0.10717332,0.63824123,0.03680556,0.7258914,0.05886036,0.73041075,0.029816473,0.82445925,0.046196222,0.82748914,0.026622802,0.90582025,0.035567235,0.915988
0.71316123,0.983965,0.7111235,0.977468,0.7130215,0.97772455,0.7003343,0.96787435,0.71673584,0.96685976,0.7048545,0.9579863,0.73450285,0.9575216,0.7265641,0.9384681,0.7707942,0.9287222,0.74746406,0.9175754,0.7732494,0.89835536,0.7434318,0.92834455,0.7612063,0.9311657,0.75072443,0.91398335,0.76245743,0.91218334,0.76931757,0.8902737,0.77453566,0.88342977
0.072278365,0.5573575,0.06803655,0.5446873,0.07349902,0.5466764,0.047079723,0.536285,0.073580824,0.54189354,0.032126307,0.5669724,0.073215395,0.57386464,0.009200222,0.62878925,0.09359621,0.61322516,0.00802461,0.6665,0.10930016,0.61432654,0.030415034,0.7516494,0.054110892,0.7537368,0.022073427,0.86604357,0.040573064,0.8671471,0.011445725,0.95179445,0.025532378,0.95142615
0.7742985,0.8278901,0.77357286,0.8191886,0.7718582,0.81923664,0.7559209,0.826816,0.7592427,0.8309451,0.7396091,0.8697145,0.75658315,0.87584084,0.7515914,0.90688485,0.7741508,0.90955544,0.7758863,0.8765993,0.784676,0.88511616,0.7186138,0.952485,0.7315647,0.9545894,0.72022384,0.9394546,0.74689764,0.94040024,0.7119154,0.94549567,0.74719334,0.95362943
0.77668214,0.8263551,0.7746812,0.8160492,0.7737078,0.8168539,0.74971163,0.8239614,0.75851184,0.8314005,0.73085,0.87353563,0.7584218,0.88511384,0.7381884,0.9089179,0.7788238,0.919209,0.76609695,0.8619465,0.7851205,0.8797622,0.71592635,0.96503407,0.73650044,0.9694746,0.7181186,0.9441904,0.75436944,0.9457757,0.709321,0.9541427,0.75611824,0.9635332
0.07813169,0.54481494,0.074838296,0.5317045,0.07853342,0.5364516,0.053394772,0.5164759,0.07141607,0.53062594,0.03709321,0.5533459,0.067963466,0.5696811,0.00994162,0.60791934,0.085575126,0.5993043,0.00855,0.692231,0.10697211,0.61889917,0.031867675,0.7391948,0.04972058,0.7463356,0.02528393,0.84507585,0.04151245,0.85073483,0.022538422,0.93042594,0.033126023,0.9453264
0.7713892,0.8200048,0.77089924,0.81437397,0.7694626,0.81154484,0.7633252,0.82412976,0.7565898,0.81654066,0.7556712,0.86489594,0.74543715,0.8570901,0.76800555,0.9028944,0.75802064,0.89643574,0.78402036,0.890382,0.7825363,0.8800149,0.7399463,0.9420623,0.7310315,0.93987477,0.7333495,0.9301728,0.7196638,0.92967415,0.7379514,0.9690624,0.7185936,0.9725013
0.77162963,0.8308163,0.7699553,0.8225234,0.7702932,0.822516,0.7479096,0.8296634,0.75994045,0.8340075,0.73159707,0.8674604,0.75747406,0.8773724,0.73909444,0.89574605,0.7742694,0.9084233,0.7655217,0.8624611,0.7813447,0.8871298,0.7211646,0.94620377,0.7397382,0.95068353,0.72568834,0.9497667,0.7529232,0.95152944,0.7265773,0.95347655,0.76087457,0.9615661
0.77172905,0.8340766,0.7692952,0.8250488,0.7701218,0.8253938,0.743015,0.8335407,0.7599831,0.8396284,0.7246234,0.8759091,0.7598283,0.8882851,0.7283341,0.8978037,0.7775051,0.9117936,0.7552995,0.8560483,0.7782987,0.8785227,0.71882135,0.95706785,0.74380535,0.9634968,0.73325723,0.94169056,0.76642954,0.94460636,0.7334787,0.94215727,0.7740286,0.9510226
0.8640297,0.47321716,0.8676309,0.45764872,0.8628158,0.4604042,0.88384676,0.45278218,0.8673464,0.45913377,0.9095998,0.5179181,0.87812376,0.51266414,0.9052002,0.662705,0.8738675,0.6336809,0.8571066,0.7101195,0.8460714,0.6824281,0.91637784,0.71113735,0.8949233,0.69908065,0.8460552,0.7374964,0.8338974,0.72493607,0.8634308,0.928357,0.8619346,0.9085526
0.8603554,0.47447294,0.86386025,0.4592211,0.859772,0.4614749,0.88063043,0.45361438,0.86545706,0.4587365,0.90767,0.51713675,0.87620515,0.5107086,0.905142,0.6612992,0.8733169,0.6315578,0.85771495,0.7094878,0.84673256,0.6812926,0.9149308,0.7114924,0.89358455,0.69886637,0.8451905,0.73586583,0.8330493,0.72275525,0.8636021,0.928615,0.86213267,0.9077781
0.8578896,0.47557804,0.8615406,0.45980883,0.8568849,0.46234757,0.8786735,0.45259294,0.8620394,0.45861277,0.906473,0.51532745,0.873428,0.51064354,0.90531635,0.65878725,0.872096,0.63295823,0.85784084,0.7070582,0.84669685,0.68319213,0.91420156,0.7109743,0.891957,0.6990945,0.84485257,0.73600954,0.83233386,0.72340333,0.8626793,0.9284853,0.86180943,0.9081231
0.8574354,0.47601205,0.86081284,0.46021372,0.85616827,0.46319652,0.8770318,0.45270497,0.86094505,0.4597595,0.9052846,0.51497835,0.8721709,0.512766,0.9062443,0.6573414,0.87278074,0.6366915,0.8596137,0.7055908,0.848046,0.6845239,0.914584,0.7108868,0.89226353,0.70061004,0.84473556,0.7335756,0.83222574,0.722551,0.8631458,0.9275301,0.8620588,0.9093127
0.8568249,0.47983864,0.85979444,0.4641596,0.85538214,0.46744537,0.8750097,0.4555509,0.8600392,0.46328762,0.90404177,0.51591,0.8710418,0.51548076,0.907488,0.65667886,0.87320083,0.6399081,0.8610113,0.70430887,0.84859115,0.68529385,0.9147129,0.7102097,0.89245284,0.70117813,0.8452303,0.7326814,0.8322838,0.72294927,0.86345905,0.92618704,0.86135244,0.9098191
0.85606307,0.48270565,0.85877466,0.46726096,0.85451174,0.47079846,0.8730788,0.4587825,0.8588101,0.46714947,0.9027445,0.517854,0.868876,0.519478,0.90860826,0.6568272,0.87266654,0.6439347,0.8616478,0.70339423,0.8490834,0.6859696,0.91420525,0.70944285,0.8914049,0.7018572,0.8450767,0.73175925,0.83191866,0.72351325,0.86353093,0.9255127,0.8618993,0.91140777
0.85180056,0.48357484,0.85431814,0.46806264,0.8506015,0.47154835,0.8689231,0.4590154,0.85632676,0.4672962,0.8991114,0.5174032,0.8690106,0.5191903,0.9072176,0.6537216,0.8743906,0.6417168,0.8608004,0.70268345,0.84873766,0.68390125,0.91366684,0.7140691,0.8931975,0.70656145,0.84286326,0.73404926,0.83271086,0.72609705,0.86305475,0.92536813,0.8624961,0.9110255
0.8493126,0.48966524,0.85201114,0.47348955,0.8475216,0.4767002,0.8670657,0.46030784,0.85295403,0.4679521,0.8962582,0.514237,0.8691692,0.5141004,0.90570223,0.6495985,0.8757728,0.6345643,0.8619979,0.7033632,0.8473921,0.68161035,0.9124155,0.70998913,0.8940403,0.70146966,0.8416473,0.7359413,0.83402675,0.7266845,0.8648683,0.92769426,0.86431485,0.9111074
0.84682333,0.4988682,0.8501552,0.47997916,0.84566736,0.48676682,0.8645585,0.4617142,0.8557648,0.47195753,0.8905897,0.5148044,0.8695144,0.51983845,0.90304434,0.64682704,0.868683,0.62755275,0.85774726,0.70720875,0.8436743,0.6904405,0.9052195,0.7082522,0.89179754,0.70028734,0.84512806,0.76087105,0.83187085,0.75524026,0.87264055,0.91441184,0.86517555,0.8968506
0.84240735,0.49879348,0.8461809,0.48014566,0.8413262,0.48611563,0.8620305,0.46451837,0.85215014,0.47273663,0.8879504,0.52145636,0.86853355,0.5224785,0.8993071,0.65478534,0.86851686,0.6284492,0.85549206,0.71231556,0.84377396,0.6909765,0.9063608,0.71094567,0.893773,0.7011874,0.8449999,0.7638098,0.8315832,0.7545788,0.87329197,0.91983306,0.86535245,0.89725333
0.83928174,0.5017286,0.842659,0.48349983,0.83801216,0.48903367,0.8576646,0.46662402,0.84869474,0.47400907,0.88424504,0.5213325,0.8661869,0.5190772,0.8967771,0.657062,0.86709565,0.62460506,0.85394126,0.71479917,0.84331,0.6906349,0.9059784,0.7038327,0.8942222,0.69297993,0.8445571,0.7633286,0.8315212,0.7513058,0.8735094,0.92046624,0.86459553,0.89337075
0.83661634,0.5030433,0.8394045,0.48544657,0.8353152,0.4906306,0.85307074,0.47071627,0.84594935,0.4769651,0.88006276,0.52404034,0.864366,0.5204973,0.8958575,0.65845895,0.86598694,0.62308186,0.85353416,0.7198026,0.8405108,0.6879407,0.90594894,0.6951215,0.8957572,0.6849654,0.8459899,0.764095,0.83394635,0.75601023,0.8735158,0.91943264,0.8646973,0.898709
0.8320309,0.5082784,0.83458394,0.49080196,0.83112735,0.4965037,0.848882,0.47616026,0.84283465,0.48387542,0.87668556,0.52756196,0.86169356,0.5265796,0.8917613,0.66121113,0.863789,0.6305588,0.8482749,0.7186013,0.84022504,0.6934294,0.90388507,0.6964248,0.89406586,0.6878923,0.8454305,0.7655967,0.8340432,0.760895,0.8743054,0.91820186,0.86516804,0.9010835
0.8291716,0.5145635,0.83147377,0.49721804,0.8276078,0.5031023,0.84461373,0.47846714,0.83785623,0.48695323,0.87197584,0.52393067,0.857885,0.5248487,0.8897312,0.6572558,0.861691,0.630036,0.8502993,0.71822613,0.8392587,0.69513714,0.9027878,0.6867938,0.89373916,0.6805535,0.844614,0.7634106,0.8350218,0.7637519,0.8740201,0.9156312,0.8659145,0.90428835
0.8235671,0.52514285,0.82523024,0.5079697,0.8224909,0.51453674,0.8381323,0.4847389,0.8343623,0.49502307,0.8671498,0.5231504,0.8548851,0.5280925,0.8855877,0.6544392,0.85813296,0.63404053,0.8502488,0.7224317,0.83650523,0.69847226,0.9015752,0.6916414,0.8939516,0.6883585,0.8444867,0.76589864,0.83645594,0.7717312,0.87493366,0.9141897,0.8664509,0.90863127
0.8213542,0.5318853,0.82308733,0.5152426,0.8197858,0.521089,0.83548385,0.49236733,0.8305816,0.5010433,0.8641119,0.5305673,0.8521552,0.5326769,0.88420403,0.66081446,0.8572361,0.6361432,0.84922945,0.7292942,0.834935,0.7046757,0.9008074,0.69077605,0.8934404,0.68648493,0.84451336,0.77391744,0.8365365,0.77684283,0.8752106,0.91793805,0.86744213,0.90873015
0.81574816,0.5365575,0.81745404,0.52106214,0.81404495,0.52529734,0.8295973,0.49732703,0.8249815,0.50231296,0.85795575,0.5341891,0.8479449,0.52995044,0.8782489,0.6615579,0.8559638,0.62957454,0.8454656,0.73193955,0.8335044,0.71015245,0.89791024,0.6923106,0.8918263,0.685544,0.8440968,0.7867542,0.836034,0.7816675,0.8765015,0.92274415,0.8684525,0.90275973
0.81343126,0.55081296,0.8138299,0.53519464,0.81247646,0.5379884,0.8241518,0.5180186,0.8264664,0.52047366,0.8528566,0.54879874,0.8483864,0.54545,0.86857396,0.667561,0.8551795,0.6538985,0.8406703,0.7471702,0.8305233,0.7129025,0.90193176,0.68481183,0.89687264,0.6810774,0.84439415,0.774182,0.84207165,0.769391,0.8729402,0.91850376,0.8672644,0.9030003
0.80790657,0.5569409,0.80889577,0.5410231,0.8063632,0.54413736,0.8205554,0.52551067,0.81917125,0.5288675,0.85047406,0.5568546,0.8415635,0.5558143,0.8635066,0.67566216,0.84869736,0.66404676,0.8344204,0.75016904,0.82796013,0.713097,0.90336293,0.67993546,0.89520943,0.67796195,0.847208,0.77132756,0.8444905,0.7683187,0.8685376,0.9143836,0.86464673,0.90000373
0.80223274,0.56873167,0.803473,0.5535914,0.8007655,0.5590556,0.81652623,0.5266977,0.81138486,0.53495175,0.84477997,0.558989,0.8367279,0.5578736,0.8531942,0.68714356,0.84071237,0.66326624,0.83187646,0.76493686,0.824511,0.73375034,0.89753884,0.6934483,0.8916789,0.69049203,0.84309596,0.7845673,0.8384442,0.77999514,0.87783146,0.92326504,0.8711734,0.90313554
0.7935349,0.57599646,0.7947275,0.5612472,0.79295,0.5653169,0.8092252,0.53779846,0.80521756,0.5431179,0.83942664,0.5726796,0.83218974,0.5678357,0.8500827,0.7030795,0.8337421,0.6734268,0.8262804,0.78568363,0.8161785,0.7480627,0.89648086,0.6899005,0.89107054,0.6855052,0.84464973,0.7783328,0.84088963,0.7741647,0.8755607,0.92061776,0.869979,0.9032888
0.7899718,0.5778485,0.79170513,0.56361455,0.7889947,0.5657304,0.80633205,0.5437751,0.79995656,0.54426724,0.835031,0.5853053,0.82887214,0.57038563,0.84314233,0.7236153,0.83035135,0.67433935,0.81623715,0.8017175,0.8101267,0.7488996,0.8957076,0.690203,0.8905266,0.68170756,0.8433296,0.77632326,0.83962595,0.767467,0.8729172,0.92008454,0.8679989,0.9007125
0.78670657,0.59527314,0.787229,0.58046114,0.7862454,0.58393294,0.8001694,0.5542087,0.79826766,0.5578883,0.83007854,0.5873591,0.8282176,0.5756387,0.8422794,0.7303123,0.8279112,0.67977035,0.8133666,0.8351879,0.805985,0.7614816,0.89396936,0.68670106,0.89201623,0.6805063,0.838768,0.7647229,0.84048253,0.7638584,0.87220746,0.92089546,0.8697402,0.9071096
0.77796006,0.6049206,0.7786528,0.590466,0.77768296,0.5929922,0.7921977,0.5662121,0.78892225,0.5680822,0.8237077,0.5996095,0.8192941,0.587956,0.8362827,0.74539596,0.82041353,0.69812036,0.8060622,0.84491765,0.8034062,0.77586764,0.8937972,0.6816943,0.88966304,0.6760712,0.84074813,0.7716811,0.84,0.7693718,0.8751896,0.92432606,0.87115955,0.9083647
0.77437156,0.6170553,0.7743079,0.6022797,0.77395463,0.6047999,0.78568596,0.57761633,0.7852101,0.5799231,0.8156814,0.6019571,0.81014043,0.59266496,0.8297731,0.740031,0.8124108,0.6881441,0.80109614,0.83852756,0.79737025,0.7656559,0.8842562,0.68459684,0.8803334,0.68205374,0.84194225,0.7852116,0.83808595,0.78581464,0.8736585,0.9297577,0.86585516,0.914193
0.7717722,0.6339481,0.77256966,0.61876994,0.76992565,0.62213403,0.7851361,0.59074163,0.7779218,0.59452415,0.8135031,0.6101914,0.80440915,0.59586614,0.8279889,0.7554361,0.8053948,0.68099827,0.79713994,0.85570866,0.78852093,0.7687505,0.8837949,0.67625844,0.877637,0.67299217,0.8377622,0.78480875,0.8344073,0.7881599,0.8735863,0.93088853,0.86634725,0.92154664
0.7680726,0.64380187,0.76857847,0.6291706,0.7654852,0.6326981,0.7798951,0.60028446,0.7715156,0.6051611,0.80705196,0.6120429,0.79921365,0.60233206,0.8198003,0.74843484,0.7999641,0.68936497,0.79868317,0.8365622,0.78484124,0.7618107,0.8825409,0.66600615,0.87647074,0.6652209,0.8360505,0.7763943,0.83084977,0.7798954,0.868391,0.9303754,0.85790414,0.92000777
0.7591083,0.6579514,0.7585451,0.64512897,0.7588134,0.64723825,0.7685271,0.6147204,0.76857203,0.6150252,0.79753745,0.6231216,0.7950171,0.60884225,0.80625165,0.7910742,0.79373986,0.7233858,0.77988493,0.8885418,0.77608633,0.79617524,0.8829231,0.66988784,0.8807279,0.66880083,0.8299861,0.7839997,0.8306741,0.7880537,0.870667,0.9410399,0.86772794,0.93144554
0.75497556,0.6652341,0.75486046,0.6529106,0.75508475,0.65429676,0.7660008,0.6230523,0.76594436,0.62123036,0.7941251,0.63212794,0.7928819,0.61592215,0.80013716,0.80615354,0.7896739,0.74018633,0.77065855,0.9132656,0.767162,0.8354521,0.88007957,0.6739891,0.8788481,0.67203254,0.8257397,0.7935682,0.82780594,0.7965488,0.8688998,0.9485279,0.86866677,0.9390046
0.75124407,0.6696887,0.7513937,0.65769714,0.7505641,0.6596539,0.76242197,0.63059884,0.75914747,0.63086444,0.7885348,0.63522345,0.7851526,0.6239562,0.7964078,0.775913,0.7828293,0.73086846,0.76849246,0.841088,0.7574365,0.80715805,0.8694355,0.6636726,0.8663136,0.66282696,0.82060355,0.80082864,0.81827176,0.8023531,0.865712,0.93917966,0.86179274,0.92920804
0.7460259,0.67497176,0.74662745,0.6617604,0.7447043,0.6649993,0.75881237,0.6369109,0.7522819,0.6404887,0.7857654,0.6496707,0.7782907,0.63881403,0.7937367,0.805636,0.77242595,0.7559986,0.7681455,0.9059834,0.74648094,0.86325943,0.86594886,0.675747,0.8602666,0.67504,0.81580335,0.8126637,0.8109843,0.81387687,0.86455965,0.94912475,0.8576808,0.9354399
0.74394435,0.70738745,0.7431637,0.6959301,0.7441323,0.69662833,0.7500834,0.6626611,0.7518026,0.65997136,0.7736474,0.66572875,0.77721685,0.6412236,0.76748997,0.8459897,0.76364505,0.7637078,0.7409122,0.9697786,0.7343383,0.8780702,0.86805433,0.67408377,0.86944383,0.67014027,0.807621,0.81497806,0.8094263,0.8158086,0.8661839,0.9429296,0.8615028,0.9290379
0.7353922,0.718968,0.7360192,0.70474946,0.7343908,0.7085638,0.7449471,0.6670988,0.73822004,0.6709948,0.77038664,0.6745088,0.76071674,0.66132534,0.7645411,0.8531614,0.7505283,0.7919641,0.73559016,0.9345539,0.72104067,0.8819914,0.8590247,0.69144964,0.8505854,0.69300807,0.80419266,0.82827944,0.79504555,0.8359916,0.8746336,0.9175143,0.85762376,0.92156506
0.731094,0.7427621,0.73022765,0.7287486,0.7304674,0.73397774,0.735933,0.68621397,0.73255235,0.6938191,0.76571196,0.6826565,0.750451,0.68523514,0.775268,0.8443127,0.74002326,0.81338507,0.7516238,0.9457225,0.70471615,0.92166644,0.8557933,0.7027143,0.8463085,0.7115498,0.799591,0.8307043,0.79497975,0.84317774,0.8715636,0.9103829,0.86742496,0.91564846
0.72664255,0.7514975,0.72480595,0.7370945,0.72489256,0.7461605,0.72778744,0.69797486,0.72473806,0.7149196,0.7529425,0.68224204,0.7411386,0.70878345,0.775201,0.8169049,0.7346616,0.8331184,0.75837934,0.89390177,0.6973757,0.9199287,0.8368775,0.6971525,0.8307604,0.718055,0.7901025,0.82559794,0.78908914,0.857728,0.85921806,0.91455984,0.85858375,0.93574846
0.70842046,0.76654726,0.7073515,0.7541943,0.7076015,0.7568141,0.7138859,0.7186058,0.7127119,0.72019607,0.74178916,0.7179442,0.7364727,0.7048197,0.74106723,0.9115737,0.7306649,0.8499765,0.6956672,1.0,0.68760943,0.9534595,0.8373119,0.71422714,0.8327098,0.7167658,0.7957403,0.8506216,0.7913443,0.8590545,0.8601329,0.9221797,0.85348,0.926508
0.696701,0.7983003,0.6956532,0.7835878,0.69599485,0.7871046,0.7042069,0.7443936,0.70342654,0.7491321,0.73547333,0.74756765,0.7293195,0.73722845,0.74650496,0.92745394,0.7277332,0.8743533,0.72182244,1.0,0.68964404,0.98749304,0.8273959,0.74404,0.82422894,0.74745697,0.7897274,0.86774147,0.7878504,0.87290186,0.85315114,0.9065447,0.84858894,0.9066512
0.6962131,0.832037,0.69355744,0.81629825,0.69400275,0.8213364,0.69795746,0.76996475,0.6968184,0.78096646,0.7255406,0.7611967,0.7204388,0.75823814,0.73910904,0.9161807,0.7241206,0.8811337,0.7255444,0.9807011,0.6970704,0.97536296,0.8107975,0.74470633,0.8092244,0.75213814,0.78723556,0.8854227,0.7925207,0.8884231,0.8427271,0.9124787,0.84486055,0.90290034
0.687317,0.86657166,0.6840397,0.85723823,0.6840928,0.859398,0.6878803,0.8212546,0.68382716,0.82721525,0.7140195,0.8001516,0.7034754,0.7908239,0.7341419,0.94998205,0.72016764,0.9065121,0.72404003,0.9710976,0.7074308,0.9623369,0.80104,0.7514231,0.79476434,0.7609734,0.8111124,0.91541326,0.80959004,0.91487426,0.85824394,0.90893495,0.8555126,0.8942564
0.674829,0.85816604,0.6714136,0.8458887,0.6692005,0.8524853,0.67532295,0.81800485,0.665721,0.83484846,0.7019059,0.81215316,0.6910904,0.8148021,0.7265522,0.95601904,0.7169859,0.9246397,0.71431464,0.9771613,0.7109658,0.96069014,0.7937142,0.7643844,0.78632337,0.7799689,0.81374496,0.91901106,0.8097729,0.924415,0.86452514,0.911045,0.85623926,0.8979882
0.6605119,0.88536197,0.6571571,0.8681096,0.65308774,0.8776699,0.6632019,0.8257612,0.65162003,0.85100406,0.69358486,0.8227448,0.6863523,0.8333741,0.7171912,0.9667992,0.715827,0.9429984,0.70741194,0.97231627,0.7063215,0.9556012,0.79357356,0.8022727,0.7896585,0.82081985,0.8128501,0.9378714,0.8143183,0.94404125,0.8621173,0.89356524,0.8585227,0.87844235
0.6485519,0.9141823,0.6443034,0.8971005,0.64252186,0.90463144,0.65035003,0.85643876,0.64505345,0.87755233,0.68591684,0.8495335,0.6822123,0.86330605,0.7314148,0.9436889,0.7294077,0.9365376,0.7347102,0.96973324,0.7276098,0.95657235,0.78801054,0.83631456,0.7866395,0.8568678,0.83043814,0.9381469,0.8242958,0.94475377,0.87124676,0.89736855,0.8612218,0.89072436
0.0629054,0.58002543,0.058983695,0.5689624,0.064210385,0.5716937,0.043725412,0.5580418,0.06823219,0.56376415,0.033685073,0.57886434,0.07332434,0.5818829,0.012998462,0.6272799,0.098108225,0.60154617,0.0091354875,0.66692746,0.11682522,0.60646,0.03926889,0.7405769,0.063205354,0.7429018,0.025320215,0.84335876,0.054279704,0.8482355,0.013999015,0.9279253,0.04743607,0.9346775
0.6430319,0.9720658,0.6393015,0.9577884,0.6391579,0.96668655,0.6489625,0.9179331,0.6463167,0.9404796,0.6900516,0.8982212,0.67576694,0.8998014,0.7468085,0.95471394,0.69126433,0.9171416,0.7663871,0.96189517,0.66619986,0.9342567,0.7724592,0.86111593,0.76700413,0.87283546,0.8029218,0.971048,0.7963504,0.97073627,0.8464325,0.91404784,0.83590597,0.90648556
0.0570813,0.5693278,0.054717746,0.5594761,0.059006598,0.56194496,0.04330721,0.5543253,0.06464192,0.55768186,0.03476444,0.58253634,0.06946469,0.58540094,0.01871638,0.6349208,0.10686959,0.60128874,0.018274676,0.68696547,0.14293164,0.5957469,0.03892511,0.75232816,0.05815798,0.7564217,0.025346024,0.86270964,0.04624711,0.8742559,0.022139398,0.93244237,0.04672636,0.95005786
0.04874001,0.5611892,0.0462627,0.54817736,0.051362675,0.5498688,0.039594885,0.5340213,0.06174938,0.5382256,0.033569485,0.5696847,0.07055569,0.56919736,0.01459825,0.63244355,0.08970975,0.614685,0.01946496,0.67467755,0.10611576,0.6297344,0.037922043,0.74744177,0.061032355,0.745338,0.02485253,0.84895855,0.045160573,0.84692925,0.018580351,0.92703325,0.031506386,0.92535585
0.061133858,0.5234673,0.05776614,0.5140017,0.06296209,0.5151623,0.043127563,0.52139926,0.067885414,0.52416575,0.03357819,0.5672027,0.070667185,0.5665587,0.011673832,0.63228184,0.09652907,0.5977965,0.007195774,0.67355025,0.122518204,0.5900967,0.03509329,0.7417884,0.055473775,0.7418941,0.024439443,0.8555386,0.041293103,0.86034393,0.011401392,0.93506014,0.025372282,0.94331926
0.7766139,0.39382395,0.78040534,0.38463032,0.77414596,0.3848865,0.78763074,0.38958588,0.77145857,0.39061475,0.7958123,0.44373366,0.76799464,0.44527748,0.8019702,0.5148185,0.7644326,0.51399165,0.7996193,0.5835316,0.76224643,0.5736504,0.79106134,0.5786086,0.7731298,0.5785765,0.7927473,0.6801765,0.771494,0.67951566,0.7961703,0.7787168,0.7752048,0.77620316
0.7755907,0.3939312,0.77939075,0.38482514,0.77330685,0.38500288,0.7868528,0.38970098,0.7710003,0.3905748,0.79536235,0.44364014,0.76755077,0.4451591,0.8016753,0.51420563,0.76380503,0.5139193,0.7992513,0.5816872,0.7618373,0.57356113,0.7906379,0.5790015,0.7727581,0.57891303,0.7925997,0.68050987,0.7715842,0.679815,0.79614604,0.77911973,0.7756037,0.7763174
0.7746944,0.39443272,0.77840954,0.3854,0.7724792,0.385586,0.78579324,0.38972998,0.7702765,0.39060017,0.794612,0.44264042,0.7666736,0.44437292,0.8014373,0.51246643,0.7628483,0.5129461,0.7992856,0.57968014,0.76116997,0.57256585,0.79015356,0.57796025,0.7722427,0.5780482,0.79252046,0.67993844,0.7716355,0.67944056,0.7961276,0.77902395,0.77592987,0.77637863
0.7747722,0.39432898,0.7784218,0.38530937,0.7723825,0.38556275,0.78546256,0.38984516,0.7697928,0.39083704,0.794042,0.4425938,0.7660611,0.44480446,0.8011694,0.5114795,0.7621662,0.5134105,0.79922676,0.5771878,0.7604794,0.57288164,0.790054,0.577291,0.7720721,0.57776105,0.7927467,0.6795905,0.7715655,0.6794382,0.796484,0.77934057,0.77571005,0.7772797
0.77390087,0.39466467,0.77750045,0.38567153,0.7715951,0.38600022,0.7846477,0.3899301,0.7692511,0.3911704,0.79357004,0.4421586,0.7656634,0.44482923,0.80099803,0.510455,0.76178926,0.51358014,0.79916376,0.57591087,0.76014954,0.57370436,0.78977734,0.5770916,0.771848,0.577692,0.7926621,0.679634,0.77134174,0.6795877,0.79646486,0.7797417,0.7754693,0.777749
0.7743029,0.39609835,0.7778346,0.3871379,0.77183974,0.38744,0.7846022,0.39093396,0.7690348,0.391984,0.7932216,0.44206122,0.7648966,0.4447092,0.8008815,0.5093305,0.76036644,0.5131719,0.79946285,0.57356733,0.7591019,0.5740695,0.78961337,0.57679313,0.7713915,0.57757115,0.7930128,0.6801358,0.7712038,0.68022,0.79646033,0.7809597,0.7750165,0.7793315
0.7741806,0.39753023,0.77768403,0.388545,0.7716412,0.38885486,0.7843541,0.39159897,0.7686747,0.39263028,0.79290575,0.44148144,0.7643802,0.44425008,0.8008022,0.5078704,0.7594569,0.51243097,0.7999693,0.57187706,0.75789815,0.5745119,0.78942436,0.57617545,0.7711099,0.57705253,0.79297143,0.6800687,0.77110183,0.68020636,0.7961403,0.7810617,0.77466244,0.77959484
0.77409434,0.39711106,0.777636,0.38805878,0.7714448,0.38835028,0.784234,0.39117014,0.7682744,0.3921312,0.79261154,0.44117168,0.7639165,0.44403097,0.80061865,0.50758165,0.7590675,0.5127293,0.8004045,0.572964,0.7573135,0.5769048,0.78925586,0.5759074,0.77087826,0.57689714,0.79279774,0.6798109,0.7711712,0.68000865,0.79577965,0.7806824,0.774795,0.7793583
0.7739174,0.39722973,0.7774803,0.38804704,0.7711138,0.3884515,0.78403085,0.3912913,0.76772064,0.3925388,0.7923098,0.44150093,0.76346153,0.44499618,0.80051565,0.50754863,0.7588133,0.5141159,0.80077076,0.57357013,0.7568907,0.57910186,0.7893044,0.57589805,0.7708581,0.5772417,0.7925655,0.67929465,0.7711497,0.6798241,0.7952358,0.77881575,0.7746712,0.7780157
0.77341425,0.3969681,0.7769965,0.38769636,0.7705969,0.38815093,0.78362316,0.3906454,0.76726395,0.39203653,0.79206824,0.44071183,0.7630932,0.44433004,0.8003666,0.50734407,0.7585065,0.5138677,0.80092794,0.5750822,0.7562743,0.57996356,0.78896105,0.5747667,0.77053976,0.5761151,0.7917871,0.6785867,0.7709941,0.6791241,0.79407305,0.7786276,0.77469444,0.77783376
0.772602,0.39674875,0.7762075,0.3874061,0.76982826,0.3879186,0.7830578,0.3899769,0.7667343,0.3915582,0.7918098,0.43981355,0.76279014,0.44357333,0.8002562,0.506674,0.7582455,0.5134233,0.8011899,0.5753095,0.7561053,0.580438,0.7886215,0.5743223,0.7703034,0.5756162,0.79110396,0.6786887,0.7711597,0.679135,0.79290384,0.7790569,0.77508664,0.7780463
0.7727284,0.3971977,0.7762747,0.38778242,0.7698101,0.3883792,0.7828551,0.39018524,0.7663919,0.39188546,0.7915362,0.43982953,0.76220447,0.44366038,0.80020964,0.50695086,0.7578553,0.51338696,0.80110025,0.5767567,0.7559789,0.5800928,0.7881499,0.57315534,0.7697604,0.57455605,0.78972316,0.6771,0.7707376,0.6777252,0.7906243,0.7767345,0.77487326,0.77620995
0.7729757,0.39812946,0.7763807,0.38854787,0.76991016,0.3893874,0.78269845,0.39038387,0.76620823,0.39261445,0.7915069,0.43952638,0.7620402,0.44398683,0.80039036,0.5070306,0.757817,0.51395124,0.8012442,0.5781931,0.7556894,0.58029205,0.7885391,0.5726147,0.7701304,0.57438797,0.7893263,0.67697585,0.7706732,0.67803586,0.789772,0.7774726,0.7746933,0.77771974
0.77266777,0.39771178,0.77612835,0.38807812,0.7695834,0.3888855,0.7825636,0.38992026,0.7659074,0.39206794,0.7913956,0.43922332,0.7617424,0.4435863,0.80033904,0.50686926,0.7574115,0.5138911,0.8013512,0.5777241,0.7557451,0.5806477,0.78840965,0.57293874,0.7699366,0.57465345,0.7890788,0.6778213,0.77083814,0.67878,0.7890732,0.7788658,0.7749185,0.77893376
0.7723214,0.39736757,0.77568686,0.38743663,0.76924944,0.38866183,0.78205466,0.38825253,0.76569235,0.3917529,0.7917142,0.43868697,0.76107705,0.4446952,0.8002512,0.5067834,0.75650334,0.51453704,0.80061334,0.5796583,0.7553061,0.5782872,0.7891612,0.5720264,0.77017456,0.57451564,0.7899255,0.67745835,0.7714082,0.6787741,0.79066485,0.77851367,0.7752881,0.7791187
0.77255386,0.39685455,0.7759478,0.38696912,0.76951265,0.3880947,0.78231126,0.38776457,0.7658505,0.39089936,0.791675,0.4383463,0.7607445,0.443793,0.7997854,0.50650877,0.7554159,0.51320636,0.800939,0.58031917,0.7549421,0.577081,0.7888767,0.57274747,0.7697812,0.57510734,0.7894524,0.67846125,0.7713261,0.679737,0.7897207,0.77998304,0.77521276,0.780498
0.7731516,0.39672023,0.77651185,0.38689992,0.77016324,0.38791433,0.78271514,0.38766375,0.76632416,0.39038295,0.79174894,0.4384978,0.7605869,0.4431847,0.799583,0.5074904,0.7547122,0.5120175,0.800806,0.58339983,0.75476354,0.5753864,0.7884074,0.5733657,0.7693107,0.5756029,0.78858197,0.67918354,0.77161163,0.68056506,0.7884027,0.7807211,0.77600926,0.78142196
0.7732906,0.39538503,0.77671164,0.3855747,0.77024716,0.3865428,0.7829403,0.3869205,0.7663327,0.38955787,0.7919496,0.43860433,0.76063806,0.44300267,0.7999709,0.50781345,0.7546117,0.5116056,0.80091685,0.58195937,0.75430834,0.57394713,0.78834426,0.5736827,0.7691612,0.57568383,0.7883313,0.68009585,0.7714788,0.6811936,0.78796464,0.78174645,0.7758979,0.7821851
0.7731671,0.39435402,0.7766711,0.3844669,0.770081,0.38542423,0.7830183,0.386236,0.76617026,0.38891673,0.7921621,0.43888125,0.7607253,0.44307357,0.8004142,0.5089493,0.7548428,0.51167417,0.80080605,0.5829824,0.7541303,0.5732183,0.7882676,0.57412684,0.7690254,0.57590985,0.78802,0.6811659,0.7714607,0.68202513,0.7876332,0.78285736,0.77619326,0.7829998
0.77219856,0.39315465,0.7757792,0.38299277,0.76906604,0.38371712,0.78258497,0.3849515,0.76556146,0.38744175,0.7930636,0.4391905,0.76070404,0.4428718,0.80241174,0.5100892,0.75470734,0.51280785,0.8003767,0.5817,0.75396204,0.57668966,0.78861594,0.5759661,0.76884717,0.57705003,0.7866117,0.6816384,0.77127314,0.68149203,0.78373563,0.78159934,0.77515143,0.78026104
0.7724078,0.39223453,0.7760879,0.38209027,0.7693659,0.38273436,0.7831475,0.38442856,0.7659618,0.3867111,0.7934108,0.4389376,0.7608877,0.44267368,0.80241853,0.5092544,0.7544204,0.5131167,0.79979396,0.57939607,0.7538174,0.57838607,0.78874373,0.5762791,0.76875675,0.5773218,0.7865223,0.6801953,0.7703672,0.68000644,0.7843151,0.77767986,0.77462417,0.77626705
0.772824,0.38950986,0.77657443,0.37947097,0.7699703,0.3797433,0.7836341,0.38248315,0.7666103,0.3837279,0.79360855,0.43833932,0.7610747,0.44072643,0.80270404,0.5103569,0.75473946,0.5114871,0.80011666,0.5836497,0.7536313,0.57722914,0.7881179,0.57763153,0.7681498,0.5781902,0.78558743,0.6829645,0.769823,0.68255633,0.78453416,0.7814444,0.774954,0.7797143
0.7726742,0.38709566,0.7763731,0.3771645,0.7698702,0.37734982,0.7833156,0.38048407,0.7664858,0.3814839,0.79348534,0.43679714,0.76071066,0.43868023,0.8029788,0.51019055,0.7544958,0.5097387,0.80017585,0.58415025,0.75318,0.57407075,0.78767484,0.5766533,0.7674663,0.57701176,0.7855326,0.68296826,0.7689259,0.68247384,0.78507805,0.7822794,0.77405125,0.7804807
0.7734774,0.38426217,0.7771464,0.3744507,0.7707501,0.37441236,0.7838274,0.3780707,0.7671913,0.37841442,0.79371613,0.43547678,0.7608378,0.43577954,0.8028617,0.5111508,0.7544239,0.505952,0.7994284,0.5878626,0.75280017,0.5692935,0.7869074,0.5766739,0.76666564,0.57639074,0.7845477,0.68460405,0.7681756,0.68365705,0.7844381,0.7851019,0.7737624,0.7829442
0.7723165,0.37947753,0.7760795,0.36980307,0.76993066,0.36969918,0.7833514,0.37418818,0.76727813,0.37458423,0.79394764,0.43330735,0.76129204,0.43357286,0.80327654,0.50928193,0.75469315,0.5040404,0.79912585,0.5862051,0.7523607,0.5687891,0.7865445,0.5754699,0.76643735,0.5747676,0.7836668,0.68291986,0.76704574,0.68153983,0.7840499,0.78460026,0.7729046,0.78179365
0.7743002,0.37774208,0.77786547,0.3675294,0.7712776,0.36805472,0.784471,0.37059277,0.7671267,0.37217414,0.79446477,0.42934895,0.7613169,0.42964607,0.80362463,0.50953054,0.7556818,0.50065917,0.7987839,0.59046215,0.75167084,0.5622514,0.78685653,0.5736339,0.766264,0.57294923,0.7844055,0.68291706,0.76569694,0.68192756,0.78567976,0.7852407,0.7713729,0.7835737
0.7753462,0.37645975,0.77882,0.36608475,0.77191263,0.36671638,0.7848674,0.3691819,0.7668632,0.37078846,0.79422134,0.42826566,0.76069707,0.4280928,0.8032667,0.509638,0.754952,0.49876988,0.7988743,0.59115726,0.751536,0.5577089,0.7865855,0.5733599,0.76557744,0.57265943,0.7839884,0.6848054,0.76406807,0.68391055,0.78416806,0.78923774,0.7677711,0.7881524
0.7756698,0.3761803,0.7787411,0.3659129,0.7720873,0.36676994,0.7841818,0.36902067,0.766554,0.370763,0.79338783,0.42732406,0.7597919,0.4270545,0.80308455,0.50839126,0.75259763,0.4987024,0.798914,0.5874257,0.7490675,0.5574999,0.7861139,0.57493037,0.7648633,0.57427716,0.78376323,0.6873787,0.76197237,0.68666106,0.7826641,0.7950318,0.7640025,0.7946387
0.77610743,0.3760986,0.7788647,0.36604473,0.7727091,0.36679542,0.7838525,0.36905253,0.76721126,0.37041792,0.7932653,0.42646563,0.75941193,0.4262693,0.80289537,0.507005,0.75089437,0.49994725,0.79902107,0.5852388,0.74638045,0.56389546,0.7856025,0.5734273,0.76420945,0.5728743,0.7841515,0.68644124,0.7614337,0.68598145,0.78232443,0.79655933,0.7621626,0.79654515
0.7746448,0.37880945,0.77394325,0.36734658,0.7737156,0.367589,0.7664659,0.36850175,0.780221,0.37064725,0.75751317,0.4232714,0.79090875,0.42727035,0.7477299,0.5036831,0.8022051,0.5121085,0.744041,0.57045597,0.7973888,0.5834431,0.7622059,0.57038045,0.7841581,0.57184803,0.76103544,0.68712693,0.78240836,0.6886033,0.7622133,0.7995648,0.78124714,0.8014343
0.77222896,0.37915817,0.7715751,0.36728504,0.77154315,0.3676131,0.76460063,0.36970878,0.78135866,0.37037703,0.7563391,0.42538893,0.79177815,0.42616236,0.7480113,0.5060428,0.79957545,0.51108074,0.74525195,0.5757502,0.7934485,0.5805439,0.76045525,0.5721544,0.7841129,0.5716854,0.760289,0.6883829,0.78164595,0.6879407,0.7618312,0.8030779,0.781493,0.80314803
0.7708175,0.38265163,0.7701821,0.37128767,0.77107656,0.37143418,0.76362365,0.37251857,0.7816841,0.37439534,0.7552179,0.42474782,0.79130876,0.4288014,0.7460994,0.5026526,0.8006633,0.51002395,0.7423771,0.56942475,0.7921478,0.5776136,0.7589379,0.5749061,0.7828976,0.5765436,0.759453,0.6907234,0.78232497,0.6930059,0.7606817,0.8034376,0.78183335,0.8060877
0.7718528,0.38760749,0.7709578,0.37576568,0.77144164,0.37656218,0.7634,0.37606975,0.78153974,0.3784686,0.7550394,0.42885363,0.7914838,0.43143663,0.7452218,0.50768805,0.8007103,0.5108287,0.74069643,0.57834655,0.79249734,0.57303965,0.7597377,0.5789148,0.78397256,0.5793904,0.760191,0.69662416,0.78281975,0.6974537,0.7613849,0.8069316,0.78262496,0.8090857
0.76392794,0.3832141,0.76404184,0.37174353,0.76511717,0.37178066,0.76164955,0.37630236,0.7816184,0.37606904,0.7549558,0.43403164,0.79242706,0.43285155,0.7456775,0.51438403,0.8011859,0.510827,0.73935115,0.5836142,0.79010516,0.5699843,0.75966805,0.5836666,0.78432673,0.5824736,0.7605746,0.69853294,0.78285474,0.6989626,0.7621646,0.8080751,0.78268814,0.80817735
0.7679123,0.39067143,0.7675074,0.37927824,0.76831466,0.37980914,0.7621307,0.38356212,0.782048,0.38433248,0.75403637,0.44018596,0.79183483,0.43934205,0.744746,0.52022886,0.8008335,0.5135255,0.7395904,0.5863702,0.7886798,0.56410074,0.75835097,0.5860552,0.78320205,0.5853674,0.7608389,0.7000289,0.78266287,0.70077914,0.76183796,0.80841947,0.7814593,0.80996656
0.7595404,0.39904138,0.7603367,0.38833252,0.7613432,0.3878968,0.761033,0.39432737,0.78003544,0.39228868,0.7540163,0.45046586,0.79097605,0.44493222,0.7442233,0.5286387,0.8001935,0.5093425,0.7410724,0.5901155,0.7849705,0.55574936,0.7583767,0.59244794,0.7824282,0.5903846,0.76217955,0.69968444,0.7815324,0.7003764,0.76408273,0.80940247,0.780148,0.80805516
0.7599706,0.4152223,0.76046807,0.40458453,0.76171315,0.40436268,0.76058036,0.40745032,0.77940077,0.40572748,0.75361484,0.45832267,0.7901477,0.45219976,0.7424578,0.5349738,0.80046713,0.51159424,0.74024457,0.59478873,0.78780353,0.5516907,0.7589979,0.5967094,0.7826902,0.594683,0.76379126,0.6992718,0.7833156,0.6997331,0.76392424,0.8015172,0.7798889,0.7997498
0.7612815,0.42962518,0.7616483,0.41876948,0.7629787,0.41897902,0.7608401,0.4200213,0.7802486,0.41888833,0.75305897,0.46922475,0.7906221,0.46195012,0.74179804,0.5495182,0.80096287,0.5170817,0.74020284,0.61920786,0.7883653,0.5559374,0.75833267,0.6022684,0.7827135,0.60019064,0.76399904,0.6967743,0.78374547,0.6971552,0.7639566,0.79180914,0.7798973,0.7903624
0.76170605,0.4522669,0.7641515,0.44417152,0.7617259,0.4432608,0.77270293,0.44224328,0.7629475,0.44074562,0.7866879,0.47736114,0.7550003,0.479283,0.79810023,0.52859336,0.74194926,0.55061615,0.79153115,0.5610634,0.74312127,0.63609874,0.78029776,0.6044186,0.7602156,0.6030571,0.78843284,0.6934473,0.7630189,0.69070536,0.7845153,0.781814,0.7627434,0.7759682
0.7690682,0.48575732,0.77201647,0.4757827,0.76688737,0.4746268,0.77843446,0.464933,0.76332074,0.46265334,0.7892737,0.4851721,0.75172496,0.4909613,0.79939264,0.53717995,0.74307084,0.5759953,0.7905832,0.5627794,0.75021404,0.6689191,0.78091013,0.6002521,0.757221,0.60212624,0.7906681,0.6918214,0.76644367,0.69186836,0.7788903,0.78588486,0.7657301,0.78464234
0.77061623,0.50954986,0.7733997,0.49787498,0.7671255,0.49898887,0.7794594,0.4825877,0.76190114,0.4857372,0.7892412,0.5010671,0.75114125,0.51226467,0.79815906,0.5601659,0.74325913,0.5983377,0.79116315,0.6122676,0.75215864,0.6909691,0.783262,0.6146444,0.75936186,0.6200398,0.79204434,0.69820553,0.7677457,0.7019753,0.77966005,0.79327434,0.76906425,0.7981415
0.77779144,0.5407959,0.7805273,0.52878374,0.77409023,0.5298244,0.78526556,0.5133647,0.76622665,0.5153846,0.79149795,0.52618635,0.7514574,0.54039603,0.79971635,0.57856447,0.7437548,0.6249442,0.79282606,0.62110174,0.75512475,0.7025109,0.7848306,0.6319175,0.75867164,0.64064056,0.79459304,0.6953023,0.7664345,0.704675,0.78435045,0.79398835,0.7671256,0.80723375
0.7824288,0.5759477,0.78461677,0.5629675,0.7787406,0.5635745,0.78780735,0.5423811,0.7702083,0.54296345,0.7909712,0.5480683,0.7522064,0.5581829,0.798297,0.6118704,0.7453273,0.64806366,0.79691434,0.66383904,0.7577313,0.7214807,0.7796044,0.63636214,0.75435627,0.64448994,0.79407483,0.7122151,0.76738495,0.7213124,0.7819378,0.80527693,0.7653336,0.8192536
0.78209317,0.5980653,0.7853653,0.58541614,0.77836305,0.5859472,0.7903524,0.5686065,0.7703072,0.56900173,0.7905558,0.57845956,0.7523442,0.5884402,0.7943184,0.65622675,0.74565375,0.6912571,0.79451096,0.7127876,0.76254857,0.7758069,0.7775443,0.64683205,0.7523922,0.6552116,0.7893813,0.7211145,0.7654298,0.7309937,0.78772604,0.8128,0.7739677,0.8275444
0.7807084,0.63539255,0.7844739,0.62017983,0.7757692,0.6219747,0.7911978,0.59706396,0.7673918,0.601313,0.7959391,0.59842116,0.75136346,0.6142085,0.8006636,0.6831353,0.7470098,0.7269357,0.7930085,0.7632585,0.7589611,0.826132,0.7836026,0.6492066,0.754674,0.6586349,0.7902298,0.7389917,0.76103014,0.74920315,0.7792332,0.81893647,0.7674288,0.8348558
0.77664346,0.63602567,0.77879024,0.6263953,0.7737803,0.6281127,0.7837866,0.61110157,0.76892877,0.6147014,0.79347295,0.6104868,0.7564816,0.6154281,0.7979989,0.6642477,0.74600405,0.67507404,0.7943922,0.72759676,0.7521649,0.7461817,0.7823629,0.6596074,0.75734466,0.66186404,0.7925953,0.74113977,0.7610192,0.7432688,0.7878618,0.82108676,0.76162094,0.8243308
0.07032162,0.57986337,0.06585585,0.5713238,0.071888424,0.57207316,0.04993774,0.5607769,0.0733897,0.5658805,0.037925567,0.56668437,0.074951544,0.57395774,0.013929767,0.60385334,0.10383061,0.5883921,0.010629931,0.66702354,0.13702135,0.6016622,0.03574061,0.67197376,0.055395853,0.67527485,0.04120798,0.7912173,0.055029787,0.7958405,0.017239407,0.87842435,0.026307136,0.8866787
0.7732424,0.7851548,0.776993,0.7738508,0.7688874,0.77360696,0.7856781,0.7444642,0.76202494,0.73959804,0.7990803,0.73248136,0.7469424,0.7179833,0.8046355,0.8040047,0.7324593,0.77004164,0.7939913,0.8917115,0.739483,0.83634704,0.7849542,0.7830216,0.74890035,0.7775203,0.7950056,0.90004,0.75390613,0.8945297,0.79153556,0.9911808,0.7599303,0.98283637
0.79279315,0.8615305,0.79745895,0.8439102,0.7870068,0.8413016,0.7914475,0.8264704,0.7668588,0.81934667,0.7852111,0.8484105,0.74222785,0.8510038,0.79916984,0.909953,0.7381839,0.92207843,0.7927279,0.96133685,0.76315916,0.95888364,0.76576525,0.9250519,0.73424906,0.93275124,0.79539967,0.9501987,0.7574512,0.95945776,0.7876639,0.9719242,0.7563724,0.9877424
0.76358193,0.9121044,0.7615406,0.8961274,0.77182263,0.89385706,0.73437685,0.91134083,0.7986193,0.9121832,0.7192948,0.99567366,0.8161318,1.0,0.7257573,0.9797632,0.8143925,0.9982121,0.74172926,0.9742427,0.79210836,0.9910747,0.7429406,1.0,0.80625784,1.0,0.7455607,0.9466915,0.80077404,0.9474551,0.75248736,0.95993024,0.7986728,0.9590416
0.08041461,0.56784225,0.077027,0.55370235,0.080886506,0.55679756,0.05556366,0.5363197,0.077194,0.545737,0.03719611,0.55964696,0.07403838,0.58247405,0.013321242,0.6298142,0.09274472,0.64538604,0.011251765,0.70511305,0.10792988,0.66246253,0.031059464,0.742918,0.053209424,0.7518755,0.024640601,0.86697924,0.046489593,0.87398154,0.017014002,0.9494786,0.040212102,0.9502813
0.0709767,0.53884023,0.06695401,0.52630776,0.07169227,0.52984464,0.04919999,0.5172965,0.0702191,0.5273,0.03488014,0.55976474,0.07359394,0.5691992,0.008604819,0.6170455,0.09359007,0.6077698,0.0072780163,0.6680188,0.1138232,0.6122359,0.03553295,0.7363003,0.058219533,0.7397463,0.02530233,0.83445716,0.042092748,0.8375915,0.02482532,0.92597836,0.031534504,0.9353904
0.07699249,0.55983293,0.07295123,0.5469648,0.077444874,0.5515718,0.05180155,0.5281364,0.07126603,0.54204625,0.037651006,0.5534135,0.07081588,0.56821245,0.011479008,0.61285454,0.08976432,0.6007362,0.0069563123,0.6967247,0.11262959,0.6196057,0.03567459,0.71430945,0.054667246,0.72042674,0.030456293,0.816913,0.04470412,0.8212903,0.02718848,0.8999379,0.03345684,0.91238636
0.07198047,0.52419823,0.06871782,0.5119219,0.07238545,0.51543695,0.05089062,0.50591224,0.069944374,0.51711,0.03574383,0.55101645,0.0710151,0.5661518,0.007855165,0.6121736,0.08536052,0.62109226,0.006218195,0.6560766,0.10596652,0.6302561,0.035009697,0.72373664,0.05562357,0.7298076,0.028771026,0.8219323,0.044595577,0.82716423,0.025521357,0.9066518,0.032195337,0.9187045
0.064585865,0.5208999,0.06248774,0.5084053,0.066877194,0.5113472,0.048008274,0.5087764,0.072285816,0.5158252,0.03551512,0.5521389,0.07281437,0.5687957,0.012291488,0.62446994,0.090060145,0.62530744,0.0113309175,0.6779163,0.104402475,0.6131893,0.035451706,0.73620445,0.057630647,0.7442619,0.027426843,0.86449844,0.04553803,0.8776934,0.026162103,0.94432926,0.044417214,0.9603172
0.0761128,0.52780056,0.07204093,0.51605475,0.07679986,0.51884717,0.049507566,0.514459,0.07406497,0.5224227,0.03310258,0.55032146,0.07395513,0.5673098,0.010914427,0.61269546,0.10551047,0.6034265,0.005744714,0.678075,0.13472159,0.59655684,0.03401367,0.7202812,0.057260692,0.7283889,0.024617482,0.81916374,0.04516935,0.8297884,0.017993057,0.8985655,0.03718016,0.90629643
0.04570123,0.5643246,0.042868894,0.5525974,0.048505064,0.5534477,0.038039763,0.53744805,0.058621146,0.54075134,0.035733845,0.5612049,0.0688935,0.56379336,0.013472596,0.58884025,0.089876436,0.5955361,0.011939931,0.61481184,0.10890178,0.6247254,0.040805764,0.7162527,0.05994695,0.71409863,0.032624688,0.82154214,0.044847544,0.8186168,0.023030618,0.9036829,0.024241716,0.8999779
0.07142097,0.55150235,0.06735056,0.53906816,0.072832115,0.54048556,0.04702545,0.5293687,0.072766,0.53427196,0.03355878,0.5589317,0.07204137,0.5669357,0.010412711,0.62201685,0.08988126,0.60846984,0.010107688,0.67217183,0.108274065,0.6184627,0.034465943,0.7420132,0.05618589,0.7448347,0.026749862,0.8316707,0.04159999,0.83510494,0.013681096,0.92414016,0.02309054,0.928443
0.07202177,0.53943956,0.06841528,0.5278533,0.07317298,0.529989,0.04907493,0.5252019,0.07356872,0.5311573,0.03411867,0.5617755,0.0745591,0.57042974,0.01063664,0.62926525,0.1030036,0.6040662,0.007505381,0.7016071,0.1301917,0.6043706,0.033620615,0.7373515,0.056415346,0.74171287,0.024663193,0.861266,0.04387757,0.86945546,0.014068476,0.9374509,0.031977784,0.94642
0.07255205,0.550451,0.06844258,0.5385351,0.074126,0.54085517,0.04784183,0.5310783,0.07403151,0.53745735,0.033913087,0.56189436,0.072429396,0.5730013,0.01590669,0.6307674,0.08983443,0.6206774,0.018989075,0.7004239,0.10595911,0.6433146,0.034961015,0.7378402,0.05841894,0.7433001,0.02377097,0.85704744,0.04791207,0.8668339,0.01372611,0.9371394,0.039508116,0.94892997
0.079015635,0.5722644,0.07468348,0.5591965,0.0789898,0.563363,0.05403718,0.53874695,0.07266187,0.55353767,0.04073879,0.56219155,0.074571945,0.5825854,0.012917227,0.6062601,0.09095598,0.6257106,0.009497657,0.64741474,0.1054875,0.63989425,0.03500221,0.7230637,0.055310775,0.72945356,0.025289467,0.825032,0.041300863,0.82955617,0.01848873,0.91495955,0.026007427,0.92735064
0.06047641,0.5114465,0.058080435,0.49939448,0.062233675,0.5016275,0.044493433,0.5058812,0.068720594,0.51139015,0.03289793,0.55885065,0.07272761,0.5670092,0.009129084,0.63245386,0.09027193,0.6220325,0.0050375494,0.68824416,0.10452354,0.62998855,0.032523282,0.74279875,0.055984527,0.74632066,0.02524445,0.85109353,0.044553995,0.8603744,0.014482692,0.9369117,0.031728536,0.95010453
0.07359024,0.5388234,0.069983535,0.52573013,0.07453092,0.5295834,0.05037267,0.5139154,0.072401665,0.52675486,0.034541126,0.55330104,0.07317256,0.570104,0.008589399,0.6271672,0.089088,0.6313911,0.0063681873,0.69679385,0.110699944,0.6527639,0.03190987,0.7343899,0.055757422,0.74159145,0.024252882,0.83928746,0.050931226,0.84572035,0.020650432,0.928843,0.043641817,0.94267446
0.07246,0.5516477,0.06798113,0.5405392,0.073433585,0.5418677,0.047733214,0.5343842,0.072223246,0.5390316,0.03458382,0.5620205,0.07312634,0.568542,0.0112531185,0.6232952,0.100631095,0.5997223,0.0073400526,0.68303454,0.12688302,0.6022028,0.037119713,0.7276204,0.05808586,0.729954,0.0267466,0.8231675,0.041903432,0.8260799,0.012015519,0.917219,0.022759737,0.91850936
0.06316614,0.51987374,0.06021116,0.5093422,0.06553371,0.5107665,0.045244087,0.5128268,0.06965783,0.51658356,0.03478722,0.55777514,0.06818654,0.56465775,0.012531901,0.63748235,0.086668424,0.6139718,0.009073252,0.7176562,0.10476097,0.6127896,0.033610407,0.75324583,0.051984787,0.756453,0.026701009,0.89036816,0.039521735,0.8965841,0.020000873,0.9560917,0.030458516,0.960014
0.8761587,0.4403044,0.8823496,0.42313,0.8741233,0.42660022,0.9002364,0.4253806,0.8803858,0.4309898,0.9165227,0.50924814,0.8917982,0.5117812,0.91698503,0.63717335,0.88622695,0.6264294,0.8726597,0.6873191,0.8699749,0.6755031,0.9087534,0.7067059,0.8935154,0.69234884,0.8395163,0.7474972,0.8299121,0.7328453,0.8490896,0.9443416,0.8478404,0.9118567
0.87429565,0.43986303,0.8805317,0.42325565,0.87258446,0.42631507,0.8987709,0.42658317,0.8790142,0.43136668,0.9152295,0.51048225,0.8894709,0.5123481,0.91527474,0.63709444,0.88295984,0.6258466,0.87148696,0.68761957,0.8681966,0.67659265,0.9073405,0.705751,0.89137745,0.6914293,0.8399726,0.7484339,0.8295814,0.7341533,0.8488464,0.9431806,0.84681034,0.91219014
0.8727984,0.4390669,0.8790514,0.42299137,0.8712153,0.4255781,0.89696115,0.4273748,0.87750304,0.4310519,0.91332495,0.5114388,0.8870826,0.5129628,0.91429293,0.6366989,0.88082075,0.62611,0.870523,0.68748635,0.86616534,0.67858803,0.9052758,0.706971,0.88901776,0.6929225,0.8401904,0.7507511,0.8292777,0.73697907,0.8492619,0.9435211,0.8468911,0.9140759
0.8691353,0.43799803,0.8753916,0.42226893,0.86777717,0.42479175,0.89381903,0.4276462,0.87469167,0.43117252,0.911452,0.5116609,0.8853101,0.5136617,0.9135508,0.63537204,0.87954515,0.626003,0.86919767,0.68731916,0.86568165,0.6821852,0.905924,0.70672137,0.88974327,0.69276154,0.8395675,0.74981993,0.8288773,0.73629457,0.84930533,0.94319665,0.8473474,0.91349936
0.86712086,0.4403642,0.8736395,0.42476636,0.86559385,0.42689586,0.89236385,0.4294542,0.87216294,0.432103,0.90927505,0.5123877,0.88375896,0.5139889,0.91209835,0.6335181,0.87938815,0.62443477,0.86917543,0.6865269,0.8656854,0.68333894,0.9047152,0.70649993,0.8888796,0.69272983,0.8394066,0.7497961,0.8287654,0.73680454,0.84939635,0.94179,0.84759134,0.9130761
0.8642519,0.44179365,0.8707099,0.42589113,0.86249,0.4283745,0.88910866,0.42930073,0.86878985,0.43250498,0.90687126,0.5106151,0.8813931,0.51386863,0.91160053,0.6311126,0.8793543,0.62448317,0.869549,0.6870808,0.86577094,0.6867514,0.90564615,0.70749253,0.88988465,0.69502807,0.83915293,0.7473784,0.8288273,0.73666793,0.85091037,0.93937266,0.8500102,0.9134861
0.86120075,0.44671836,0.86715776,0.4304662,0.85930014,0.43380708,0.8851041,0.43107367,0.86583215,0.4364535,0.9047762,0.5085624,0.8789894,0.51425254,0.9113386,0.62867576,0.8777092,0.6242848,0.86867154,0.6878992,0.86365366,0.6864911,0.905492,0.7062588,0.88955843,0.69497204,0.84009856,0.7484264,0.82946074,0.7391138,0.85163444,0.93758553,0.85022336,0.9130851
0.8584657,0.4591232,0.86337346,0.44265905,0.857169,0.446357,0.88059515,0.4374908,0.8655939,0.44367987,0.90301716,0.5064587,0.8788357,0.5126917,0.91037846,0.6275899,0.8786812,0.62521374,0.86735386,0.68982464,0.86358804,0.6889584,0.90590185,0.7086894,0.8910329,0.6972752,0.840683,0.74872607,0.8301918,0.736642,0.8527339,0.9387007,0.8506117,0.90883005
0.8559734,0.4691236,0.8603077,0.45198455,0.8542051,0.45638198,0.8767113,0.44206497,0.8624322,0.4501409,0.9014021,0.5065206,0.87699366,0.5144421,0.9099741,0.6301047,0.87730944,0.6290243,0.86508197,0.691055,0.8592747,0.69404685,0.908848,0.71044827,0.89383423,0.6999853,0.84350234,0.75069857,0.83236426,0.7400326,0.8545718,0.93851846,0.8515474,0.9114302
0.8533924,0.46692657,0.8572516,0.44974247,0.8511425,0.4546729,0.8720562,0.44150004,0.8586113,0.45044217,0.8975134,0.50710183,0.8738905,0.5152701,0.9086563,0.62821776,0.87576324,0.62658,0.86486214,0.6913611,0.85722154,0.6958654,0.9087758,0.7101694,0.8944171,0.7005776,0.84253645,0.75386333,0.8328436,0.7433574,0.85614043,0.9409746,0.8541731,0.9125266
0.84968513,0.4723448,0.8528909,0.4549098,0.8475253,0.46044466,0.86689276,0.44317973,0.85603374,0.45336065,0.89349383,0.50347364,0.8727549,0.5137861,0.90821075,0.6211371,0.8758319,0.62260747,0.86540455,0.6917289,0.85510445,0.69583946,0.90688956,0.7109202,0.8946496,0.70295376,0.84159786,0.75736666,0.83405155,0.7509921,0.85612434,0.94322985,0.8546693,0.91880155
0.84583807,0.47773522,0.84855837,0.46038777,0.8441213,0.46662426,0.86223584,0.44819906,0.85338277,0.4601328,0.88998854,0.50541675,0.8697721,0.51913863,0.90513325,0.62252706,0.8708315,0.6287221,0.86263484,0.6977847,0.8526101,0.70251,0.90591383,0.70995075,0.8941126,0.7046246,0.84087604,0.7568727,0.83541363,0.7572,0.8556782,0.9445551,0.8551116,0.92810655
0.8423032,0.47864902,0.84536356,0.46169376,0.84028476,0.46785933,0.8594956,0.44877616,0.8487402,0.4606893,0.8866407,0.50450474,0.86613816,0.51875114,0.9033831,0.6207348,0.86836404,0.6266709,0.86236376,0.70134366,0.8524607,0.704669,0.90467566,0.7028548,0.8927194,0.69900835,0.84202605,0.7603007,0.837552,0.76441205,0.8580591,0.94452214,0.8592955,0.93363476
0.83859396,0.48521152,0.8414346,0.46838477,0.83658993,0.47459564,0.8553795,0.45362082,0.8455309,0.4655517,0.88243294,0.5056692,0.86454105,0.52088535,0.90053225,0.6191207,0.8685295,0.62841886,0.8630976,0.70246685,0.852549,0.70737505,0.9030857,0.702443,0.89283603,0.6996895,0.8410239,0.7593092,0.83768046,0.7648261,0.85852575,0.9410964,0.85987055,0.93060315
0.8354578,0.48825687,0.83867866,0.46930838,0.83348316,0.4772309,0.8534797,0.45188814,0.8424326,0.46760434,0.88127583,0.4996617,0.86083966,0.52450955,0.89988357,0.60956854,0.86545193,0.6336404,0.8602775,0.6986537,0.85266083,0.712688,0.9024669,0.6952522,0.8899712,0.69671303,0.84182894,0.7585273,0.8357426,0.7710063,0.85998935,0.93074906,0.86086875,0.92964464
0.83516514,0.49568382,0.83772105,0.47668546,0.8326398,0.4849786,0.85053295,0.4544039,0.84045935,0.4710909,0.8781557,0.49566495,0.8592331,0.5206189,0.8974127,0.6058257,0.8652801,0.6290551,0.8580799,0.69755995,0.8519869,0.7138878,0.90176487,0.6916261,0.89036554,0.69411355,0.8401003,0.7544274,0.8358826,0.7694561,0.85941887,0.928277,0.8612794,0.9298353
0.83362716,0.4958521,0.83593637,0.47746634,0.8309404,0.48558968,0.8480005,0.45591745,0.83759433,0.4730974,0.8764667,0.49610546,0.8542065,0.5221113,0.89541876,0.6044012,0.86002463,0.6309568,0.8556871,0.6965981,0.8500665,0.7169785,0.89930487,0.68828183,0.8860876,0.69091076,0.8394963,0.7574987,0.8362681,0.768138,0.8574551,0.927551,0.8627216,0.92113125
0.8318171,0.49915493,0.83372116,0.4808387,0.8292516,0.4895555,0.8452663,0.45773706,0.83607787,0.47619396,0.8743555,0.49357882,0.85290045,0.5223954,0.89317816,0.6018037,0.85886747,0.6333905,0.854743,0.69349915,0.8503437,0.7172951,0.9004032,0.68475324,0.88736296,0.6894542,0.83956814,0.75667113,0.83563703,0.7723308,0.85855764,0.92807037,0.8612137,0.9283333
0.82837355,0.4998948,0.8298851,0.48165655,0.82603246,0.49026397,0.84138167,0.4557182,0.83444464,0.47415736,0.87093365,0.48795527,0.852652,0.5185665,0.8908068,0.591246,0.8593839,0.63023996,0.85444385,0.68621075,0.84840435,0.71653867,0.89809096,0.6852011,0.88774836,0.6907261,0.8379405,0.7609107,0.8382727,0.7757757,0.85684186,0.93085206,0.86406976,0.9270787
0.82740384,0.5015703,0.82904685,0.4828295,0.82483906,0.4921642,0.8405371,0.45502594,0.8328867,0.47486117,0.86885434,0.4867903,0.85108566,0.51860285,0.88823473,0.5950853,0.8572893,0.63190514,0.84914553,0.6932292,0.84228414,0.71574765,0.8943847,0.68528533,0.884153,0.6919797,0.8362476,0.7624122,0.834469,0.78179955,0.8590614,0.931234,0.861848,0.9338217
0.82693905,0.50090766,0.82844305,0.4824702,0.824608,0.49184874,0.8393982,0.45529598,0.83228725,0.47516027,0.86761886,0.48627448,0.84849167,0.5193114,0.8870973,0.5918554,0.8527212,0.63155574,0.8488533,0.686458,0.83765185,0.7130226,0.89260256,0.68359256,0.88146585,0.6915318,0.8358418,0.76357687,0.83275414,0.7866482,0.858791,0.92733616,0.8593451,0.9364038
0.82591945,0.49590108,0.8276252,0.47735,0.82353014,0.48702222,0.83872235,0.4527284,0.83066463,0.4733018,0.8669837,0.48691037,0.84582806,0.5217717,0.887317,0.5908809,0.84784937,0.6336605,0.8492584,0.68280965,0.83250314,0.71257883,0.891286,0.6812861,0.8789897,0.69033056,0.8356975,0.76532876,0.83204263,0.7910896,0.85843563,0.92729646,0.85852623,0.9408078
0.82477474,0.49333218,0.82671994,0.47521028,0.822519,0.4843962,0.83804417,0.45212704,0.829755,0.47156432,0.8655513,0.48874024,0.8444601,0.52261806,0.8853674,0.59183186,0.84571135,0.6326672,0.8484778,0.68703365,0.8314937,0.71133924,0.88940555,0.6821161,0.8775379,0.69128215,0.8351268,0.77075684,0.8339724,0.79668504,0.85706043,0.9276198,0.86098665,0.9414758
0.82504576,0.49684554,0.8269243,0.4786024,0.8224966,0.48808444,0.8378374,0.4533708,0.82922137,0.47370562,0.8650241,0.488074,0.84316826,0.5230163,0.88576907,0.58886683,0.8417085,0.63060427,0.85075897,0.67817223,0.82285404,0.699495,0.887615,0.6825412,0.8755749,0.6925086,0.83591664,0.7729091,0.83456194,0.8002089,0.85690653,0.92468256,0.860545,0.9413627
0.8244462,0.49442783,0.82612926,0.47640875,0.8221448,0.485743,0.83666,0.4516966,0.829601,0.47132114,0.86398715,0.48671052,0.8433591,0.52085394,0.8876538,0.582054,0.8400876,0.62387264,0.85635483,0.66451883,0.8191127,0.6888216,0.8867199,0.6829957,0.87628174,0.6933634,0.8345863,0.77354014,0.8375149,0.8034909,0.8544078,0.91932577,0.8634961,0.94057125
0.823616,0.48965386,0.8253436,0.47197878,0.8213086,0.48138165,0.8355541,0.44972357,0.8281399,0.46950793,0.8617077,0.48395795,0.84099525,0.52212155,0.88568383,0.56727517,0.8352544,0.62133867,0.8613955,0.6477361,0.8120438,0.68250847,0.88562554,0.68082094,0.8751196,0.69383705,0.83496714,0.7693393,0.8375867,0.8029622,0.8537049,0.9173779,0.8625488,0.94403017
0.8250394,0.48095876,0.82680446,0.46578076,0.82226384,0.47279018,0.8373647,0.450982,0.8247347,0.46955493,0.8635027,0.48475423,0.8325619,0.51594293,0.8847913,0.5543317,0.83258563,0.61037344,0.8621934,0.608347,0.80809444,0.67313796,0.88690275,0.66791075,0.86688405,0.67926705,0.83851165,0.7631045,0.8322579,0.7736737,0.8529693,0.9140851,0.85348856,0.9243307
0.82322705,0.48080957,0.82438105,0.46551046,0.82142776,0.47311634,0.835923,0.44927397,0.8262504,0.46901476,0.8638202,0.48026067,0.83403105,0.5136258,0.8870428,0.5375496,0.82703716,0.6020711,0.8609595,0.57063186,0.7972094,0.65068954,0.88897747,0.6738928,0.8685072,0.6859366,0.8413462,0.75524,0.83048403,0.76742876,0.85483295,0.91031533,0.8443918,0.9221659
0.8234558,0.4792431,0.82497627,0.46365908,0.8212477,0.4720818,0.83686334,0.44776288,0.8248791,0.46983305,0.8640602,0.4749395,0.83029664,0.5140619,0.884546,0.5177797,0.8160226,0.5975316,0.858653,0.5204717,0.7884634,0.6325967,0.88894045,0.66924614,0.86600316,0.683889,0.8416907,0.7487486,0.8281781,0.7631305,0.85099214,0.90920794,0.84052986,0.9238415
0.8250888,0.4756116,0.82620305,0.46071386,0.8225644,0.46871236,0.8363704,0.44555715,0.8253779,0.46690658,0.8620104,0.47148886,0.8323863,0.50901157,0.8823811,0.49514717,0.81857914,0.5731969,0.85380155,0.4923846,0.78354996,0.6112062,0.88408387,0.6608297,0.8641948,0.6743083,0.8393254,0.75528175,0.83075327,0.76834697,0.8473269,0.9027255,0.8412072,0.91621685
0.82697695,0.47139558,0.8283823,0.45726034,0.82401246,0.4647282,0.83739614,0.44706422,0.8252457,0.46676144,0.8623869,0.47874457,0.82937795,0.5124709,0.8830598,0.49862075,0.8092618,0.5667928,0.8552847,0.4746605,0.773781,0.585416,0.8819154,0.6630445,0.8606688,0.67486477,0.838466,0.75314194,0.8311658,0.76412237,0.8429079,0.9059133,0.8438013,0.917425
0.82465905,0.46617535,0.82780474,0.45068368,0.8220645,0.45828936,0.83857596,0.44223425,0.8257913,0.4592951,0.8593214,0.4838118,0.8316696,0.5153576,0.87907135,0.5032529,0.8072082,0.5594793,0.85497475,0.48002023,0.7753784,0.55305374,0.87079924,0.660459,0.85630065,0.6688824,0.83055943,0.7498261,0.8331463,0.77210844,0.84060985,0.90250593,0.8530259,0.92589283
0.8262164,0.46809763,0.82989305,0.45250767,0.82323116,0.4598848,0.8410887,0.44486907,0.8257561,0.46147388,0.859878,0.48999414,0.8304984,0.518988,0.87869644,0.51012135,0.80529845,0.559818,0.855625,0.4793022,0.7732791,0.545914,0.8669505,0.6639107,0.8513176,0.67134297,0.82997364,0.7487511,0.83115196,0.7696387,0.83882207,0.9002085,0.850453,0.9239893
0.82630634,0.47189927,0.8301243,0.45664933,0.8233129,0.46344212,0.84165287,0.44971648,0.82577604,0.46489766,0.859488,0.4972635,0.8299963,0.5196954,0.8795664,0.52796614,0.80450124,0.56069875,0.8570638,0.49460602,0.77328295,0.54523104,0.86256313,0.66411597,0.8467801,0.6692678,0.82975334,0.7512561,0.83013815,0.7717223,0.83689415,0.89906937,0.84654695,0.92488843
0.8231721,0.47167334,0.82722723,0.45637393,0.82067317,0.46290594,0.84043664,0.45410824,0.82482713,0.46904555,0.85991794,0.5111768,0.82846326,0.5297737,0.87949795,0.54823416,0.8011469,0.56903666,0.8545279,0.51054305,0.77091295,0.5476171,0.85965693,0.68022484,0.8426904,0.6828224,0.83042955,0.75793326,0.8287365,0.7729906,0.83646184,0.9040556,0.8433243,0.9226993
0.82409585,0.47298518,0.82833254,0.45818266,0.820692,0.46471462,0.8402174,0.4590394,0.822357,0.47379738,0.8567335,0.52115357,0.8241963,0.5397197,0.8721928,0.5675209,0.7976295,0.5855041,0.85579056,0.5458074,0.76848,0.56226534,0.8564519,0.6925005,0.8384077,0.6965269,0.83041763,0.77075845,0.8258279,0.7832313,0.83651984,0.91337687,0.8404431,0.9273969
0.8266992,0.48520195,0.83118916,0.47166076,0.8224601,0.47466078,0.8414652,0.47330707,0.8185396,0.4817278,0.85537666,0.5287787,0.8186679,0.53957844,0.86795706,0.5888657,0.80301857,0.60135484,0.85310775,0.5761956,0.798256,0.589252,0.85666037,0.6842404,0.83338326,0.68674695,0.8341886,0.7738676,0.81783736,0.7755011,0.8348665,0.91631943,0.827345,0.91630775
0.8222251,0.49467903,0.8260393,0.48131704,0.8186331,0.48558956,0.83600205,0.4837987,0.81605655,0.4959003,0.8536539,0.54086,0.81444854,0.5559065,0.8685781,0.6152409,0.7989878,0.6251803,0.84784096,0.60753226,0.7883944,0.6012465,0.85533875,0.6991944,0.8302662,0.7038162,0.83211756,0.78721726,0.8136711,0.79192895,0.8331198,0.91728526,0.8240288,0.92224985
0.82232827,0.5051781,0.82660335,0.49238437,0.8178609,0.49533197,0.83554363,0.49575236,0.8128589,0.50466627,0.8492592,0.5530069,0.81300545,0.5657167,0.8606064,0.62343943,0.8012256,0.6409649,0.84284985,0.6336922,0.79536265,0.65889394,0.85062546,0.7016279,0.827767,0.7049118,0.8283087,0.783578,0.8125898,0.7855535,0.83222574,0.9182513,0.8268737,0.9186998
0.8190196,0.5162467,0.82315266,0.5034158,0.8143393,0.5063212,0.8317232,0.5042117,0.80901337,0.51343477,0.8459169,0.55685824,0.8093902,0.57480973,0.85299444,0.63352627,0.8042001,0.6730684,0.83074474,0.64928347,0.78954756,0.7292611,0.8484399,0.7051618,0.8251365,0.70984745,0.82398796,0.7860895,0.8043113,0.78859854,0.83235705,0.92818314,0.8211611,0.9298836
0.81494874,0.53452057,0.8186464,0.5201246,0.8094652,0.52520347,0.82599634,0.51973677,0.80303365,0.5350214,0.8384432,0.5731667,0.8067466,0.6002353,0.8480485,0.64174616,0.8072023,0.69017196,0.81383055,0.6646507,0.78861487,0.73287016,0.844829,0.73150754,0.8238562,0.74223393,0.8265484,0.80414116,0.81404334,0.8139112,0.83593255,0.91466004,0.832602,0.92598325
0.80621415,0.5500622,0.80930245,0.53771913,0.80303603,0.5404235,0.81775475,0.5356257,0.80038375,0.54443586,0.8322245,0.58433235,0.8046322,0.60050017,0.8369404,0.6582655,0.8042075,0.6931478,0.8092435,0.6872109,0.78877544,0.75338423,0.83961934,0.7393791,0.8213378,0.7441677,0.82274306,0.7951585,0.8081712,0.7982594,0.8346023,0.9068947,0.8236728,0.9069633
0.79403174,0.5788061,0.79747766,0.56609863,0.79175043,0.56842846,0.8097171,0.5628187,0.7930019,0.56980366,0.82804054,0.6099399,0.80240965,0.61799,0.82904273,0.6937889,0.80136186,0.70853776,0.8034336,0.72308064,0.7922835,0.7569177,0.8413909,0.75306386,0.8232684,0.75246334,0.8199005,0.7636048,0.797481,0.76046395,0.8307997,0.90167356,0.8070164,0.8912984
0.78732365,0.6066756,0.78980714,0.59436625,0.7859159,0.59636635,0.8000502,0.5895022,0.791081,0.59311,0.81552553,0.6357944,0.8026814,0.6373503,0.81352776,0.7281814,0.80272907,0.7266478,0.78951555,0.78073317,0.7922503,0.7764654,0.8383137,0.7681658,0.8294093,0.7673208,0.8184784,0.7789018,0.81124765,0.7766251,0.8312036,0.90470827,0.8266511,0.89459246
0.7796336,0.6363996,0.7817859,0.62442267,0.7788272,0.6261306,0.7918369,0.6175386,0.78577465,0.6197087,0.80797166,0.65572774,0.7977713,0.65538824,0.8103979,0.7446961,0.7972966,0.7397284,0.7901678,0.82536256,0.7856097,0.8183519,0.8357283,0.7688946,0.8286296,0.76825947,0.81866646,0.8479476,0.8140484,0.8457309,0.8393071,0.9357697,0.83705896,0.9253408
0.7766425,0.6577139,0.7776676,0.64611024,0.77639514,0.64765763,0.78566253,0.63974506,0.7869101,0.6394922,0.80261844,0.67353576,0.8004177,0.6704817,0.80742896,0.7637495,0.80062515,0.7593214,0.7907625,0.84289443,0.7894904,0.83803475,0.8398843,0.7721087,0.8375988,0.7707131,0.81294155,0.8369071,0.81177104,0.83404136,0.8328952,0.9167801,0.8326027,0.90540504
0.7710067,0.6869648,0.77259415,0.67455727,0.7701673,0.67666614,0.78151697,0.66541696,0.7801005,0.66774726,0.7957527,0.6926378,0.7965725,0.6962506,0.80484754,0.77899325,0.8034502,0.78513753,0.79114014,0.86019003,0.79242235,0.86009246,0.83759326,0.79956186,0.83710617,0.8028015,0.8141203,0.8738919,0.81461304,0.8740796,0.8586883,0.96917576,0.856183,0.9611468
0.7636331,0.71557796,0.76511854,0.70315963,0.7638411,0.7047125,0.77508944,0.6902368,0.7756817,0.69072855,0.79179734,0.7142673,0.79189104,0.7163917,0.8039697,0.79433507,0.8016853,0.8015711,0.7951732,0.8601764,0.7949988,0.862249,0.8371243,0.81403536,0.83677495,0.81705946,0.8097024,0.87561184,0.8125496,0.8756491,0.855535,0.95848036,0.8569981,0.94918084
0.7670035,0.7450736,0.7685799,0.73303926,0.76584744,0.7352182,0.77779585,0.72004426,0.77544385,0.72203565,0.793271,0.7391569,0.7917681,0.74182326,0.809532,0.80902094,0.80045176,0.8143622,0.81718934,0.89157104,0.79767025,0.87536424,0.83799887,0.8284897,0.8372063,0.8323421,0.81552166,0.88569516,0.81769687,0.88606346,0.857327,0.9642231,0.8592761,0.9557388
0.76528823,0.7536358,0.76699966,0.7413488,0.76318944,0.7451105,0.77566594,0.7293029,0.7699554,0.7363624,0.7898726,0.74727184,0.7869252,0.7592774,0.8051201,0.80495065,0.7970629,0.8228938,0.80340797,0.88198423,0.79152685,0.8748741,0.83577347,0.82525074,0.8332405,0.83426017,0.8177296,0.8842006,0.8182627,0.889951,0.85930043,0.9418219,0.85783416,0.94098383
0.077776715,0.5732152,0.074371696,0.5597618,0.07840856,0.5624478,0.05272552,0.5422746,0.07503676,0.54987866,0.033764005,0.560597,0.073941365,0.576513,0.009575876,0.61493343,0.103646,0.6086996,0.008375165,0.6869982,0.12967943,0.61520946,0.026450405,0.7403481,0.048738603,0.74608,0.02019723,0.86021084,0.03519705,0.86362237,0.014426971,0.94683963,0.025222648,0.94496775
0.77367496,0.78558934,0.7747739,0.77421725,0.77137846,0.7777237,0.78102595,0.7617328,0.7740383,0.76770717,0.7958214,0.77887845,0.7844333,0.79044354,0.8112637,0.8374571,0.7925867,0.8546358,0.80802983,0.87676865,0.7918653,0.8774758,0.8412682,0.8318529,0.833852,0.8426601,0.82941705,0.89061207,0.8262599,0.8984956,0.8705093,0.92044115,0.8680348,0.92291
0.7714595,0.7908433,0.77233166,0.7800541,0.76897687,0.78423196,0.7789504,0.76773417,0.7703621,0.7754102,0.7932644,0.778004,0.77923214,0.79259014,0.81232595,0.8352269,0.7849682,0.85672027,0.81867903,0.8798392,0.79318243,0.8787829,0.8350801,0.81328493,0.8260109,0.8257909,0.8337911,0.877375,0.8261011,0.8876567,0.8672128,0.9102286,0.86073905,0.91728145
0.7694652,0.7965835,0.7699734,0.78658956,0.76719797,0.7900946,0.7758773,0.7728206,0.76920193,0.7780621,0.7883197,0.7784743,0.77882403,0.78917086,0.79812354,0.834471,0.7850632,0.85110843,0.7959791,0.87827766,0.7892201,0.8797314,0.8326891,0.8049524,0.82610273,0.8152966,0.8309309,0.87320286,0.8265991,0.88103896,0.86338866,0.9182585,0.85993207,0.92249686
0.769319,0.7944986,0.76867014,0.7840553,0.7673949,0.7875751,0.77125305,0.76731527,0.7721268,0.77175254,0.7836604,0.76407367,0.78426605,0.7739851,0.7935993,0.8198636,0.7932033,0.8358864,0.78670615,0.8809871,0.7893784,0.87498903,0.83662635,0.79514664,0.8361108,0.805812,0.8221332,0.8699914,0.82325596,0.8780156,0.8685426,0.9279924,0.8688508,0.9313635
0.7662504,0.7962487,0.76585984,0.78502214,0.76373285,0.78939164,0.7693867,0.76516026,0.76763463,0.7722206,0.7824384,0.7587684,0.7806396,0.77385116,0.7943408,0.81390476,0.7927503,0.8378684,0.78791505,0.88233435,0.7912263,0.87802875,0.83761305,0.7865206,0.8355247,0.80027074,0.8230594,0.865061,0.8238964,0.8761248,0.8691641,0.92501366,0.8694157,0.9321932
0.7670209,0.79852384,0.766684,0.78737974,0.76481664,0.7915859,0.77062744,0.7677919,0.7698748,0.7740861,0.78455913,0.76102036,0.7838506,0.7741819,0.79498863,0.8155931,0.7938444,0.8361335,0.78437227,0.8822468,0.787424,0.877229,0.840425,0.78979146,0.83878833,0.8016619,0.8192049,0.8680219,0.8202724,0.8772741,0.8674939,0.92868215,0.8673459,0.93312025
0.7658023,0.79716444,0.7657756,0.7867179,0.76363105,0.78955436,0.7701717,0.76802915,0.7684109,0.77030593,0.7859438,0.7676793,0.7838766,0.77220464,0.7956018,0.8223863,0.794104,0.82820046,0.78222144,0.8792149,0.7851881,0.867078,0.8417328,0.79736054,0.83945477,0.80385834,0.81548434,0.86264604,0.81731695,0.8661407,0.8627354,0.9070658,0.8642494,0.9032098
0.7677783,0.79626656,0.7672908,0.7856624,0.76606333,0.7897392,0.77115846,0.76758707,0.77167445,0.7733511,0.7853191,0.7624062,0.78588134,0.77308345,0.7956505,0.81246156,0.7939326,0.8277016,0.7827194,0.8804044,0.7843578,0.8729819,0.84050316,0.7993863,0.8394627,0.80930156,0.8164836,0.8679788,0.81815845,0.8750303,0.86721176,0.9222875,0.86749583,0.9241017
0.7706863,0.7950519,0.7700802,0.78385484,0.76859355,0.78850144,0.77327776,0.76455873,0.77299374,0.77175784,0.7860491,0.7571069,0.7860005,0.77050966,0.7948486,0.80967957,0.79340535,0.8287683,0.7827895,0.88271385,0.78482616,0.8751568,0.84083253,0.7916867,0.8393877,0.803403,0.81622803,0.8676472,0.8172739,0.876936,0.86797017,0.9256162,0.86740273,0.9309569
0.7710579,0.7958047,0.77065176,0.7841143,0.76879406,0.7890777,0.7740734,0.76511896,0.77296364,0.77329105,0.78565043,0.75942546,0.78687567,0.77440137,0.79471326,0.810549,0.7944407,0.8322212,0.7834261,0.88256425,0.7858991,0.8746801,0.839835,0.79674256,0.83922356,0.809269,0.8163106,0.86854464,0.8179024,0.8788914,0.86979294,0.92108023,0.8693039,0.927702
0.77151716,0.79246706,0.77118593,0.78076774,0.7691113,0.7855919,0.7743732,0.7636082,0.7726847,0.77139056,0.78499395,0.76090145,0.78636247,0.7749381,0.79332215,0.8114591,0.79263467,0.83145916,0.7831263,0.8805997,0.7845174,0.8720201,0.8385936,0.79923534,0.8380953,0.8114179,0.8174507,0.8682501,0.81901515,0.87825006,0.8701383,0.9174622,0.8697357,0.9237437
0.7723275,0.79224443,0.77188545,0.78046155,0.7697314,0.78533524,0.77477616,0.7616021,0.7730414,0.7694016,0.78541446,0.75658244,0.78641194,0.77030855,0.79279345,0.80944675,0.79260814,0.8285803,0.7844843,0.88392586,0.78595626,0.8723192,0.84027684,0.79335713,0.83956283,0.80571496,0.8180749,0.8665345,0.81944484,0.87665373,0.8708459,0.9197543,0.8705576,0.92612755
0.7715492,0.7931618,0.7711479,0.7808006,0.76835215,0.7863364,0.77429,0.75942576,0.77043205,0.7693483,0.78507,0.7522492,0.78459424,0.7700487,0.79416054,0.805599,0.7939058,0.8315665,0.78712815,0.8836014,0.78951746,0.87497,0.8411192,0.78951716,0.83956623,0.8042867,0.8194051,0.8656268,0.82080346,0.87809145,0.8726918,0.91933334,0.87257415,0.92875063
0.7724568,0.7879508,0.77233493,0.775013,0.7688949,0.78095734,0.7757633,0.7529044,0.77015454,0.7645418,0.7857444,0.7474467,0.78386104,0.7681688,0.7953651,0.8028643,0.7942268,0.83247584,0.7879933,0.88291657,0.7901722,0.87465185,0.83875465,0.78859925,0.83649343,0.80484724,0.81864166,0.8665519,0.8201224,0.88081163,0.87049866,0.9215767,0.87087774,0.9339169
0.7724496,0.78652894,0.7723371,0.7739259,0.7690645,0.7794844,0.7757191,0.7527948,0.77049416,0.7634423,0.7854265,0.7493701,0.7839236,0.7678384,0.79444087,0.8042224,0.7933894,0.8299343,0.78752184,0.8831257,0.7893898,0.8735431,0.83690137,0.7938454,0.83502454,0.8087286,0.81807244,0.86981547,0.8198205,0.882552,0.86853933,0.9223291,0.8694703,0.932788
0.77023816,0.7829604,0.76978534,0.77072996,0.7673991,0.775587,0.7730309,0.74899006,0.770845,0.75764275,0.78494436,0.74469835,0.78446925,0.7601202,0.7955839,0.803818,0.7950141,0.8260124,0.7877416,0.8861163,0.78918386,0.87708426,0.83675635,0.78837883,0.83562946,0.8013699,0.8172533,0.8683836,0.8186307,0.87912184,0.8660642,0.9254399,0.8663527,0.93295723
0.7694855,0.7777911,0.7697363,0.7653735,0.7666085,0.77030814,0.7743563,0.74595845,0.77015924,0.7554558,0.78600705,0.7466953,0.7850241,0.7635646,0.7969966,0.8048063,0.79648817,0.8283138,0.78680295,0.8860989,0.78904253,0.87819624,0.8365294,0.7960338,0.8349506,0.8093553,0.8174718,0.87332344,0.81947327,0.8842694,0.86765474,0.92552125,0.8685307,0.9329719
0.765571,0.7688603,0.7660757,0.7569862,0.7634574,0.76151687,0.77166027,0.74087083,0.7687781,0.74944615,0.7834825,0.7465728,0.7843669,0.7620756,0.7960264,0.80011564,0.7959543,0.82200724,0.78626394,0.88116294,0.7883761,0.8739246,0.83392954,0.8051631,0.83349895,0.8174833,0.81585246,0.8770694,0.8186998,0.88669574,0.86795074,0.92292523,0.8694634,0.9284137
0.76525944,0.76450795,0.7660189,0.75305444,0.7632784,0.7574728,0.7722582,0.74028236,0.76824445,0.7487657,0.78381693,0.7498389,0.7836289,0.76556677,0.7989426,0.79515725,0.7957931,0.81806624,0.7909962,0.870442,0.78948444,0.86657727,0.83212626,0.8141028,0.83113927,0.8263223,0.81760067,0.8804388,0.82035536,0.889852,0.8685544,0.9194426,0.8705867,0.9249028
0.7689668,0.75820774,0.7705657,0.74598855,0.76587474,0.75191283,0.77798414,0.7333494,0.76668686,0.74762994,0.78957295,0.74235255,0.780097,0.769736,0.81234324,0.77732563,0.7929753,0.8218858,0.8099573,0.8417206,0.7902567,0.8613648,0.83163434,0.81313276,0.82520723,0.83093864,0.81836206,0.87704533,0.8195117,0.8919925,0.86762774,0.9112647,0.8698673,0.9249873
0.7704131,0.75845313,0.7722323,0.74589074,0.76760685,0.7516429,0.7801129,0.7325974,0.76936865,0.7458925,0.7914993,0.74393755,0.78326225,0.76818585,0.8063771,0.7911606,0.7946837,0.825022,0.79391176,0.85741234,0.7874196,0.8628108,0.8354888,0.81217873,0.82931787,0.82848585,0.81858236,0.87750816,0.82034254,0.8912327,0.8699037,0.9124966,0.87198466,0.923807
0.7704663,0.75509244,0.7723141,0.7424804,0.76783556,0.7484345,0.78047866,0.72894144,0.76962256,0.74318075,0.79268485,0.7402985,0.7819822,0.76736164,0.81061834,0.7848652,0.7934572,0.82590264,0.80073977,0.8480593,0.7883163,0.8621962,0.8341867,0.8133662,0.82659763,0.83095235,0.81906205,0.8788712,0.81878006,0.89405483,0.86830884,0.91480404,0.86831886,0.92828614
0.7709736,0.7533762,0.77360296,0.7402277,0.7678724,0.74664783,0.78327745,0.728687,0.768277,0.7452658,0.79589516,0.7415847,0.7800247,0.77526855,0.81903154,0.7761027,0.7912969,0.8352706,0.8159613,0.82152843,0.78814566,0.86439437,0.83523506,0.81845164,0.82428217,0.83904845,0.82501286,0.87892866,0.82017606,0.8968914,0.87362444,0.9073651,0.868337,0.9242005
0.77335805,0.75319964,0.77559227,0.73901653,0.7692441,0.74646354,0.78398246,0.72970074,0.7675101,0.7481429,0.7959024,0.7506996,0.7791278,0.7865644,0.8189209,0.78640276,0.7910605,0.8525938,0.8184444,0.7967874,0.79120123,0.8586191,0.83426076,0.8292827,0.8230182,0.85013556,0.82524645,0.8732557,0.8162994,0.89118445,0.8706628,0.88382816,0.86190027,0.90245265
0.771109,0.7520308,0.7729843,0.7382763,0.7677483,0.7453513,0.7816593,0.7268639,0.7680363,0.7432203,0.79581505,0.74877083,0.78013736,0.77930385,0.8167224,0.7973893,0.79204726,0.84984565,0.8110375,0.8313926,0.7893127,0.8739658,0.83770275,0.8289061,0.82704157,0.84723973,0.8230649,0.87091917,0.81614655,0.88618624,0.8697545,0.89097434,0.86310446,0.90554196
0.7711549,0.75329655,0.77302986,0.7393076,0.7683765,0.7452195,0.78233975,0.7254493,0.7705979,0.7384715,0.79668087,0.75083965,0.78500193,0.77174336,0.8111396,0.80917525,0.79581285,0.8383381,0.794866,0.86061203,0.7861406,0.87286067,0.8377315,0.8395712,0.8292948,0.85247326,0.82320845,0.890449,0.8183114,0.9004846,0.87145627,0.909749,0.8644948,0.9166756
0.772232,0.7499416,0.774283,0.73569876,0.76894873,0.74227506,0.7834527,0.7229847,0.77002615,0.7378175,0.79720134,0.74742615,0.7841961,0.7721094,0.8131248,0.80797136,0.7963655,0.84380347,0.8008837,0.8580334,0.7893133,0.8751694,0.83911973,0.8294087,0.8298756,0.84455687,0.8212002,0.8684242,0.81690407,0.88074285,0.8696914,0.8936323,0.86474574,0.903787
0.771022,0.7487136,0.77325904,0.7351144,0.7686298,0.74031234,0.78247756,0.72289646,0.7721254,0.7345529,0.7942688,0.7450835,0.7874674,0.76388,0.8056723,0.8086647,0.7969791,0.8312746,0.7919764,0.87448233,0.7878055,0.8683559,0.8377823,0.83363396,0.83241194,0.84664655,0.8172373,0.86332077,0.8192005,0.8737403,0.86949056,0.9104966,0.8712584,0.9163674
0.77127975,0.7460539,0.7735058,0.7328756,0.7693811,0.7370185,0.78287536,0.72272503,0.7753368,0.7311641,0.7938525,0.7471867,0.7933496,0.7602637,0.8002515,0.81475765,0.80060303,0.8301899,0.7845748,0.8777934,0.78798294,0.8712754,0.8393968,0.8370324,0.83780164,0.84640443,0.81665134,0.85101354,0.8202039,0.8577239,0.8674392,0.9122543,0.8690762,0.9123536
0.7724051,0.7381676,0.7740391,0.72400695,0.77253217,0.73341924,0.7825395,0.7139132,0.78073335,0.73035127,0.7982512,0.74525654,0.79285216,0.77323085,0.8021377,0.82113516,0.7971929,0.8508315,0.78505975,0.86239624,0.7906992,0.8778576,0.83670235,0.84571433,0.83348817,0.8633884,0.8092262,0.8189984,0.80929106,0.8498,0.8626403,0.89210397,0.86100334,0.91696215
0.7727448,0.7348362,0.7739266,0.72073597,0.77301025,0.7297577,0.7825495,0.71059597,0.78208125,0.7271359,0.7992249,0.73827964,0.7967302,0.7687077,0.80307865,0.815286,0.80043906,0.85237503,0.7869259,0.86105454,0.79377985,0.8781205,0.8419877,0.8396232,0.84046507,0.8580383,0.8156299,0.7837024,0.8174934,0.81510735,0.8614313,0.88806486,0.862076,0.91240656
0.77314544,0.7344441,0.77429163,0.7199436,0.7734753,0.7299532,0.78267896,0.7092213,0.7827861,0.72727627,0.7993718,0.73671514,0.7973794,0.7686932,0.803929,0.8167167,0.8010521,0.8532398,0.7870569,0.8597654,0.79324716,0.8737966,0.8417414,0.83853656,0.84052795,0.8578412,0.8118183,0.79328954,0.81355953,0.8287667,0.8618172,0.8861804,0.8607974,0.9156651
0.7739584,0.7346249,0.7751746,0.7200056,0.7744582,0.7303247,0.7833467,0.71016765,0.7838153,0.728497,0.7989044,0.7395463,0.7973634,0.77039754,0.80356973,0.81811196,0.8014302,0.85179245,0.7885618,0.8590584,0.79548115,0.87301815,0.8389746,0.8371255,0.8381748,0.8565909,0.8108528,0.7980903,0.8129344,0.83487535,0.863311,0.88743985,0.86207736,0.92046684
0.07446256,0.5506258,0.07080734,0.53939384,0.07520009,0.5401845,0.049743526,0.53270185,0.07105372,0.5361577,0.032771587,0.5636563,0.06901951,0.5716388,0.00967699,0.62977904,0.097709514,0.5998555,0.0057674767,0.6976987,0.12556408,0.5836435,0.031156003,0.7441341,0.050515514,0.74848676,0.024561705,0.86137605,0.039188948,0.8702369,0.011996496,0.94190216,0.024324175,0.9507045
0.07849788,0.5684935,0.07417593,0.55515504,0.07861489,0.5594961,0.053375375,0.53603595,0.07389636,0.5483592,0.03807829,0.5637,0.07346564,0.5745198,0.011762673,0.61450857,0.088347256,0.59568113,0.0078829,0.7027548,0.102662995,0.620777,0.032681543,0.7247289,0.053418815,0.7297481,0.030130202,0.83039063,0.045874722,0.8351557,0.02001071,0.90731686,0.027724922,0.91915375
0.7779808,0.72306144,0.77881646,0.7140528,0.7770151,0.71568847,0.7848119,0.7081073,0.78218216,0.7099883,0.79791635,0.726567,0.7922844,0.73058736,0.8036143,0.78805953,0.7961694,0.79569644,0.79008746,0.8227395,0.7915856,0.8244089,0.8266535,0.7886655,0.82246125,0.7914242,0.81450796,0.76472026,0.8078436,0.7664711,0.82787555,0.8668181,0.8193974,0.863527
0.7797476,0.71849823,0.78012985,0.7100689,0.7789439,0.71226215,0.7845716,0.7043026,0.7843165,0.70774007,0.79531616,0.7203182,0.7929303,0.7262804,0.80236655,0.773695,0.7992218,0.7834084,0.79388624,0.80780196,0.7950282,0.80627656,0.8207955,0.7797719,0.8185102,0.784504,0.81141394,0.77407765,0.80755824,0.77844,0.822128,0.86313033,0.81636727,0.8636298
0.7833042,0.71203613,0.78376144,0.70273346,0.7816554,0.7063892,0.7883715,0.69548684,0.7836374,0.7032936,0.7996121,0.71110445,0.7898611,0.7245006,0.8082735,0.76302963,0.79528624,0.78476745,0.79955214,0.8022143,0.7947036,0.805555,0.8235548,0.7774458,0.81567806,0.78590006,0.81660444,0.789576,0.8025735,0.7976013,0.83102494,0.8745754,0.811078,0.8809951
0.7833004,0.7091489,0.7838146,0.6998235,0.78175306,0.702946,0.7880317,0.692654,0.78420645,0.6986197,0.79879564,0.7094376,0.79057306,0.7200286,0.8061333,0.76824194,0.7953116,0.78523976,0.79778504,0.8195671,0.7937972,0.8190756,0.82547516,0.77260923,0.81889725,0.7802918,0.8169962,0.79676765,0.80653286,0.80365777,0.8348182,0.880336,0.8203064,0.8847827
0.058366187,0.54351276,0.05560553,0.533161,0.06077641,0.535397,0.045461826,0.53045225,0.0690259,0.53552663,0.03793126,0.55821013,0.07358087,0.5695943,0.01631316,0.6043686,0.10138416,0.60492176,0.01033873,0.6588073,0.12495261,0.6125363,0.03897807,0.7263038,0.058414765,0.73100615,0.031995792,0.83799255,0.04606701,0.84544957,0.023656053,0.9255539,0.035329115,0.9339723
0.7819455,0.71242744,0.78262824,0.7020092,0.78119093,0.7039906,0.78735656,0.694501,0.7879043,0.6963623,0.79671496,0.7160579,0.79781085,0.71877265,0.8003046,0.7877248,0.80107397,0.79241437,0.79234886,0.85897326,0.7931456,0.85337,0.8292754,0.79133415,0.82938194,0.7950609,0.8102828,0.82649946,0.8106904,0.82897955,0.83902687,0.9049971,0.8387465,0.90203273
0.0731786,0.5105659,0.070432514,0.49958843,0.07288044,0.5006088,0.05155902,0.50538325,0.07056603,0.50926954,0.035050776,0.55582273,0.07218111,0.56458515,0.01247026,0.61049074,0.09931486,0.60415035,0.008351463,0.62146413,0.12266393,0.588947,0.034565806,0.7364298,0.056262173,0.7402019,0.023150366,0.84777755,0.046800252,0.8516339,0.011181456,0.9368519,0.03681421,0.9409998
0.78203434,0.7132315,0.7825764,0.7030707,0.7811422,0.7051754,0.78698343,0.6950533,0.7872086,0.6971264,0.7957025,0.71343374,0.7965302,0.7167227,0.79808784,0.7821868,0.7987551,0.7894537,0.7936501,0.8412755,0.7950367,0.83958775,0.8271721,0.78993225,0.82731724,0.7936834,0.8057768,0.79896986,0.80682325,0.80150086,0.82800084,0.8998568,0.82870847,0.8972185
0.030780567,0.613751,0.0288944,0.6049846,0.03390236,0.60330665,0.030255867,0.58337796,0.04527367,0.580476,0.03414854,0.58953786,0.06623838,0.5656751,0.01917019,0.607935,0.099018395,0.5704857,0.01369673,0.6646151,0.14248352,0.597469,0.053938814,0.6810059,0.06837757,0.66613394,0.047450848,0.7991325,0.05825994,0.79377747,0.020416392,0.868064,0.02320298,0.8807712
0.78216374,0.7171451,0.78255653,0.7057931,0.7811099,0.7085924,0.78716236,0.69563466,0.7881295,0.6990367,0.79767007,0.71644264,0.79884344,0.7220979,0.8011845,0.79288155,0.8013796,0.80381256,0.7940591,0.87330586,0.7947081,0.8705906,0.8353211,0.8016884,0.8355409,0.807196,0.8106804,0.8237318,0.8132753,0.8279453,0.83563197,0.9129357,0.8383488,0.91183597
0.024592955,0.63234097,0.025475917,0.620149,0.022711962,0.6250807,0.034013152,0.5854274,0.023737693,0.5972833,0.056586314,0.5733016,0.022911197,0.60164744,0.09701437,0.5841136,0.0076075867,0.6616678,0.12892301,0.6192267,0.0046548867,0.7247615,0.063284256,0.71025246,0.045993563,0.72216666,0.030990912,0.8036586,0.032737255,0.8332627,0.026310325,0.9149062,0.037437387,0.94010204
0.7816884,0.7172666,0.7823922,0.705136,0.78018755,0.7080626,0.788037,0.6945298,0.7873773,0.6984277,0.8001901,0.717868,0.7995926,0.724385,0.80576164,0.7984238,0.8024255,0.8120479,0.7996879,0.87697965,0.7943027,0.87596667,0.8379775,0.80445987,0.8374041,0.80986893,0.8107872,0.8172218,0.8152501,0.8214303,0.8291387,0.91099256,0.8347093,0.9095308
0.7812927,0.71506786,0.78207463,0.7036068,0.77913314,0.70740956,0.7878962,0.6910401,0.7844031,0.69718444,0.8006336,0.7093722,0.7967085,0.7189876,0.8088514,0.7803123,0.8026514,0.7986399,0.80361074,0.85046834,0.79693145,0.8531287,0.8351984,0.7884391,0.83200246,0.794719,0.80750984,0.7985477,0.8076898,0.8039623,0.820286,0.902192,0.82068855,0.90305895
0.7816331,0.71620977,0.7823828,0.7047642,0.7793145,0.70878583,0.7881288,0.69178253,0.78366715,0.69876176,0.8013655,0.7085204,0.79513735,0.71993333,0.8111257,0.7777491,0.80085033,0.8002115,0.80580264,0.8491399,0.79587835,0.85645425,0.8352178,0.7848665,0.8302336,0.7919195,0.80881923,0.80189365,0.80482465,0.80795103,0.82397884,0.90409476,0.8185381,0.90625346
0.0643055,0.52896553,0.06039697,0.51659507,0.065742515,0.51963156,0.045742746,0.50916207,0.067186885,0.5173912,0.033956308,0.5530049,0.071791135,0.5586655,0.009564662,0.6128577,0.09198384,0.59703535,0.006036797,0.66763896,0.11616188,0.604485,0.035261165,0.7269844,0.05682808,0.7283945,0.025075672,0.8279059,0.037797112,0.8292612,0.024184797,0.9172911,0.024306273,0.9238843
0.7715972,0.39884946,0.7746691,0.38963225,0.768701,0.3903229,0.780118,0.39094922,0.76451224,0.3930212,0.7883018,0.4407659,0.7589278,0.44458085,0.7965753,0.5073421,0.75394845,0.5123595,0.79497176,0.57443875,0.7521702,0.5746252,0.78349334,0.5749801,0.764755,0.5763527,0.7852522,0.67873,0.7633916,0.6792999,0.78874844,0.776686,0.7660548,0.7769565
0.76998276,0.39803267,0.77273667,0.38864204,0.76713145,0.3896057,0.7784969,0.38964736,0.76315683,0.3920311,0.78708357,0.43888584,0.75832075,0.4420566,0.795463,0.5060405,0.752233,0.51178885,0.7939958,0.57312,0.74856853,0.5774457,0.7824091,0.5731895,0.76400286,0.5739252,0.78508914,0.67587113,0.7614929,0.6757566,0.78649735,0.7753543,0.7628829,0.7748637
0.76845425,0.39587215,0.771206,0.38675013,0.7658232,0.38760006,0.77705777,0.3886455,0.7622378,0.39071548,0.7858502,0.43868876,0.7571982,0.44141552,0.7939471,0.50625837,0.7512276,0.5109538,0.79220027,0.57238173,0.7488067,0.5748658,0.78129435,0.5728576,0.76287436,0.57342696,0.7842126,0.6755328,0.7603133,0.6753047,0.78581923,0.7759995,0.7617049,0.7752048
0.7665797,0.39406815,0.7697085,0.38508195,0.7641677,0.38547686,0.7761876,0.3875247,0.76104015,0.38866505,0.784578,0.43779528,0.75627536,0.4399566,0.7918843,0.5044836,0.7504925,0.5095743,0.7889755,0.56345004,0.7484425,0.57067823,0.7798125,0.57139766,0.76153105,0.5716394,0.78327703,0.6744854,0.7596437,0.67384887,0.7858848,0.77625775,0.7617042,0.77444524
0.7665292,0.39352056,0.7697659,0.38481402,0.76377875,0.38480294,0.77533984,0.38826436,0.7598458,0.38779858,0.78317255,0.43846193,0.7535202,0.4392044,0.79070014,0.5055407,0.7481839,0.5065655,0.78881735,0.56542516,0.74929124,0.5653694,0.7792861,0.5678587,0.7601195,0.5684273,0.78173226,0.6713846,0.7585141,0.6715818,0.78449106,0.7717479,0.7615509,0.77092564
0.7645199,0.39324698,0.7678929,0.38444284,0.76182824,0.38437247,0.7738697,0.3876377,0.7583038,0.38708854,0.78194684,0.43776664,0.7524988,0.438159,0.78983116,0.50568646,0.7473302,0.5054149,0.7894532,0.5685342,0.7479765,0.5644619,0.7780073,0.565668,0.7591755,0.56605,0.780403,0.66922486,0.75865746,0.66927505,0.7829831,0.7700025,0.7619236,0.76866144
0.7623556,0.39352706,0.7657609,0.3845527,0.759654,0.38465965,0.7720682,0.38716376,0.7565449,0.38724184,0.78080946,0.43686244,0.7516138,0.43825665,0.78944176,0.50429094,0.74721116,0.5062191,0.790039,0.56962806,0.74690557,0.5676417,0.77693146,0.56388515,0.758578,0.5644472,0.7783393,0.6672704,0.7586602,0.66745687,0.7799026,0.7671785,0.76202035,0.7658392
0.76140404,0.39232975,0.7648331,0.38330373,0.7586886,0.383339,0.77117455,0.38602635,0.75560457,0.385915,0.78004855,0.4363238,0.75053793,0.43753654,0.78870344,0.5044284,0.7457294,0.50697476,0.78891253,0.57066345,0.7454253,0.57252264,0.7760025,0.5639146,0.7576073,0.5643152,0.77682596,0.6669463,0.75819486,0.6669046,0.77788734,0.7659104,0.7621449,0.76422703
0.760285,0.39315462,0.763599,0.38408455,0.7576333,0.38434693,0.7704949,0.38765237,0.754924,0.3888672,0.78053874,0.4402676,0.7507546,0.44298,0.7887027,0.50777906,0.7451741,0.5107093,0.7882077,0.5697365,0.7447975,0.5729038,0.7771764,0.56988084,0.75885904,0.5708769,0.7770231,0.6725777,0.76012886,0.67261,0.7767799,0.7712636,0.7628388,0.76927495
0.7599215,0.39284587,0.76314706,0.38371313,0.75721115,0.3839893,0.76989526,0.387356,0.75434726,0.38852558,0.77988714,0.44034913,0.75016344,0.4429689,0.78799134,0.5090584,0.7446286,0.5121623,0.78698874,0.5708129,0.7439169,0.57545334,0.77650934,0.570373,0.75833493,0.5713293,0.77567977,0.6738832,0.7597832,0.67394185,0.77510107,0.77442324,0.7628242,0.7726126
0.75969267,0.3937891,0.7628933,0.3844724,0.7568592,0.3847641,0.7695825,0.38769463,0.7536916,0.38880655,0.779463,0.4410767,0.749393,0.44297957,0.7876316,0.5117359,0.7435309,0.51217324,0.78626174,0.5765809,0.74281085,0.57642764,0.77598375,0.5738028,0.7577004,0.5745637,0.77480924,0.67729956,0.7598662,0.6772239,0.7744008,0.7788779,0.7638942,0.7770132
0.759622,0.39262256,0.76292866,0.38353875,0.75679845,0.38365784,0.7691747,0.38576242,0.7535982,0.38620988,0.7785714,0.43741968,0.7486231,0.43883872,0.7867573,0.50785244,0.7428007,0.50898874,0.7837917,0.56951404,0.74196047,0.5743267,0.7750499,0.57165754,0.75668305,0.57220024,0.7736567,0.6787834,0.7582454,0.6784246,0.7747856,0.7825215,0.7641014,0.7802929
0.7593055,0.3927961,0.7625872,0.38383773,0.75655574,0.38390398,0.768866,0.38626286,0.75342554,0.3865274,0.7783846,0.43804592,0.74828434,0.4390742,0.78673214,0.5078599,0.741816,0.5083915,0.7835522,0.56663316,0.74156183,0.5721887,0.7751397,0.5741517,0.7566212,0.5744553,0.773446,0.6821103,0.75736165,0.68141997,0.77492666,0.78724647,0.76332974,0.7846333
0.7602095,0.39283043,0.7636594,0.3832549,0.7571942,0.38391548,0.76980746,0.38576034,0.7532657,0.38787302,0.77953357,0.43854237,0.747485,0.44301844,0.7876218,0.5072646,0.7413328,0.51405525,0.78406566,0.56666434,0.7403704,0.5759285,0.77628016,0.5776503,0.7565199,0.57945037,0.774561,0.683689,0.7582847,0.6841933,0.7748266,0.7879028,0.7640869,0.7872209
0.76098925,0.39301285,0.76443464,0.38329038,0.7577385,0.38396287,0.7703361,0.38589874,0.75322866,0.38786775,0.7796561,0.43906018,0.74691236,0.44322318,0.78775007,0.5081154,0.73997915,0.5146234,0.78434247,0.5679281,0.73928905,0.5782965,0.77619886,0.57908654,0.7559884,0.5808539,0.7744365,0.6850179,0.75767606,0.6854757,0.7742703,0.7891414,0.76339155,0.78868395
0.7609185,0.39228904,0.7643313,0.3829135,0.7577197,0.3827202,0.77020836,0.38561186,0.75331,0.3849122,0.7793133,0.43944842,0.7468565,0.43876958,0.7875215,0.5134465,0.73862785,0.5101268,0.78444237,0.5782672,0.73721045,0.5794181,0.77548414,0.5774413,0.75570506,0.5772633,0.772767,0.6866224,0.7572377,0.6855667,0.77315456,0.7935428,0.76396555,0.7908023
0.7615428,0.39198893,0.7650464,0.38252652,0.7583176,0.382166,0.7709754,0.38504934,0.75376594,0.38383391,0.779942,0.4396325,0.74690336,0.4378236,0.78808206,0.51531243,0.7376972,0.50909454,0.7862227,0.5852083,0.7355157,0.58092,0.775509,0.57947564,0.7554002,0.5788078,0.7725021,0.6881407,0.7564249,0.6866969,0.7726547,0.7940871,0.76258755,0.79087085
0.76307887,0.39092645,0.76662433,0.38143528,0.7597723,0.380787,0.7724266,0.38311097,0.75486153,0.38099793,0.7807651,0.437307,0.74752825,0.43325984,0.7880391,0.51574874,0.7376808,0.5039174,0.78593975,0.58907926,0.7354223,0.5765449,0.7751996,0.57823294,0.75494105,0.5765966,0.77212954,0.68901294,0.7559918,0.6867074,0.7719655,0.7963959,0.7617386,0.79228437
0.76372665,0.39032218,0.7672729,0.38094613,0.7605042,0.3801585,0.77309626,0.38214064,0.7557075,0.37968302,0.7813001,0.43585104,0.74825823,0.43089384,0.7884142,0.5146906,0.73834294,0.50038165,0.78589386,0.5882985,0.73546445,0.5722586,0.7750451,0.57741857,0.7548885,0.57533807,0.77235156,0.68873286,0.7561538,0.6860335,0.7723864,0.79654837,0.7618253,0.7920241
0.76440567,0.38931704,0.7680479,0.3799123,0.76113176,0.3790523,0.77380985,0.38149056,0.7561018,0.3788348,0.7816851,0.4360526,0.74833953,0.43042716,0.78840613,0.51644754,0.738447,0.49971175,0.7853451,0.5899448,0.73498195,0.56978536,0.77449423,0.5778939,0.7540622,0.5754544,0.7716411,0.69058156,0.7548901,0.6875781,0.7720682,0.8004309,0.76079506,0.7957571
0.7650297,0.38917786,0.7686714,0.3798552,0.7617475,0.37891227,0.77433085,0.3812982,0.7565774,0.3784574,0.7820608,0.43575448,0.7485437,0.43005309,0.78889006,0.5153642,0.73831815,0.49913138,0.78581226,0.58760035,0.7333565,0.57051295,0.7743802,0.5779883,0.75374824,0.5753914,0.7715672,0.68887943,0.75354177,0.6856891,0.7723226,0.7946713,0.7588604,0.7899762
0.7647699,0.3923342,0.7685256,0.38303378,0.76160043,0.38179532,0.77438253,0.38364735,0.75654566,0.38014472,0.7821423,0.43691915,0.7482435,0.43052047,0.7892296,0.5163971,0.7374492,0.4996698,0.7860358,0.58734137,0.73144746,0.5717865,0.7733558,0.5797,0.75246406,0.5766133,0.77057034,0.6915891,0.7517509,0.6880043,0.77137595,0.80077493,0.75659895,0.79549044
0.76437676,0.39522654,0.768228,0.38601315,0.7613448,0.38439524,0.7742619,0.38578698,0.7564423,0.3813086,0.78203416,0.4377043,0.74765986,0.43028894,0.7892192,0.5167992,0.736549,0.4998109,0.78592294,0.5867399,0.73119843,0.57406706,0.7724851,0.58120286,0.7511253,0.5775345,0.77009517,0.69391394,0.74952906,0.6897394,0.77059895,0.80315304,0.7532259,0.797006
0.7640696,0.39735124,0.76723003,0.38840893,0.7616692,0.3872136,0.77273923,0.38843507,0.7573597,0.3851172,0.7820053,0.4393379,0.7474392,0.43289787,0.7886043,0.51809907,0.7360738,0.50139123,0.78541124,0.58749044,0.7308309,0.57424283,0.77224857,0.5849393,0.750657,0.5814845,0.7697859,0.69085544,0.7466025,0.6867775,0.7715897,0.79815793,0.75011593,0.7924703
0.7634053,0.4005356,0.7667052,0.39137754,0.7608325,0.39029062,0.7724599,0.39113075,0.75644803,0.38802388,0.7817139,0.4423263,0.7466573,0.4359705,0.7884959,0.52160263,0.7349977,0.5044241,0.78589004,0.5944705,0.7311611,0.5787285,0.77233356,0.587379,0.7504118,0.58402485,0.7697491,0.6947919,0.74610525,0.690748,0.7709891,0.8026459,0.74935055,0.7969867
0.76214564,0.4026475,0.7652423,0.39392558,0.7601504,0.39282852,0.7712514,0.39491564,0.7568553,0.39183655,0.7813497,0.4467115,0.746907,0.43971208,0.7884509,0.52679396,0.7346195,0.50679284,0.78580445,0.59948057,0.73030037,0.57880914,0.77158135,0.5927173,0.74996257,0.588882,0.76939553,0.70201075,0.7453498,0.69769686,0.7703226,0.81067973,0.7477012,0.8046701
0.7595744,0.40525687,0.7626718,0.39655736,0.758257,0.39535153,0.7696075,0.39720896,0.7560643,0.3939405,0.7806686,0.44631872,0.7455894,0.43927976,0.78933483,0.52229357,0.7320284,0.5053827,0.78653365,0.594101,0.7276602,0.57930905,0.77028984,0.595657,0.7479503,0.59119433,0.770081,0.70613766,0.74395514,0.701323,0.76962775,0.8172581,0.74426085,0.8107064
0.7551412,0.41046998,0.7569742,0.40214506,0.7559476,0.400567,0.7637725,0.40511104,0.7618552,0.40039492,0.77270025,0.45451212,0.7567914,0.4434889,0.78213274,0.5309025,0.7398637,0.51267296,0.7818788,0.5967592,0.73388356,0.590801,0.7637085,0.6015142,0.75388324,0.59428525,0.7664251,0.7116268,0.7475881,0.70493156,0.7680289,0.8251575,0.74471045,0.81574553
0.7509255,0.41428134,0.75214833,0.40431458,0.75327486,0.4043404,0.7540545,0.40551725,0.7689808,0.4054954,0.74766856,0.4553741,0.77681035,0.4559486,0.733352,0.53018975,0.78744644,0.5311515,0.72726244,0.6029719,0.78521806,0.59924746,0.7498645,0.5998455,0.7676722,0.5995764,0.7496761,0.71022874,0.7638176,0.7118435,0.7524953,0.82094264,0.7615336,0.82141167
0.7550129,0.42928386,0.7577364,0.42022005,0.75408983,0.41954342,0.76550156,0.42039758,0.75392187,0.41845363,0.7778711,0.4664339,0.7452634,0.46173555,0.7877614,0.5392231,0.7304087,0.53304636,0.7849115,0.6066177,0.72532415,0.6173256,0.7674484,0.60826,0.7469122,0.60403365,0.7680534,0.71594566,0.7430634,0.71145964,0.76682323,0.82583064,0.74347395,0.8191075
0.7624418,0.46292603,0.7652839,0.45216057,0.7589671,0.4514957,0.77033913,0.44216734,0.75227726,0.43934363,0.779538,0.47510925,0.74029016,0.47052675,0.78817654,0.5523712,0.729583,0.5447384,0.78349394,0.6258369,0.7274578,0.62376124,0.7689444,0.6055728,0.7441972,0.60331655,0.76797765,0.7164043,0.7417346,0.7140357,0.76306313,0.8282023,0.74288744,0.8262302
0.7623666,0.4790412,0.76526725,0.4672965,0.75833744,0.46755654,0.76974916,0.45471027,0.7510039,0.45534316,0.7781288,0.4834681,0.7383669,0.4863884,0.78681463,0.5612275,0.7287672,0.56611973,0.78017825,0.649236,0.7291935,0.66115427,0.7693049,0.60395586,0.74392986,0.6059584,0.7687171,0.7087614,0.7409504,0.7104136,0.7656824,0.8187151,0.7434832,0.8225631
0.76218987,0.5016559,0.7652163,0.48971152,0.7582454,0.49001318,0.7700716,0.47403413,0.7515015,0.47490492,0.77959484,0.49605015,0.7386351,0.49833196,0.7877921,0.57283366,0.7279633,0.5732931,0.77906054,0.6580728,0.727749,0.6620399,0.77046543,0.60688883,0.7444348,0.6084346,0.7699769,0.7095395,0.7413882,0.71049327,0.76604086,0.8168864,0.74468184,0.81954026
0.7625083,0.52319854,0.76554626,0.5106181,0.7584118,0.5115632,0.7705682,0.49230242,0.7513569,0.49497703,0.779051,0.50840515,0.73762923,0.5170049,0.7871383,0.58085567,0.72937644,0.5984875,0.77605456,0.6563587,0.7320222,0.68406653,0.76982,0.6126876,0.7433323,0.61770606,0.76913184,0.716347,0.7414147,0.72136104,0.7642727,0.8212468,0.7454741,0.8295694
0.7602935,0.5431523,0.7634874,0.5309511,0.7559758,0.5313314,0.769312,0.5114009,0.74961966,0.5126033,0.7796212,0.5258476,0.7385278,0.5291326,0.7869547,0.6011555,0.7315033,0.6090859,0.7766392,0.6692013,0.73547095,0.69151175,0.76997507,0.6161083,0.7441769,0.6173163,0.76914424,0.7173554,0.7418707,0.7175267,0.7630853,0.8227411,0.7465278,0.82385874
0.76152724,0.57233447,0.7646999,0.55989045,0.7573475,0.5601871,0.7711545,0.5407543,0.7508125,0.5408975,0.78106284,0.54934305,0.738643,0.5528501,0.78677267,0.62599957,0.73315614,0.64172167,0.77514374,0.685915,0.7392894,0.72142714,0.77076846,0.6129088,0.7437431,0.614085,0.7691213,0.71950114,0.7402649,0.7198379,0.76241034,0.8204681,0.74685615,0.8221109
0.7643308,0.5906985,0.7671286,0.5780339,0.76006436,0.5786294,0.772342,0.5615061,0.7523736,0.562085,0.78085655,0.5701497,0.7386086,0.5730603,0.7848928,0.65660214,0.7337639,0.6665632,0.7736502,0.7172094,0.74097615,0.73611176,0.76964986,0.6139123,0.74249905,0.6154803,0.76903397,0.72252405,0.7405612,0.7239135,0.76298946,0.824328,0.749406,0.8283148
0.7643684,0.61965644,0.76660484,0.6067526,0.7598249,0.60959834,0.7719214,0.58837515,0.75250775,0.5943008,0.78150964,0.583096,0.74059814,0.5914758,0.7835569,0.6775918,0.7403276,0.69033885,0.77439183,0.7551504,0.74942243,0.75822896,0.7688438,0.58497083,0.7420873,0.5890435,0.7688637,0.69944423,0.74197334,0.7046693,0.7662278,0.81307024,0.75442976,0.82236564
0.0684003,0.57106847,0.06523835,0.55987436,0.0693449,0.56202686,0.04677366,0.55060256,0.06842478,0.5553993,0.032803204,0.5755756,0.069571756,0.58243716,0.010237873,0.6247168,0.100117065,0.5982279,0.010003132,0.680835,0.12852442,0.5956612,0.03595989,0.75423694,0.056949534,0.7576113,0.019747395,0.8660652,0.04199731,0.8667117,0.015705198,0.9510236,0.0417498,0.947482
0.08610051,0.6012639,0.083340876,0.5897054,0.087133504,0.59457606,0.06676998,0.561676,0.08380624,0.5807039,0.056402635,0.5543692,0.08006274,0.5861766,0.019937465,0.59201163,0.08863851,0.63387156,0.0043305904,0.66916114,0.102151655,0.68096447,0.044152062,0.66198987,0.055957567,0.67441165,0.0533424,0.7664329,0.060483247,0.7774192,0.03596493,0.84631276,0.034279406,0.8640525
0.7710604,0.8449477,0.77643055,0.8346113,0.7682086,0.82740825,0.78643084,0.80518824,0.76343817,0.7823331,0.7997918,0.79341274,0.74229556,0.74532795,0.80377764,0.9116141,0.7206346,0.7959486,0.7974157,0.99088943,0.72225624,0.82435334,0.77795637,0.8283329,0.7392063,0.8069285,0.7844216,0.9640091,0.73340905,0.94260997,0.7804541,1.0,0.73186415,1.0
0.060809314,0.5548844,0.05735622,0.54235137,0.06338151,0.54556954,0.044014167,0.52708626,0.068412386,0.53518045,0.034912612,0.55422336,0.07309949,0.55777526,0.016819656,0.61086607,0.09633275,0.5796287,0.017561788,0.7042076,0.12127862,0.6103402,0.038037796,0.7131365,0.059841633,0.7137361,0.025655432,0.81240284,0.036888916,0.8124239,0.024400527,0.891635,0.024404997,0.89599764
0.074741155,0.5596324,0.071513124,0.54932034,0.07689094,0.55085576,0.04925428,0.55094415,0.07354321,0.5556506,0.033992577,0.5906919,0.073121525,0.5820318,0.0070001483,0.6331535,0.09783877,0.5925851,0.009470033,0.6651555,0.13605116,0.58664775,0.03739041,0.7443105,0.057461835,0.7371702,0.025709152,0.83480716,0.04280622,0.8292322,0.024083257,0.9095194,0.035652246,0.91282415
0.07623837,0.5553438,0.07234618,0.5429363,0.07696634,0.5471759,0.05259813,0.527004,0.072025515,0.5409676,0.038542006,0.5542239,0.07255089,0.57309717,0.013092423,0.59223986,0.092629306,0.6037364,0.01167916,0.6446967,0.11866623,0.6164974,0.034891244,0.7203219,0.054342337,0.7274939,0.028380666,0.8186486,0.044399768,0.8241458,0.024728153,0.8971151,0.032818537,0.91024446
0.056663107,0.5252737,0.053620387,0.512981,0.060152948,0.515227,0.04135715,0.5139704,0.06988598,0.5190653,0.03215013,0.55898094,0.072663255,0.5680553,0.007817161,0.6429343,0.08746791,0.63484037,0.0028616728,0.71865726,0.099679366,0.6469881,0.031618085,0.74716145,0.05487032,0.7504218,0.024854336,0.85156435,0.040801883,0.8623672,0.012948739,0.9287616,0.024928508,0.9440628
0.05953557,0.5477883,0.057457138,0.5342483,0.06300918,0.5376465,0.047786027,0.5176372,0.07093613,0.5285687,0.039620675,0.5462158,0.073780045,0.5593938,0.012414664,0.60707366,0.086300075,0.6056867,0.00784637,0.67514324,0.10259422,0.630681,0.039071213,0.7085655,0.05890156,0.7122604,0.02539937,0.8033277,0.03518126,0.8065549,0.02111966,0.8729985,0.019091139,0.8800536
0.054743033,0.550126,0.050901562,0.5378908,0.056976754,0.53964734,0.040517133,0.5261127,0.06278496,0.53106546,0.03609345,0.56074584,0.069451004,0.5631487,0.011152578,0.6104063,0.088673405,0.6037765,0.00885039,0.637243,0.11047518,0.61429334,0.042041745,0.72772527,0.06102944,0.7259805,0.029236097,0.8250094,0.03784547,0.8223658,0.016166363,0.8969745,0.011858553,0.8959941
0.078261845,0.5665674,0.073665135,0.55422455,0.07825252,0.5585643,0.051167082,0.54012483,0.07102818,0.5528435,0.037011344,0.5715416,0.07153384,0.58351415,0.014760516,0.62161803,0.092860356,0.6048363,0.012402231,0.69180256,0.11063998,0.61311847,0.033321425,0.73359305,0.054012716,0.73787934,0.023873368,0.8361555,0.043206003,0.83941996,0.017801568,0.91925013,0.032386918,0.9312063
0.8609852,0.47690287,0.86440766,0.45895955,0.8603348,0.46372983,0.8816973,0.44849995,0.87212056,0.45715356,0.91007584,0.5189577,0.88462967,0.5094429,0.91702473,0.6508796,0.87214917,0.6001561,0.8683363,0.68154866,0.84446526,0.63508815,0.9089578,0.7200251,0.89385426,0.6993372,0.8437783,0.72685766,0.8314555,0.70392865,0.84540695,0.91482407,0.839326,0.88163626
0.8587988,0.4786891,0.8627949,0.46032324,0.85750216,0.46567792,0.8810114,0.44975474,0.8678447,0.4601241,0.9089676,0.52132815,0.88092434,0.51406467,0.91514933,0.65351325,0.8687863,0.6058791,0.8659854,0.68250734,0.84115094,0.64033824,0.9080581,0.7182898,0.89113826,0.69832444,0.84350103,0.7259657,0.82984275,0.70141315,0.84734404,0.91618377,0.8412982,0.8797692
0.8573122,0.4803088,0.8608724,0.46198913,0.85621876,0.46751025,0.8780975,0.44987956,0.86733335,0.4601337,0.9063453,0.5200459,0.87983555,0.5115971,0.9120644,0.65339184,0.86800355,0.60414845,0.8655936,0.6829943,0.8400734,0.6380532,0.9067144,0.72132015,0.8908922,0.7012861,0.8417085,0.73384935,0.8289769,0.70545745,0.8509197,0.9220887,0.84400284,0.8775374
0.857336,0.4807517,0.8607635,0.46212012,0.8555879,0.46824604,0.876729,0.44958156,0.86503375,0.46122408,0.9053721,0.51975495,0.87650985,0.51238513,0.91115516,0.65528613,0.8645237,0.60626495,0.86315453,0.68405885,0.835038,0.64304584,0.9069454,0.7215597,0.88964826,0.7023099,0.8412507,0.73445874,0.827856,0.70538956,0.85287505,0.922381,0.84633017,0.8767748
0.8539633,0.48306367,0.85676634,0.4647239,0.8527237,0.47096986,0.8717333,0.45203376,0.863388,0.4636424,0.9013462,0.5210776,0.8736788,0.51294035,0.9086499,0.65593594,0.8611932,0.60360736,0.8623433,0.6967892,0.8314296,0.647141,0.90341586,0.7268422,0.8872145,0.7083183,0.8409854,0.74147254,0.82917386,0.7127147,0.8553154,0.92207247,0.84888786,0.87520665
0.8499897,0.4862551,0.8529798,0.46799394,0.84858,0.47437885,0.86779636,0.4538839,0.8585585,0.46573514,0.8982911,0.5209254,0.8691543,0.516151,0.9084121,0.6584168,0.8568918,0.6112392,0.8629907,0.70874226,0.8255717,0.66184586,0.90404505,0.7300369,0.88690895,0.7138265,0.841103,0.74630946,0.82759,0.722503,0.8581824,0.9247147,0.85043794,0.88473606
0.8461711,0.4911867,0.84979194,0.47167143,0.84461814,0.4784594,0.86495084,0.45705447,0.85383826,0.46932286,0.89516795,0.52239203,0.86434263,0.523041,0.9080925,0.6557256,0.8502514,0.61572045,0.8611229,0.7143985,0.821037,0.66690665,0.90405935,0.7294632,0.8854386,0.71719253,0.8449462,0.75694495,0.8299348,0.7444608,0.8605672,0.9158377,0.8535983,0.8911506
0.8403425,0.49542588,0.84416336,0.47627133,0.83836955,0.48264927,0.85946476,0.46261588,0.8465638,0.47452453,0.8914712,0.5267921,0.85877925,0.5291847,0.9067302,0.65913534,0.84843296,0.62413204,0.8592308,0.7184465,0.8208643,0.67584974,0.9060839,0.7236157,0.8858806,0.7114367,0.8469376,0.76057476,0.8279549,0.74255747,0.8664915,0.9197889,0.8557439,0.88456976
0.83341944,0.50118273,0.8362183,0.48253644,0.8318117,0.4894167,0.8499891,0.46717885,0.8409899,0.47975695,0.883334,0.5262667,0.8545214,0.529096,0.9012225,0.66187996,0.844741,0.6246012,0.85566884,0.7249619,0.81861705,0.67836624,0.9054925,0.71248466,0.8880764,0.7031976,0.8453223,0.75647396,0.83039707,0.7483909,0.86754674,0.9080337,0.858128,0.886329
0.82836914,0.5132376,0.8301798,0.49454716,0.82682973,0.5028739,0.8424512,0.47452822,0.83622116,0.49047056,0.8762585,0.52335685,0.8502669,0.53380394,0.8971428,0.6543967,0.84050477,0.63153476,0.8553607,0.7285787,0.81468135,0.6941624,0.9032391,0.70591885,0.8880146,0.70258605,0.8438449,0.7557656,0.8330537,0.76135,0.8684555,0.9053546,0.8605755,0.89961255
0.82191545,0.5244157,0.8235119,0.50633043,0.8207051,0.5150053,0.83603185,0.48196852,0.83117974,0.49845666,0.8681979,0.5228441,0.84698814,0.5347179,0.88944453,0.65347576,0.83947754,0.63197285,0.8501425,0.7359364,0.8156161,0.6989599,0.89770406,0.69776505,0.8855507,0.69761586,0.8413459,0.7573338,0.8339171,0.772681,0.8702594,0.90146214,0.86300033,0.9083139
0.8137931,0.5357942,0.8148972,0.5180115,0.81304437,0.5276188,0.8280198,0.49474815,0.82321614,0.5132511,0.86233693,0.534055,0.8384922,0.5512564,0.8870501,0.65385455,0.8328684,0.6511458,0.85367787,0.7435833,0.81074756,0.72007835,0.8983409,0.6944539,0.8842565,0.6967953,0.8420233,0.76289666,0.83231765,0.77654815,0.8783739,0.9013159,0.8688249,0.90469074
0.8081514,0.5462708,0.80848324,0.52947706,0.80655164,0.53529006,0.8188904,0.5126055,0.817704,0.52244395,0.8490775,0.5452014,0.83491594,0.55530894,0.86990607,0.6560919,0.83418006,0.6604927,0.84547323,0.7457498,0.81029576,0.71609706,0.9036032,0.6789295,0.89228743,0.68384326,0.84246665,0.77424,0.83674616,0.7790497,0.8737139,0.905724,0.8671128,0.9036228
0.8006833,0.5611521,0.8018487,0.5454492,0.79908484,0.5532718,0.81370175,0.52223426,0.80609196,0.5373998,0.846656,0.5514245,0.82448953,0.57381207,0.87410563,0.65630615,0.82144195,0.67386186,0.85154754,0.74957293,0.8027155,0.75150484,0.89571106,0.67658615,0.8822592,0.684052,0.8453545,0.77990955,0.8364728,0.79147255,0.8828249,0.9204377,0.8751092,0.91672164
0.79193085,0.56897485,0.79377145,0.55213994,0.78997546,0.5623792,0.8069189,0.5296121,0.79690284,0.5491981,0.8365413,0.5577874,0.819894,0.5899899,0.86419964,0.64550406,0.81872267,0.6783611,0.84970725,0.7452241,0.8010029,0.7550926,0.8918727,0.6767895,0.8820242,0.69164485,0.8388222,0.7769881,0.836181,0.80489707,0.88351023,0.9110468,0.8817622,0.92677456
0.7848181,0.5837576,0.78592193,0.56844324,0.7838929,0.57544637,0.7978063,0.54368687,0.7924451,0.5573852,0.8264697,0.5650088,0.8171007,0.5949981,0.85205746,0.645709,0.8138842,0.68950135,0.84710073,0.7372036,0.7938637,0.77237135,0.8897303,0.67201716,0.88444275,0.6861449,0.8413965,0.7948401,0.83993,0.8153215,0.88051844,0.92458194,0.87668324,0.9300416
0.77453405,0.6013271,0.7753273,0.58567005,0.77342933,0.5940537,0.7860231,0.560367,0.7799094,0.5773572,0.81620663,0.57778144,0.8029321,0.6125515,0.8451781,0.64719033,0.7973219,0.6977345,0.84643996,0.73380005,0.7816468,0.784647,0.8850609,0.67572767,0.87748665,0.693631,0.8359925,0.79103184,0.8341934,0.81413835,0.8813035,0.91689414,0.878167,0.9237748
0.76788926,0.6169485,0.76756716,0.6046139,0.76750153,0.606841,0.77614576,0.5752458,0.7746266,0.5803279,0.80994046,0.5916027,0.79719514,0.59919477,0.8356789,0.67027336,0.7918729,0.6803204,0.843177,0.76792276,0.78001136,0.7948904,0.8866938,0.6687617,0.88303417,0.671122,0.8349889,0.81229496,0.85274214,0.7777827,0.87871736,0.9249323,0.9122511,0.8439368
0.7600346,0.64418364,0.7601058,0.62906104,0.75797504,0.6362923,0.7711351,0.5957871,0.7643283,0.6088901,0.8010141,0.59640443,0.78590655,0.61030275,0.8284856,0.67527664,0.7813309,0.68107957,0.832292,0.7680493,0.7659977,0.7969146,0.87397784,0.67112046,0.8660164,0.6833359,0.83077335,0.80782104,0.83069795,0.8271172,0.87398255,0.92107016,0.8704708,0.92610615
0.7504179,0.6494342,0.751218,0.6366258,0.7491521,0.640509,0.7617474,0.60942376,0.7541924,0.6163394,0.79155713,0.6203649,0.77603483,0.63197726,0.81500816,0.71982926,0.7712864,0.7225363,0.8108687,0.8166067,0.750973,0.8282065,0.8710851,0.6671734,0.86229527,0.6772736,0.82570523,0.81053406,0.82118237,0.8206198,0.87612075,0.90546685,0.8730375,0.9013644
0.7426297,0.6632358,0.7425742,0.6498701,0.74128306,0.6551453,0.7532622,0.6211763,0.74795383,0.6311778,0.7863765,0.6278585,0.76746446,0.6391159,0.8147597,0.7425678,0.7626839,0.7391956,0.80116177,0.83387595,0.7418304,0.84182954,0.86004955,0.6787941,0.8493743,0.688273,0.8195712,0.8299273,0.81285566,0.8417641,0.86880225,0.93107605,0.86179715,0.9243889
0.73397726,0.6861789,0.732922,0.67478245,0.73387164,0.6787065,0.74293107,0.6399445,0.7439162,0.6460424,0.7802571,0.6384481,0.7654411,0.63877076,0.80704737,0.7859737,0.7564516,0.7560522,0.78753006,0.8685382,0.7268011,0.86629665,0.8626625,0.6886069,0.8550393,0.69384325,0.81529564,0.8448366,0.8124297,0.8528476,0.86878204,0.93072647,0.8623477,0.92257744
0.7293775,0.71916676,0.72728056,0.7075448,0.7281615,0.712,0.7341343,0.66567326,0.73528904,0.6737792,0.7686999,0.65469855,0.756756,0.6591809,0.79206103,0.81062657,0.75019395,0.79467016,0.76941127,0.89797276,0.7097953,0.9244264,0.8527388,0.6948006,0.84681064,0.70233345,0.8093678,0.8595048,0.8065079,0.86490786,0.8673016,0.93668777,0.8604869,0.92263263
0.72392344,0.73383766,0.7212855,0.72079015,0.72157216,0.72677034,0.7275474,0.6789266,0.72820306,0.6901248,0.76323044,0.67072374,0.75343025,0.678263,0.7944952,0.82219994,0.76170164,0.81271994,0.7626218,0.91312134,0.7223628,0.93653303,0.8399401,0.71675926,0.8347808,0.7225542,0.79846233,0.8796085,0.79261875,0.8814574,0.85514754,0.95182073,0.84434044,0.9292939
0.71253675,0.750502,0.71045905,0.7403807,0.7110167,0.74271387,0.7171818,0.70374477,0.7158755,0.7078152,0.7499181,0.6899627,0.73831314,0.6931501,0.7798781,0.83892,0.7470131,0.83086705,0.7572126,0.9284976,0.71727246,0.9562686,0.8303175,0.6990278,0.8227768,0.7059437,0.8032746,0.88341665,0.792673,0.8856939,0.85647166,0.9413424,0.8409938,0.9237832
0.7018325,0.78926784,0.6998262,0.7754909,0.6987888,0.77974415,0.7062616,0.7353308,0.69918036,0.74448144,0.7400707,0.72467434,0.7213283,0.7290562,0.76365745,0.8761798,0.733935,0.8570913,0.7345562,0.9767889,0.711128,0.9579467,0.82355195,0.7263483,0.81082076,0.73300207,0.79889727,0.89390343,0.78381056,0.8930115,0.85067016,0.9333251,0.83371705,0.9125368
0.69154406,0.8105323,0.6897055,0.7980185,0.69015217,0.79864526,0.69738305,0.7583886,0.69521487,0.75892365,0.731075,0.7543154,0.7186399,0.7369034,0.74780303,0.91179967,0.7285318,0.8593497,0.7273373,0.99224716,0.70774996,0.97171825,0.81363434,0.75378114,0.80526495,0.7508182,0.79019153,0.91889465,0.77962095,0.903446,0.8391167,0.93635565,0.82419014,0.9058377
0.6740772,0.8435231,0.6722261,0.8327663,0.6718556,0.8336921,0.6824704,0.7924423,0.67868936,0.79542506,0.71971506,0.78379,0.7019778,0.7610686,0.73352116,0.95409846,0.71817213,0.8848104,0.7081756,0.9807196,0.7070211,0.9633713,0.7969464,0.79468185,0.78191537,0.7893927,0.79172957,0.9496653,0.75830287,0.93545145,0.83285517,0.93141663,0.7823979,0.90876067
0.6673152,0.85090953,0.6657014,0.843491,0.66517353,0.8397011,0.6727187,0.8054038,0.66889423,0.7975824,0.70488757,0.79519653,0.69392675,0.76548934,0.7246993,0.9625378,0.715543,0.8859896,0.7090751,0.9998214,0.7070647,0.96973234,0.7950086,0.8042241,0.7870286,0.800953,0.78999764,0.9533434,0.7796771,0.9431797,0.82883805,0.91883147,0.8174481,0.9025555
0.6661331,0.8544162,0.66304505,0.8399255,0.6597864,0.8477893,0.6686584,0.80841345,0.6596398,0.82851464,0.6987259,0.81647,0.69152254,0.8171046,0.7210213,0.9778003,0.7175726,0.93913984,0.7102026,0.9960056,0.7127931,0.9622016,0.78901297,0.82004476,0.7842121,0.83100724,0.7950053,0.9665425,0.7968435,0.9648919,0.8394133,0.93998843,0.83723253,0.9134787
0.6530417,0.8984551,0.65003437,0.8828887,0.64802814,0.89082545,0.6590145,0.8389035,0.65337867,0.85883415,0.6977507,0.8291869,0.68287534,0.833039,0.7628197,0.9374633,0.7050766,0.92257607,0.81655926,0.9556173,0.6922724,0.95804363,0.7791711,0.8484509,0.77288103,0.86301607,0.80137587,0.98263764,0.7967903,0.9861256,0.8424492,0.92352074,0.8335711,0.91057557
0.041824043,0.5327056,0.03971941,0.52144164,0.045134813,0.52298534,0.0337618,0.52225,0.059381735,0.52322733,0.030653123,0.5685239,0.06747675,0.5620412,0.01008971,0.6407046,0.09148788,0.6031832,0.0071715117,0.6946816,0.107829526,0.6071088,0.034710284,0.7454125,0.0565704,0.74186164,0.023284113,0.8746349,0.041837145,0.8687541,0.017877111,0.95508313,0.037402492,0.94953376
0.6367556,0.9558582,0.63154215,0.9482557,0.6385891,0.94419605,0.6350748,0.91084635,0.65370363,0.90269285,0.6680549,0.9016899,0.6835532,0.8691407,0.6767897,0.9734448,0.73357207,0.910169,0.6410697,0.9117221,0.76083237,0.9185708,0.7601619,0.9002179,0.7697874,0.89550304,0.78941387,0.9695124,0.80330384,0.9366997,0.823122,0.95281833,0.83839655,0.91528004
0.029365508,0.59011894,0.028363515,0.5783388,0.03217839,0.57892543,0.030827457,0.5573172,0.046653938,0.5568924,0.032361962,0.57264924,0.05901884,0.5611968,0.02070919,0.63099086,0.08696538,0.5837649,0.021500966,0.70772946,0.10720034,0.6183089,0.040238608,0.7107764,0.05660696,0.70444643,0.03193251,0.8234274,0.05064686,0.8173609,0.021882216,0.9095016,0.037871063,0.8996491
0.065360084,0.5459408,0.0613493,0.5360384,0.06656366,0.53751105,0.043824326,0.5371444,0.06847552,0.54078764,0.03275054,0.57259536,0.07138505,0.5737493,0.012094903,0.6204804,0.10563631,0.5960405,0.011833987,0.63342595,0.13937743,0.5934701,0.03605623,0.73947537,0.05694289,0.74034834,0.024326626,0.84292567,0.041030973,0.8444795,0.013872392,0.921844,0.026637573,0.92674506
0.63902503,0.86558145,0.63222945,0.8589918,0.64062274,0.863028,0.6188528,0.87051,0.64226145,0.8836234,0.6386788,0.9055359,0.6579019,0.9313411,0.69266695,0.91117865,0.706343,0.94245595,0.7355606,0.91599184,0.71798795,0.89752084,0.7115677,0.9303486,0.72689503,0.9579103,0.7731781,0.8566184,0.7808979,0.8681096,0.8229861,0.930547,0.8302397,0.94949913
0.6389896,0.8499183,0.6315373,0.8428451,0.6387858,0.850085,0.6177448,0.8634423,0.6397984,0.88416666,0.6370353,0.9120344,0.66234297,0.93967956,0.6891553,0.91941595,0.7208194,0.95125467,0.7301201,0.91431123,0.74118656,0.90828145,0.71104115,0.9314586,0.7294268,0.9594042,0.7698721,0.8417342,0.78399557,0.85559106,0.8162777,0.90439373,0.8281175,0.9231575
0.62450254,0.89947885,0.6169545,0.8927899,0.62388855,0.905354,0.6080861,0.90397835,0.6249445,0.9375605,0.63673234,0.92336476,0.64283556,0.96907324,0.6863731,0.88903254,0.6748735,0.9411804,0.71833056,0.9147297,0.6810238,0.899382,0.7153475,0.9234793,0.72222286,0.9598505,0.7702347,0.8366232,0.7797737,0.8613043,0.8178873,0.90476876,0.8279997,0.92583716
0.6220506,0.9254718,0.6152955,0.9186996,0.61932266,0.93042505,0.6118699,0.9265492,0.6222013,0.95772123,0.63939404,0.9443449,0.6434843,0.9771853,0.67849606,0.9043501,0.67908967,0.93837655,0.6997495,0.89656365,0.69036394,0.895675,0.7164621,0.9172925,0.7225406,0.9468172,0.7670514,0.83689505,0.7760475,0.85346454,0.8048221,0.8825442,0.81663084,0.8933471
0.61495477,0.92016,0.60830843,0.91087246,0.6140499,0.92478114,0.6055164,0.912562,0.6184153,0.9483028,0.6387109,0.9199967,0.64375335,0.96884704,0.69190073,0.87594336,0.6793429,0.9384533,0.7288967,0.9121148,0.68708897,0.9069357,0.72273296,0.9124468,0.7293708,0.948185,0.7636757,0.8333687,0.77464074,0.85591155,0.81167716,0.90760076,0.8258478,0.9233808
0.61427736,0.9201634,0.6076692,0.91280043,0.6153016,0.92567754,0.6038604,0.91559476,0.61904263,0.9478089,0.6391136,0.9132493,0.64304894,0.95905805,0.71471786,0.85171944,0.69138014,0.9087287,0.7823577,0.91958255,0.7116648,0.9036036,0.72175694,0.9062663,0.72806454,0.9407,0.75406057,0.82389086,0.76306486,0.8442259,0.81465256,0.9197097,0.8228464,0.9242694
0.055935025,0.5279795,0.052595295,0.5155833,0.058614608,0.5174999,0.04083478,0.51180184,0.06788195,0.5171931,0.03309825,0.55070156,0.071843855,0.56042635,0.010386682,0.62370175,0.08354673,0.63635916,0.007417214,0.657459,0.08790379,0.6564074,0.032681942,0.73151153,0.056272935,0.7333192,0.024971994,0.8471067,0.044952124,0.8465183,0.015536613,0.93774915,0.031775687,0.933437
0.0725433,0.55662113,0.06826648,0.5454803,0.07339219,0.54676723,0.047584165,0.5360426,0.07088453,0.5416964,0.034545314,0.56135505,0.0681304,0.57083714,0.010669834,0.6085929,0.08885864,0.6003105,0.011724943,0.6345659,0.11225953,0.59518087,0.035427283,0.7451628,0.0545582,0.7483873,0.026636168,0.84489185,0.046259295,0.8405361,0.015041584,0.93201566,0.03447929,0.9199612
0.60527235,0.9301645,0.5971269,0.9265877,0.6052677,0.9388854,0.5910251,0.9394101,0.6081249,0.968856,0.6198404,0.938908,0.65310854,0.95367837,0.67072904,0.86088073,0.74679655,0.85954326,0.70824736,0.94299626,0.80807036,0.9132121,0.7116522,0.92189157,0.73091215,0.93957806,0.72855526,0.8038772,0.75605124,0.8132536,0.77618116,0.94586647,0.79369384,0.9374775
0.5998544,0.93858004,0.5917179,0.93384594,0.5982502,0.9482814,0.5853924,0.9443162,0.5991408,0.97956127,0.61457723,0.938595,0.64004946,0.96791935,0.6542782,0.859769,0.7160243,0.88887805,0.67910355,0.9119032,0.76334023,0.9202948,0.7127127,0.91786325,0.7279143,0.94367063,0.73133343,0.8069373,0.75607926,0.8204001,0.7853617,0.9366016,0.80514157,0.9331465
0.6031559,0.9355556,0.59573513,0.92883724,0.60039955,0.9435227,0.59005547,0.9321349,0.5985921,0.96915287,0.6204714,0.923787,0.627384,0.9623498,0.6494459,0.8617784,0.6673653,0.9054968,0.660141,0.90358055,0.68113166,0.925798,0.71482223,0.9152253,0.7198003,0.94622844,0.73971426,0.8105679,0.75431967,0.8254565,0.7934245,0.93172425,0.8098485,0.9330839
0.60451347,0.9413486,0.5970244,0.9343061,0.6017209,0.949845,0.5916484,0.93807954,0.6005766,0.97665954,0.62070876,0.9297851,0.6312379,0.9670448,0.64555126,0.862181,0.6756568,0.90206206,0.65317565,0.9073327,0.69582146,0.92609113,0.7142629,0.9109464,0.72121876,0.9413298,0.73786145,0.81476074,0.7554001,0.83007145,0.79272574,0.92614615,0.81088156,0.92793435
0.6083957,0.95593524,0.60135216,0.94604003,0.60413593,0.9630493,0.59898525,0.9433364,0.6047105,0.9848997,0.62675726,0.936345,0.6314229,0.9754673,0.64063895,0.87332934,0.65757996,0.9095878,0.63296455,0.8974846,0.65444154,0.9180167,0.71748996,0.8944388,0.72203916,0.9253534,0.7487401,0.8188994,0.75789726,0.8324961,0.8005481,0.89716685,0.81372166,0.8990534
0.60835403,0.95819646,0.60214585,0.9489805,0.6045592,0.9645232,0.6016728,0.94710034,0.6067518,0.9851776,0.6289676,0.9399846,0.63484234,0.9750587,0.64990366,0.8742374,0.66746384,0.90762675,0.6545912,0.89055365,0.6724518,0.9086983,0.7181158,0.8924303,0.72375166,0.9218635,0.75266665,0.82152104,0.76141876,0.8325208,0.80525285,0.89418757,0.81846946,0.8946049
0.6100282,0.94292593,0.60330385,0.9333586,0.60708016,0.9482942,0.60105413,0.9308713,0.60911196,0.96785,0.62960994,0.93088716,0.6296669,0.9659385,0.6507297,0.88419276,0.65512055,0.9184582,0.65616983,0.8941635,0.66349727,0.91505975,0.7152738,0.9007448,0.717642,0.9317407,0.7561204,0.82277846,0.76217,0.8369674,0.806127,0.8958173,0.81782573,0.9013869
0.60873365,0.95493335,0.60201114,0.9448498,0.60569394,0.9602593,0.6012192,0.93976825,0.6091086,0.97726613,0.6298792,0.93516153,0.63422054,0.9672279,0.64904904,0.87728876,0.6628849,0.9043111,0.6485182,0.8933815,0.66541964,0.90999216,0.7160167,0.89492947,0.7207862,0.92289174,0.7528886,0.82665926,0.760414,0.83669907,0.8045746,0.8958499,0.8151413,0.89721125
0.6120218,0.9494863,0.60571456,0.9395331,0.60944,0.95257723,0.6044002,0.9326405,0.61268014,0.9653071,0.6321955,0.9331501,0.63446236,0.96572375,0.661143,0.88997406,0.6663058,0.9228311,0.6715484,0.8930399,0.6758067,0.900579,0.71493435,0.90172,0.71920186,0.9312903,0.7607349,0.83065116,0.76703,0.8432544,0.80882066,0.8916993,0.81990635,0.8970202
0.61391217,0.9393301,0.6074492,0.9304699,0.61119014,0.94299495,0.6051572,0.92927194,0.6141246,0.9609605,0.63247687,0.93842155,0.63587147,0.96898234,0.66113913,0.90012836,0.66892856,0.9288389,0.6712588,0.8901925,0.67794174,0.8997372,0.7151453,0.91106653,0.720173,0.94017845,0.7621693,0.8347053,0.76893675,0.8484594,0.80910224,0.88589305,0.8197563,0.8950739
0.6133951,0.9466888,0.60769093,0.9371882,0.60983557,0.9501719,0.6076645,0.93622506,0.6124185,0.969055,0.6349004,0.94389945,0.6373116,0.97499007,0.66479,0.8964773,0.6726552,0.9254281,0.67684203,0.8902068,0.6794588,0.89930046,0.7172174,0.9095974,0.72163355,0.9381176,0.76161593,0.8400407,0.7681374,0.85216135,0.808982,0.8888352,0.8198318,0.89436805
0.7667684,0.40007484,0.769401,0.39150426,0.7648507,0.39216852,0.77574664,0.39301807,0.7628965,0.39528576,0.78552806,0.4399692,0.7587242,0.4444684,0.7941252,0.5004135,0.74993885,0.5121571,0.788863,0.54556704,0.73955375,0.5729639,0.78144085,0.5696075,0.76476914,0.5704974,0.7831873,0.67269593,0.7644802,0.67287266,0.78615046,0.777445,0.768408,0.7765068
0.7643953,0.40144223,0.76700354,0.39293396,0.7630579,0.39342862,0.7741231,0.3939152,0.76248217,0.3958105,0.7848686,0.4403994,0.7589175,0.44380003,0.79350084,0.5014486,0.74990124,0.5106701,0.788087,0.5475024,0.7394016,0.5707955,0.7804316,0.57041657,0.76439565,0.57046866,0.7824299,0.6725303,0.7643008,0.6720436,0.78549635,0.77768624,0.76827973,0.7753678
0.7645044,0.40179163,0.76760274,0.39288935,0.76253444,0.39337796,0.7748727,0.39370862,0.7607096,0.3955549,0.78470725,0.4411745,0.757117,0.44452354,0.7927495,0.5036079,0.7490922,0.51148164,0.78872305,0.5531208,0.73947686,0.5712063,0.7801922,0.57049316,0.763153,0.5707461,0.7817659,0.67333466,0.7636032,0.672775,0.78472847,0.7775057,0.7685126,0.77524084
0.76324195,0.40241104,0.7663526,0.3935991,0.76147956,0.39398465,0.77380854,0.3949273,0.7600903,0.39640144,0.78373307,0.443356,0.75648,0.4457263,0.79140896,0.5075437,0.74855477,0.5124817,0.7883982,0.5617604,0.7393102,0.5732435,0.77932924,0.57173276,0.7626013,0.57165223,0.7808461,0.6729964,0.7634077,0.6721871,0.78408396,0.77594507,0.76884896,0.7731764
0.7628656,0.4020482,0.7658557,0.39329627,0.761014,0.39376578,0.77282363,0.39495423,0.7593318,0.3964849,0.78250307,0.44384158,0.7553463,0.44625345,0.7901495,0.5090256,0.74758047,0.513436,0.78712976,0.56599075,0.7390207,0.5754715,0.7786946,0.5721135,0.7620261,0.5723689,0.77989674,0.672917,0.76286334,0.672463,0.7834801,0.77517015,0.7689521,0.7730036
0.7612248,0.40087515,0.76389325,0.3925383,0.75994927,0.39284226,0.77080476,0.39493498,0.7595097,0.3959937,0.7811279,0.4437556,0.7555134,0.44557327,0.7893768,0.5083389,0.7474038,0.5128206,0.7862666,0.5638367,0.73863834,0.5754422,0.7775468,0.5721131,0.76191854,0.5720255,0.7791391,0.6717642,0.76279825,0.6711758,0.78313524,0.7743101,0.7687371,0.7717529
0.75984496,0.4015211,0.76240945,0.3931564,0.75868255,0.39352605,0.7692813,0.39547455,0.75868165,0.39658943,0.7799017,0.44431284,0.75500023,0.4457043,0.78866154,0.50989544,0.7469968,0.51218754,0.7861857,0.56973124,0.73809767,0.5748758,0.7767414,0.57180226,0.76162493,0.5716041,0.7783719,0.6707848,0.76255155,0.6702034,0.7826518,0.7732684,0.7687063,0.77064365
0.7606885,0.40222806,0.7633146,0.39374194,0.7591352,0.3942196,0.7698302,0.3955393,0.75809914,0.3969109,0.7800672,0.4439583,0.7541241,0.4458204,0.78857654,0.50981957,0.7466975,0.5124419,0.78587455,0.571057,0.7381255,0.5755563,0.7769503,0.5713383,0.76111645,0.5715199,0.7782983,0.6707749,0.76203775,0.6704543,0.78231984,0.7731147,0.76824176,0.7710874
0.76106393,0.4024346,0.7635843,0.39391544,0.7593305,0.39451602,0.7697152,0.39552593,0.75787324,0.39704466,0.77979535,0.44358397,0.75364375,0.44523326,0.7882236,0.5101912,0.7462668,0.5111983,0.7863189,0.57441247,0.7380895,0.57399315,0.77691895,0.57033145,0.76099783,0.5705962,0.77788156,0.6696779,0.7618579,0.66944927,0.7813446,0.771874,0.76781327,0.77019703
0.7601669,0.4018614,0.762742,0.39349157,0.7585899,0.39394248,0.76908565,0.39558414,0.7575275,0.3967061,0.7791677,0.44401607,0.75344956,0.44490924,0.7877195,0.5102409,0.7458061,0.50955284,0.7862616,0.57443136,0.73805827,0.57100314,0.77617055,0.5700441,0.7605578,0.5699396,0.7772996,0.6686314,0.7616652,0.668101,0.7807715,0.77031255,0.7675708,0.76807445
0.7599239,0.40262604,0.76268035,0.39413872,0.75813323,0.3945779,0.76911896,0.39566183,0.7565366,0.3968018,0.7790908,0.44335195,0.75240827,0.4445416,0.7876491,0.5092691,0.7453015,0.5091292,0.78613406,0.57239026,0.7385554,0.5694001,0.77610874,0.569153,0.75987333,0.56922555,0.7771307,0.66903484,0.7614799,0.6685443,0.7803058,0.77141607,0.76779073,0.76923066
0.7595919,0.40196407,0.76220673,0.3936232,0.7579656,0.39400822,0.76850146,0.39559457,0.7566571,0.39657843,0.77862746,0.44333714,0.7523204,0.4447244,0.78744054,0.50816715,0.7449059,0.5100145,0.78556585,0.5686088,0.7385318,0.57111627,0.7757217,0.5696484,0.7597602,0.5697977,0.77682465,0.668987,0.7615078,0.66862875,0.7798169,0.7714332,0.76780903,0.76934713
0.7593857,0.4016404,0.76189476,0.39329028,0.757841,0.39369106,0.76810473,0.3953772,0.7567465,0.3963309,0.7783918,0.4433126,0.7521985,0.44484997,0.78738564,0.50825167,0.7445628,0.51152253,0.7857687,0.5696978,0.73896605,0.5755735,0.7755722,0.57116675,0.7597418,0.5713997,0.77682656,0.670469,0.7617836,0.6701928,0.779215,0.772656,0.76793736,0.77064353
0.7587808,0.4015032,0.7613554,0.39312312,0.75735617,0.39347628,0.76783735,0.39521027,0.75653785,0.39605108,0.77828705,0.4435833,0.7520979,0.44485712,0.7872119,0.50940037,0.74463415,0.5118125,0.7858757,0.5729279,0.74005526,0.5759162,0.77545184,0.57302976,0.75964284,0.5731382,0.77685326,0.673057,0.7621378,0.67269236,0.7790171,0.7752271,0.76841205,0.7729022
0.7580515,0.4010239,0.76046157,0.39271262,0.75700724,0.39301237,0.76708555,0.3954811,0.7572488,0.39601257,0.77762794,0.44515866,0.75305855,0.44505414,0.7866188,0.51309985,0.7447661,0.5114504,0.78618854,0.5819852,0.7407364,0.5757648,0.7747566,0.5767545,0.7600054,0.5762538,0.7763871,0.67658114,0.76226574,0.67590845,0.77828485,0.77797955,0.76774365,0.7751256
0.75786805,0.4008897,0.7603083,0.3927003,0.7568998,0.39297456,0.76702935,0.39550093,0.7571004,0.3959663,0.77744555,0.4446679,0.7528974,0.44396275,0.7863902,0.5123189,0.74407274,0.5073509,0.78532755,0.576392,0.7416493,0.5617592,0.7745082,0.5768439,0.75969166,0.57619363,0.7760685,0.67892367,0.7624007,0.6783225,0.7778192,0.78192496,0.7677578,0.7790477
0.7581404,0.40153173,0.76057297,0.3933302,0.757042,0.39370844,0.76718503,0.39578566,0.75682884,0.39644727,0.7775245,0.44435608,0.7525192,0.4433556,0.786501,0.5120754,0.7433644,0.50435424,0.7848517,0.57244366,0.74230635,0.55058736,0.77481586,0.57725024,0.7597616,0.5766598,0.7757408,0.68105674,0.7631776,0.6805994,0.7770025,0.7844568,0.7690091,0.7818029
0.7582159,0.40077478,0.7604222,0.39267308,0.7574269,0.39291134,0.7669935,0.39590234,0.7583269,0.39593768,0.77722365,0.44557604,0.75427604,0.44274172,0.7864563,0.51469743,0.7436312,0.50340784,0.78533655,0.57682604,0.74221605,0.55080634,0.7744598,0.5787911,0.7608704,0.5773169,0.7754027,0.6818282,0.7639269,0.6806867,0.77671546,0.7849791,0.76972616,0.781427
0.75879735,0.40108845,0.76096374,0.39293423,0.757894,0.39316005,0.7673315,0.39591697,0.7586054,0.39599025,0.77753395,0.44527864,0.7544822,0.44332746,0.7868838,0.51414317,0.7442933,0.50757474,0.7857172,0.57805073,0.742176,0.56415397,0.77461815,0.57904065,0.7610263,0.5778023,0.77552336,0.6824378,0.7640144,0.6813148,0.77661544,0.78599185,0.77001923,0.7825996
0.75970274,0.40105093,0.76131207,0.3928731,0.75901055,0.39288667,0.7663329,0.39613688,0.7614564,0.39530584,0.7748898,0.4457609,0.75885415,0.44224557,0.7843683,0.51653206,0.74928826,0.51044405,0.78508914,0.58226556,0.7451491,0.57542795,0.7728946,0.57853234,0.7638015,0.5764568,0.77490616,0.67999154,0.7643725,0.67793703,0.7772819,0.7823866,0.7687391,0.77818966
0.76147723,0.403422,0.76410186,0.3950658,0.7594957,0.39497483,0.7696242,0.39693138,0.7575199,0.39657962,0.77971065,0.44586506,0.75179917,0.44478852,0.78834116,0.51430035,0.74436706,0.5089592,0.7866761,0.58199936,0.7412591,0.5767608,0.77537507,0.57747716,0.7584695,0.57682884,0.77478963,0.6779671,0.75993186,0.67680454,0.7749079,0.77345526,0.76427746,0.7703717
0.76085514,0.40209153,0.76205015,0.39382902,0.76054746,0.39357436,0.764005,0.39565763,0.76593333,0.3939271,0.7661103,0.44521236,0.7665896,0.44053945,0.7633637,0.5155753,0.7633616,0.5072745,0.7587494,0.58435035,0.7560375,0.5781248,0.7662834,0.57731175,0.76675576,0.57461184,0.7693892,0.6776355,0.7659065,0.674805,0.7727344,0.7719431,0.7662929,0.7676605
0.76030093,0.4025709,0.7605681,0.39323112,0.76082104,0.39347655,0.7586022,0.39391065,0.7708394,0.39445338,0.753974,0.4420935,0.7783067,0.4435076,0.7438501,0.5094952,0.7894475,0.5160757,0.7386641,0.57680655,0.7874409,0.58293027,0.75805485,0.57495344,0.773174,0.5750367,0.7623248,0.67695653,0.77310175,0.6771167,0.7664513,0.7727248,0.77231985,0.77245384
0.7601129,0.40062842,0.759885,0.3907783,0.7606967,0.39090383,0.75716054,0.3932583,0.77189463,0.39357483,0.7519575,0.4430541,0.78048915,0.4442275,0.74253815,0.5108798,0.78991926,0.51967955,0.7375072,0.57575905,0.7892546,0.586059,0.7570373,0.5767596,0.775189,0.5765248,0.7605224,0.68125314,0.7743466,0.68125343,0.76454705,0.78155524,0.7747514,0.781451
0.75968146,0.3981497,0.75930655,0.38832787,0.760341,0.38832733,0.7562871,0.39239872,0.77215356,0.3921485,0.7506463,0.44368675,0.78091234,0.44385606,0.7409484,0.5121603,0.7894977,0.51936996,0.7365726,0.57610947,0.78855807,0.5847691,0.75646526,0.5779787,0.7757935,0.5773653,0.76004815,0.68390155,0.77504635,0.68365043,0.7633667,0.7854525,0.77509886,0.78515947
0.75718534,0.39666596,0.7569932,0.3869275,0.7583124,0.38672388,0.7553683,0.39114073,0.77142006,0.3906113,0.7507581,0.44224653,0.7806482,0.4426884,0.74061996,0.50992393,0.78919005,0.51957834,0.7345383,0.5704691,0.78820455,0.584349,0.7566137,0.5779183,0.7756305,0.5770646,0.7592971,0.68542033,0.7742409,0.68503577,0.7625811,0.7887482,0.77413005,0.7878521
0.7549516,0.3961352,0.7551197,0.38632345,0.75648373,0.38605332,0.7549105,0.39041528,0.77109987,0.38964283,0.75045705,0.4421247,0.78066194,0.44216663,0.73938197,0.5118831,0.7893023,0.520156,0.7329227,0.57358783,0.7879172,0.58489865,0.7560336,0.58073413,0.77525634,0.5795529,0.75729406,0.69110155,0.7732227,0.6906729,0.76017874,0.7978248,0.77305406,0.7965121
0.75365365,0.397279,0.7539271,0.38753957,0.75542295,0.38720405,0.75427026,0.39152294,0.77072114,0.39051402,0.74977267,0.4430256,0.78047794,0.4426718,0.7368729,0.5123856,0.78937334,0.5194065,0.7291097,0.57345414,0.7875843,0.582512,0.7558391,0.5810837,0.7753313,0.5796308,0.756097,0.6895211,0.77286786,0.68891823,0.7584569,0.7938833,0.77242154,0.7922625
0.7521984,0.40059048,0.7525553,0.3903354,0.7542705,0.38981786,0.7535277,0.3937686,0.77074414,0.39251462,0.74950945,0.4452755,0.78067,0.4450157,0.73627526,0.5135444,0.7892946,0.52191746,0.72823507,0.57323164,0.78738666,0.5855006,0.75510395,0.5847906,0.77523774,0.58305013,0.7532534,0.6907125,0.77143466,0.68972766,0.7557707,0.79505664,0.7727007,0.79279864
0.75016993,0.40468803,0.750819,0.39415437,0.75230646,0.39290714,0.75234574,0.39786902,0.769513,0.39559555,0.7466996,0.44765872,0.7807848,0.4468425,0.7342133,0.5153299,0.7895407,0.52079284,0.72637904,0.5734369,0.7855762,0.58373004,0.75219995,0.5838586,0.77426666,0.58272326,0.75163275,0.6905839,0.7732976,0.6911066,0.7531033,0.79857606,0.77360314,0.7967497
0.74955815,0.40790966,0.7500213,0.3974445,0.75158185,0.39614543,0.7511332,0.40086386,0.76854795,0.3983622,0.7455448,0.45000863,0.78008527,0.44871858,0.7329329,0.5165572,0.78922623,0.52176875,0.7252574,0.5736205,0.7851437,0.5847238,0.7519112,0.586781,0.774208,0.5853886,0.75149846,0.6944531,0.7728521,0.69457644,0.7528718,0.8024645,0.7726316,0.80024064
0.74839395,0.41552335,0.74903387,0.40483087,0.7503671,0.40356314,0.7506296,0.40731174,0.7676993,0.40467975,0.74485594,0.45569998,0.7799131,0.4534784,0.73215497,0.5236659,0.789593,0.524701,0.72383034,0.58197445,0.7838961,0.58448535,0.75108707,0.5904564,0.77395225,0.58867276,0.749658,0.69743973,0.77296704,0.6974166,0.75129277,0.8053476,0.7740254,0.8027524
0.74907523,0.4237661,0.7495483,0.41302136,0.75068414,0.41230968,0.7502101,0.41396138,0.76699644,0.41220173,0.7437313,0.4609137,0.7789046,0.4586383,0.72965896,0.5297334,0.78920376,0.52758574,0.72234887,0.59176916,0.7830557,0.5866887,0.75051576,0.59419274,0.7732855,0.59266436,0.7496405,0.6984621,0.7720003,0.6986725,0.75120866,0.80296725,0.77240974,0.8009148
0.7458539,0.42921072,0.7472629,0.4184947,0.74833024,0.4176561,0.75137496,0.4198066,0.7674857,0.4175855,0.7446752,0.46669155,0.77960986,0.4641994,0.72787726,0.53282845,0.7895596,0.5312975,0.7217231,0.58952135,0.78300685,0.58642393,0.7499637,0.5987484,0.7723802,0.596935,0.74902093,0.6999096,0.7712556,0.7005677,0.75079554,0.8034449,0.77201694,0.8008325
0.7504929,0.45607623,0.75308293,0.44714206,0.750099,0.446414,0.76240695,0.4402463,0.75101084,0.4386713,0.77815074,0.47471246,0.7450004,0.4678658,0.7883467,0.5402365,0.728702,0.5232557,0.78095573,0.5920051,0.72259843,0.5845298,0.77044183,0.60223573,0.74986094,0.59641385,0.77140397,0.69811064,0.7469625,0.6918409,0.76946753,0.7979714,0.74785835,0.78761685
0.7507939,0.46603695,0.7535674,0.45662007,0.749255,0.4564715,0.76213783,0.44785133,0.748338,0.44777337,0.77756107,0.47877067,0.7421891,0.475571,0.7884562,0.54234177,0.72822106,0.5341245,0.7822289,0.5955002,0.7229857,0.5978814,0.77041876,0.59950006,0.7485038,0.5955046,0.7703156,0.6917058,0.7450216,0.686847,0.76676506,0.7918268,0.74616164,0.7838244
0.74764365,0.4787664,0.75050044,0.4695913,0.7463694,0.46930033,0.7601887,0.46109366,0.7471399,0.4605339,0.77716875,0.4932108,0.74276876,0.48628882,0.78856516,0.56256956,0.7280986,0.5396271,0.78340787,0.63016623,0.72511554,0.60706955,0.7711218,0.60291713,0.75019836,0.5972228,0.7699887,0.68661547,0.746448,0.67985106,0.76531756,0.7830263,0.74842113,0.77188545
0.75385743,0.50484467,0.7567175,0.49406844,0.7508108,0.4942093,0.7645712,0.47944146,0.7482255,0.47964543,0.77821237,0.504488,0.74206036,0.502597,0.78746504,0.5789203,0.73127574,0.5762135,0.78349966,0.6603417,0.7303703,0.67279506,0.77019745,0.6057869,0.74760866,0.6031804,0.77309525,0.68890953,0.7446977,0.6852639,0.7662167,0.7891068,0.7419425,0.78306615
0.75664896,0.5280809,0.7598444,0.51419944,0.75130373,0.5167519,0.7669673,0.4938628,0.7451987,0.50120306,0.7805769,0.509658,0.73743653,0.5216335,0.79112893,0.5882196,0.73084694,0.6116301,0.7853402,0.66477925,0.73425454,0.7027496,0.7755783,0.5946387,0.7488014,0.59935343,0.77550477,0.67616403,0.7477276,0.6791442,0.76421994,0.7921034,0.74974775,0.79649866
0.756514,0.5360706,0.75952184,0.5250328,0.7524312,0.52580875,0.76600945,0.51111835,0.74775094,0.5134454,0.77728766,0.53042966,0.7404908,0.53535044,0.78582376,0.59774953,0.7318658,0.61019844,0.7818217,0.65931165,0.7376158,0.6878787,0.7713603,0.61254156,0.7486187,0.6148131,0.7761574,0.7132706,0.75517315,0.71464586,0.76703846,0.8145929,0.75578934,0.8147544
0.7599634,0.56559896,0.76329064,0.55202454,0.7550925,0.55305046,0.77010566,0.5302155,0.7480746,0.5327863,0.7803244,0.5398874,0.7385649,0.55000395,0.7892517,0.62025094,0.7348854,0.65383583,0.78434414,0.7002695,0.73833734,0.7607986,0.7735415,0.622112,0.74710816,0.62714547,0.7791004,0.6788312,0.7491935,0.6830389,0.7712021,0.79963505,0.7518153,0.8052011
0.7606647,0.58481354,0.76360834,0.5708357,0.755835,0.5725583,0.7699454,0.55072975,0.7490229,0.5539553,0.7807625,0.5614594,0.74011505,0.5676528,0.785314,0.6624964,0.7379623,0.67818844,0.7786989,0.7624989,0.74493897,0.7867186,0.77681583,0.626147,0.7513259,0.62961966,0.77568024,0.7031637,0.7506894,0.7056043,0.76975507,0.8203165,0.76071036,0.82398176
0.06809034,0.5610603,0.06321248,0.5500195,0.06934958,0.55188626,0.045063216,0.54133254,0.071721606,0.54719603,0.033918504,0.56384957,0.074916296,0.5675633,0.011109439,0.616735,0.108546056,0.5898358,0.007083762,0.6835695,0.1392858,0.6053573,0.03352757,0.7209635,0.05571131,0.72188485,0.031224007,0.8170282,0.04571294,0.8144613,0.01664958,0.9153109,0.024212936,0.9091179
0.76722604,0.6358097,0.76793736,0.62294215,0.76286304,0.62737864,0.7713093,0.60446984,0.7553794,0.61510587,0.78108585,0.60652304,0.7413298,0.6252684,0.7828824,0.6989109,0.74053955,0.73562527,0.78023976,0.8213102,0.74945515,0.8601214,0.7750899,0.66379315,0.74905545,0.6743668,0.77786136,0.74685323,0.7523637,0.75836986,0.7668307,0.8651835,0.75238436,0.8832168
0.7841058,0.56063056,0.7860199,0.55100703,0.78113645,0.5495538,0.7879364,0.55665857,0.77146757,0.55174273,0.78879386,0.60006845,0.7533068,0.59780854,0.79303473,0.6843849,0.7420253,0.6969734,0.7886856,0.73702615,0.74706143,0.78141785,0.77020055,0.6898278,0.7459006,0.688924,0.7768807,0.7878781,0.7435652,0.7886277,0.77551717,0.9053779,0.74231434,0.9111836
0.76636285,0.7227133,0.76788014,0.7094727,0.76207805,0.7125767,0.77342975,0.68215084,0.755673,0.68827593,0.7834664,0.66278386,0.7427425,0.6722332,0.78592324,0.76377225,0.7426679,0.78732026,0.78397083,0.90058833,0.7521522,0.9197073,0.76824063,0.65927017,0.73888844,0.6648968,0.7866952,0.78221333,0.74459153,0.78954715,0.78064144,0.90617603,0.7406043,0.91793436
0.76938987,0.7318189,0.77124584,0.72121656,0.76590246,0.7220825,0.7761886,0.69814396,0.75899637,0.6977911,0.7833882,0.6787209,0.7421501,0.6770709,0.79077965,0.7463312,0.72969776,0.7422183,0.7910723,0.8055333,0.73298407,0.7892732,0.76575255,0.6877472,0.7359395,0.6888407,0.78793967,0.81579655,0.7420046,0.8195411,0.7851836,0.93401784,0.7346594,0.94189245
0.77375054,0.78389287,0.77738637,0.7710279,0.7695618,0.7700487,0.7833907,0.74118483,0.76086897,0.73583347,0.79069966,0.71836853,0.73739105,0.70764077,0.793501,0.8109632,0.7252014,0.7765828,0.7820167,0.8896294,0.73785156,0.81469184,0.76915544,0.7376521,0.73138106,0.7359564,0.7876794,0.85301006,0.7358116,0.85375667,0.77986234,0.9561189,0.7327188,0.959944
0.7574186,0.85134536,0.7639508,0.8364105,0.75182045,0.8331916,0.77609336,0.80477136,0.7439787,0.795259,0.7890409,0.7855854,0.7281566,0.7699842,0.79134446,0.8962938,0.71816605,0.87303895,0.7849068,0.98070526,0.72533727,0.9806166,0.77091676,0.775777,0.73030347,0.76657337,0.7796454,0.88537735,0.7234676,0.8738708,0.781315,0.96516645,0.73607343,0.9496531
0.7689567,0.8396408,0.7733,0.8264599,0.7652447,0.82502884,0.78088653,0.8023325,0.7576935,0.7962615,0.7909828,0.7912676,0.7334489,0.7808651,0.794274,0.89288735,0.71800554,0.8695716,0.7844653,0.98096853,0.7322877,0.9503459,0.76966876,0.82169366,0.7296691,0.81814677,0.7809179,0.9264065,0.7263587,0.9236865,0.77252984,0.9893449,0.7269096,0.9880417
0.79255277,0.8831425,0.78816354,0.8585807,0.79178375,0.8603652,0.7290404,0.8518425,0.77941126,0.8679626,0.6950351,0.9273371,0.7816928,0.9675884,0.7024275,0.9331614,0.8002014,0.99505347,0.7523009,0.9257307,0.79352987,0.970562,0.7014763,1.0,0.76095796,1.0,0.7379257,0.9394594,0.78707844,0.949418,0.7406582,0.95776355,0.79045194,0.9820512
0.796809,0.90487146,0.7944706,0.8780815,0.7934506,0.88080055,0.74576277,0.8663104,0.7701116,0.88233966,0.71812165,0.9283138,0.76050365,0.975972,0.74136615,0.94565433,0.78461665,1.0,0.77507806,0.95050323,0.7984883,0.97675544,0.7195217,1.0,0.74677676,1.0,0.76197773,0.947638,0.77794117,0.9716016,0.7608932,0.9558935,0.77900296,0.9986842
0.06804132,0.54490227,0.063811935,0.5345427,0.06913378,0.53490883,0.04631911,0.5294832,0.07056224,0.53246915,0.03508008,0.55689025,0.07327504,0.56181115,0.013274008,0.61242133,0.09781178,0.59992474,0.00943724,0.6600996,0.120322146,0.6208455,0.038786013,0.71885306,0.05939255,0.72098637,0.037442025,0.8161679,0.04964487,0.8195798,0.01929509,0.9121838,0.02463821,0.91825545
0.7872581,0.9942827,0.7934992,0.9862031,0.78672904,0.9769805,0.79115504,0.9596243,0.77582866,0.9335032,0.7678893,0.91188264,0.74281806,0.8973115,0.7733213,0.905663,0.73466694,0.91937464,0.77906877,0.84115046,0.7601603,0.89266604,0.7204428,0.8674054,0.69922984,0.86556476,0.7341123,0.95440733,0.7179002,0.95832217,0.71332985,0.94544315,0.70048493,0.95656985
0.06924558,0.55947775,0.06538852,0.54935104,0.070529394,0.550398,0.045693807,0.54507214,0.06966456,0.54805547,0.031751756,0.57401294,0.0702392,0.5754253,0.008865136,0.61736315,0.10118611,0.5856613,0.008009481,0.636995,0.13693655,0.58245283,0.035489548,0.7575259,0.055455245,0.75963145,0.024693007,0.85175765,0.03944073,0.85755587,0.016616492,0.9320993,0.02548607,0.94138265
0.74256366,0.89683515,0.74186796,0.8886133,0.7449721,0.88912547,0.7137101,0.88822657,0.74161285,0.89587003,0.697251,0.89235514,0.7284567,0.9198344,0.69626975,0.8133316,0.7380363,0.8671424,0.7385718,0.7638356,0.75101584,0.8242568,0.6892039,0.9353571,0.7082349,0.95068556,0.7297242,0.9149645,0.73899657,0.9242128,0.7326465,0.881049,0.73882633,0.8962231
0.7447826,0.90581644,0.74413484,0.89680296,0.74723655,0.8984164,0.7160291,0.8911846,0.74400544,0.9018681,0.6990283,0.8908556,0.7304854,0.92135394,0.6969431,0.8071302,0.7400304,0.86281794,0.7408685,0.7540271,0.7525275,0.81135136,0.6863228,0.93052185,0.70555663,0.94685495,0.72672015,0.9106715,0.73683137,0.9212296,0.7286576,0.86783457,0.73565495,0.88486063
0.7451147,0.9150661,0.7443619,0.9060531,0.7476778,0.9074778,0.71558386,0.8975712,0.74418026,0.9074656,0.69898796,0.8914018,0.73027986,0.92119056,0.6985766,0.8053295,0.74082446,0.85880595,0.74235696,0.7576801,0.752081,0.8103926,0.68703735,0.92765623,0.7059303,0.9439157,0.72857565,0.91582495,0.7377041,0.92625916,0.7312159,0.87502474,0.7367179,0.89201486
0.73755556,0.89528716,0.73672974,0.88747275,0.74013186,0.88776433,0.70987403,0.88663685,0.73772556,0.89271134,0.69594437,0.8890278,0.72563547,0.91329634,0.7009911,0.81186867,0.7387538,0.8569521,0.7428696,0.7676202,0.75283325,0.8141391,0.69128865,0.92984164,0.70928174,0.9441785,0.7299945,0.9140447,0.7368533,0.9224842,0.7360773,0.8781201,0.739108,0.8919343
0.74881524,0.9207154,0.74887896,0.91296136,0.75175434,0.91175085,0.72103065,0.9094857,0.74571776,0.9114881,0.70233345,0.9048465,0.7269883,0.92644656,0.70314825,0.81853724,0.7357439,0.8590426,0.74454635,0.77730316,0.75435543,0.81275886,0.6900341,0.9267885,0.704126,0.940878,0.7251629,0.9055248,0.7304147,0.914904,0.7241418,0.8605454,0.7263035,0.8768508
0.74901193,0.9184277,0.7494061,0.91093105,0.75196666,0.90931726,0.7224865,0.9076737,0.7459041,0.90849876,0.703149,0.9030568,0.72631377,0.9227546,0.7025277,0.8167737,0.73344547,0.8547307,0.7432398,0.7779612,0.7531139,0.8118184,0.6889241,0.9251608,0.7019674,0.93835884,0.72397697,0.9034321,0.72882,0.91215265,0.72122777,0.86008203,0.72347224,0.875524
0.74228436,0.91098493,0.7423071,0.90422773,0.7447982,0.9022058,0.7177278,0.9060653,0.73902446,0.90466154,0.7024608,0.90668875,0.7218799,0.9211411,0.7081216,0.82031757,0.7317298,0.8471847,0.746154,0.7847292,0.7538145,0.80259556,0.6944235,0.9287897,0.7052364,0.9401297,0.72639173,0.89721227,0.7295955,0.9042332,0.72513485,0.85683507,0.72635716,0.86951935
0.74642354,0.91764873,0.7472913,0.9110672,0.7488696,0.90775585,0.72364056,0.91475165,0.7417218,0.90958124,0.7060625,0.91468287,0.7216541,0.92474777,0.70930165,0.82916844,0.72797287,0.8487415,0.74583733,0.7917275,0.7528441,0.79981446,0.69545287,0.92536896,0.70348394,0.9353919,0.7252713,0.90059394,0.7274872,0.9069941,0.7223713,0.8581904,0.7235791,0.87020016
0.7508311,0.9302269,0.7523292,0.92324495,0.7530063,0.919187,0.7292039,0.9275425,0.74424905,0.91991526,0.70908254,0.92551786,0.72178185,0.93325603,0.71003973,0.8331952,0.7255191,0.84992534,0.7460128,0.79386306,0.7524613,0.796774,0.6956232,0.9235271,0.7013784,0.9332458,0.7250578,0.9017937,0.726683,0.90871227,0.7191747,0.8547411,0.7206834,0.8678619
0.7554097,0.93281084,0.75673366,0.9258876,0.75754565,0.92157924,0.73290163,0.93133986,0.74795246,0.92315537,0.71106225,0.9314695,0.72497594,0.93786806,0.7103331,0.83684677,0.7264039,0.8512761,0.74612564,0.79926026,0.752249,0.8003957,0.69509786,0.9274365,0.7016283,0.93640316,0.7261414,0.904218,0.72808987,0.91072804,0.71827155,0.855202,0.7198406,0.8685051
0.85885954,0.46129048,0.8631895,0.44420233,0.8576404,0.44723207,0.88056463,0.43636376,0.8670641,0.442159,0.9044649,0.5086958,0.8769016,0.50593185,0.906208,0.643686,0.872334,0.6264168,0.8654286,0.69226503,0.85322917,0.68173623,0.89956266,0.7178378,0.881649,0.699541,0.8436683,0.7569916,0.8221698,0.72221494,0.85223293,0.94529915,0.8337366,0.885791
0.8591463,0.46215796,0.86361617,0.4451561,0.8577367,0.44784123,0.8811981,0.43693033,0.8667591,0.4422786,0.90495485,0.50846636,0.87707406,0.5055823,0.90549576,0.6425927,0.87312883,0.62653285,0.8636142,0.6911226,0.8543095,0.68169767,0.9002425,0.71711415,0.8820688,0.698078,0.8436894,0.7558555,0.8223646,0.7177312,0.8509383,0.94799405,0.8338933,0.88307846
0.8591281,0.46167538,0.8636655,0.44444135,0.8575425,0.44737998,0.8811766,0.43542883,0.866313,0.4413099,0.90445673,0.50705445,0.8771205,0.50499076,0.90418214,0.64201427,0.87284225,0.62690187,0.86144584,0.692772,0.8531396,0.685595,0.9003334,0.716393,0.88269085,0.69796085,0.8421187,0.7519776,0.82273644,0.7154869,0.85013276,0.94470114,0.8356003,0.8813766
0.8579716,0.462024,0.86231655,0.444711,0.8565074,0.44802624,0.87939423,0.43497726,0.8656662,0.44118604,0.9030582,0.5059703,0.8770118,0.50388616,0.9030003,0.6423279,0.87232554,0.62468493,0.858143,0.6937396,0.8511551,0.68548703,0.9009928,0.716816,0.8844535,0.69906783,0.8394492,0.7482286,0.8229124,0.7162896,0.8488016,0.9396782,0.8375792,0.88333464
0.8590736,0.47351214,0.8630454,0.45569682,0.8568018,0.4598611,0.87882847,0.43951136,0.8647438,0.44789487,0.9023203,0.5046947,0.876968,0.5035625,0.90237266,0.6414217,0.8730976,0.6224795,0.857504,0.6930088,0.85173696,0.68609977,0.9017377,0.71628046,0.8859065,0.6997697,0.83860093,0.7484585,0.82449466,0.7206663,0.8475459,0.93386793,0.8384549,0.88345444
0.85530454,0.46736112,0.8589817,0.44967577,0.853686,0.45438018,0.87472594,0.43820828,0.8627759,0.44728467,0.9005446,0.50587976,0.8744177,0.50716776,0.90189475,0.63966835,0.8699288,0.625031,0.855587,0.6911334,0.8495862,0.6856642,0.9026352,0.7169663,0.88639396,0.7013142,0.83697313,0.74708647,0.8234579,0.71916926,0.84840137,0.93627936,0.84083027,0.88406086
0.853003,0.47114977,0.8564482,0.45322436,0.8512425,0.4585249,0.87173223,0.44003883,0.86023283,0.45054686,0.89887744,0.50584316,0.8722073,0.5082116,0.90202,0.63810873,0.8685589,0.62379205,0.8548487,0.69022876,0.84912485,0.6877665,0.9024874,0.71725374,0.88602704,0.70213205,0.83622164,0.745123,0.82304174,0.7171643,0.850341,0.93317616,0.84287435,0.8795692
0.8485958,0.4686799,0.85229063,0.4499736,0.8479522,0.45544982,0.8684837,0.44000062,0.8589491,0.44965294,0.8972295,0.5074938,0.86980456,0.51181215,0.9013898,0.6404984,0.8638455,0.628447,0.851521,0.6915781,0.8451287,0.6920287,0.90343744,0.7184316,0.88597214,0.7041308,0.83672154,0.7502015,0.82139075,0.724572,0.8522151,0.9201228,0.8454713,0.87217396
0.8472048,0.47726354,0.8511958,0.4579666,0.8456875,0.46405077,0.8667731,0.44209883,0.8545703,0.4535437,0.8944489,0.5043866,0.8658106,0.5125106,0.9005562,0.6362199,0.86209077,0.62830174,0.85306025,0.6958243,0.84430933,0.69563675,0.9012802,0.7168923,0.8831879,0.70540303,0.8363721,0.74744,0.8206715,0.72689867,0.8543987,0.91301197,0.84741575,0.87099254
0.8440928,0.47695652,0.84721243,0.46056303,0.84321785,0.46423915,0.8635995,0.44820076,0.8490677,0.45643467,0.89227504,0.50502634,0.8618288,0.5055146,0.89891434,0.6339656,0.8649232,0.6256195,0.84955883,0.6970444,0.843332,0.69716984,0.9047341,0.7140314,0.88309443,0.70436794,0.8303835,0.7399839,0.8163511,0.7288438,0.8597658,0.91380185,0.855154,0.8957352
0.83897203,0.48298442,0.841382,0.46685925,0.8386718,0.4704011,0.85731167,0.45169583,0.8469105,0.459142,0.8870903,0.50385886,0.8611412,0.50391316,0.89568657,0.6322285,0.86563444,0.6242725,0.8490855,0.7009936,0.84351796,0.6964695,0.904881,0.71207315,0.88602746,0.70308906,0.83202535,0.7478447,0.8193514,0.73764604,0.86274093,0.92109215,0.85586756,0.90332824
0.8348366,0.49143833,0.83798265,0.47326365,0.8329935,0.47940636,0.85177356,0.45253772,0.8410487,0.4642966,0.88162947,0.5026834,0.8541924,0.5128075,0.8922812,0.63309973,0.85609245,0.6275657,0.8461609,0.7019978,0.8406469,0.70274514,0.8995158,0.70417666,0.8821206,0.6962363,0.8370473,0.75578475,0.8217599,0.7403682,0.8615101,0.9137998,0.85379505,0.8763464
0.8315714,0.49047488,0.8342313,0.47331166,0.82914156,0.47870773,0.84865296,0.45722774,0.83347434,0.4696366,0.8781072,0.50576365,0.84677356,0.5165486,0.88757735,0.6310298,0.8542962,0.6405341,0.84554833,0.7064829,0.8390145,0.7073971,0.90236044,0.70458984,0.8803322,0.70329595,0.834572,0.7496905,0.82219994,0.7466796,0.86341745,0.91819483,0.8602399,0.9086577
0.8224354,0.5025933,0.8250397,0.48537627,0.8207311,0.48987138,0.84040016,0.46782362,0.8274707,0.47785223,0.8702485,0.5122877,0.84364665,0.5199919,0.88215,0.6325028,0.85214514,0.637975,0.8454569,0.710565,0.8356334,0.7064849,0.8991397,0.7041763,0.88022274,0.7021485,0.83675194,0.7598171,0.82690144,0.75606847,0.8677214,0.9174196,0.86284304,0.90526825
0.815598,0.5097144,0.8185138,0.49202144,0.8137247,0.50000215,0.83253574,0.47311798,0.8219933,0.48863378,0.86408216,0.5182794,0.8388009,0.53840905,0.88482285,0.63665557,0.8468029,0.6441295,0.84575844,0.71111476,0.8361644,0.71071804,0.8938592,0.70145226,0.8779117,0.70266324,0.83830494,0.7663842,0.8239843,0.77102333,0.8723952,0.9080885,0.8627729,0.89553064
0.80726635,0.51826316,0.80765,0.50217324,0.8073708,0.5057294,0.8191457,0.48611784,0.8221793,0.49129322,0.848772,0.5240738,0.8426132,0.527656,0.86835426,0.63942385,0.8530238,0.64379495,0.8386163,0.7154707,0.828971,0.70965785,0.89450026,0.68947124,0.8887138,0.6883761,0.83426523,0.76670146,0.8333387,0.76465183,0.8718777,0.9101315,0.8702652,0.8989633
0.801723,0.5356711,0.8033385,0.51964724,0.80082095,0.5273817,0.81540626,0.49850187,0.81059515,0.5105018,0.8446004,0.53501606,0.8320543,0.54981774,0.86146516,0.6516145,0.8388354,0.6551435,0.8355929,0.72554123,0.82736,0.7191577,0.89437467,0.69170094,0.8859645,0.6967365,0.83418334,0.7700807,0.8300188,0.78240365,0.8803774,0.91470283,0.8753055,0.91164917
0.7940747,0.54459,0.79559267,0.5291734,0.79363316,0.5363016,0.80741686,0.51081693,0.80391735,0.5218547,0.835385,0.54519147,0.82737,0.5651929,0.8537322,0.6441299,0.8328344,0.66218567,0.8375189,0.72990465,0.82282287,0.72583514,0.89232665,0.68938094,0.8871873,0.6982691,0.83547205,0.78246987,0.83593524,0.7988887,0.87824005,0.92632705,0.87884474,0.92704153
0.7848672,0.55804265,0.7861282,0.5423487,0.7840133,0.548714,0.7970328,0.5200109,0.7938341,0.5296384,0.8217026,0.5493307,0.82331055,0.5687311,0.8416268,0.64710414,0.8349727,0.665968,0.8289394,0.73398733,0.821474,0.72825396,0.885869,0.67632675,0.8863484,0.68660265,0.83361095,0.79130673,0.83659613,0.81182045,0.8787819,0.9222509,0.8778772,0.92746574
0.77650446,0.57733256,0.7776893,0.5621052,0.77616805,0.56815815,0.7890102,0.5380973,0.7862097,0.54731256,0.81494266,0.5615914,0.8160395,0.58131665,0.8358709,0.6556152,0.825957,0.677244,0.82667524,0.744817,0.81390667,0.7445196,0.8842983,0.6729537,0.88450474,0.68359023,0.831933,0.7975974,0.83546275,0.8160167,0.87759227,0.931397,0.8791513,0.93511224
0.7706756,0.5982955,0.77025336,0.58296883,0.77080005,0.58773345,0.7804092,0.55703473,0.7835144,0.5637612,0.80836004,0.57127523,0.808671,0.58822113,0.83116263,0.6648415,0.8192134,0.6854313,0.82007647,0.7564024,0.8086991,0.7645581,0.87712014,0.6694,0.87794966,0.6795439,0.8323126,0.80508864,0.83510727,0.819265,0.8719396,0.94414675,0.8704219,0.936573
0.75833184,0.6168894,0.7591429,0.6026832,0.7590635,0.60601056,0.7699321,0.5740155,0.7695455,0.5772501,0.7973831,0.5912833,0.8005361,0.5992509,0.81498736,0.69926673,0.8132448,0.70360535,0.80678385,0.7940144,0.8052536,0.7856038,0.8763695,0.6706146,0.8769618,0.67638016,0.8288645,0.8103608,0.829822,0.8152897,0.8765797,0.9354972,0.87569374,0.92687696
0.7522438,0.63488555,0.75281256,0.6223149,0.7516723,0.62473875,0.76345205,0.5938671,0.75997585,0.596209,0.7911116,0.60660064,0.7869346,0.6087155,0.80970144,0.72273386,0.7941305,0.70974565,0.79771274,0.8158262,0.78069675,0.79296505,0.8717907,0.66731054,0.86887705,0.6725436,0.8258497,0.8136082,0.82392436,0.8205044,0.8760535,0.93021697,0.87241906,0.9225287
0.7437503,0.6473047,0.7442027,0.6336032,0.742832,0.6371821,0.7559261,0.6077425,0.752379,0.61218315,0.7844327,0.626936,0.7825009,0.6290389,0.808062,0.7548629,0.7949212,0.73997796,0.7897599,0.84894186,0.7774675,0.82299757,0.86329174,0.67818415,0.8619526,0.68345886,0.8229026,0.82947326,0.8231482,0.8369415,0.8773411,0.93364125,0.87514573,0.9247314
0.7400662,0.6624704,0.73953307,0.64922184,0.739484,0.6526624,0.74930614,0.62094694,0.7501916,0.62496316,0.7750794,0.63264215,0.7763053,0.6333203,0.79640996,0.7659952,0.78705543,0.74932474,0.783369,0.86552745,0.76680946,0.85449505,0.8519414,0.6850913,0.8536528,0.6922767,0.8184153,0.8394982,0.8210632,0.8480772,0.87310314,0.9385701,0.87282145,0.92824984
0.73114175,0.69067925,0.7311463,0.67751026,0.73082393,0.6806232,0.7395726,0.64388645,0.7362902,0.6470682,0.76728976,0.65481037,0.75876635,0.6454868,0.7801281,0.81437063,0.7594412,0.763604,0.765619,0.910608,0.7391221,0.86013037,0.852201,0.6896887,0.84577054,0.6935938,0.80986327,0.84701675,0.80382127,0.8528546,0.87980694,0.92255753,0.86716044,0.91693974
0.7235869,0.7085854,0.72384363,0.69366115,0.722634,0.70005333,0.7328167,0.6596644,0.72720027,0.6703862,0.76197684,0.67076445,0.74787825,0.6793807,0.77967685,0.81452274,0.7432179,0.7956927,0.7626943,0.9163076,0.7117629,0.89379835,0.8422063,0.7072378,0.83259517,0.7179806,0.80166787,0.8518438,0.79069924,0.86334074,0.87705415,0.9221182,0.8582489,0.91924334
0.7141494,0.7222681,0.7145446,0.70801353,0.7147617,0.7108162,0.7241576,0.67449766,0.7223474,0.67641544,0.7548842,0.6932824,0.7417313,0.69144547,0.76439184,0.86362195,0.73497885,0.8336417,0.73738337,0.9639373,0.69679725,0.9435709,0.83807653,0.7247709,0.8290001,0.7304699,0.79938287,0.87687343,0.7874039,0.8815932,0.869322,0.9218308,0.85210055,0.9211295
0.70731485,0.7327048,0.70681,0.72219396,0.706826,0.7232315,0.7139322,0.6918989,0.7120312,0.6916533,0.7415803,0.70027655,0.7294719,0.6895038,0.75024897,0.8808195,0.72963685,0.8329926,0.7202655,0.9745381,0.6994367,0.946799,0.8198334,0.72948515,0.81174296,0.7331557,0.79412836,0.8802648,0.78631413,0.8873787,0.85079604,0.9152264,0.84322417,0.9185144
0.7017627,0.7651467,0.700148,0.7541292,0.70049995,0.75519896,0.7051534,0.7194172,0.7033674,0.7207403,0.7331385,0.7192018,0.72319454,0.7123113,0.7426802,0.88402206,0.72768825,0.8477323,0.71615034,0.9861921,0.7039898,0.9535404,0.8157201,0.73788923,0.80878127,0.74168897,0.7893775,0.8913337,0.78344154,0.8919187,0.83854026,0.9356161,0.8324339,0.9236172
0.6954681,0.8033701,0.69346666,0.79637784,0.6948842,0.7941116,0.69949216,0.7647361,0.7018212,0.7586378,0.7239356,0.7567242,0.72254133,0.73244995,0.7308529,0.9059144,0.7298562,0.83646315,0.70741236,0.9858675,0.7107754,0.9331182,0.80226654,0.7520176,0.8006714,0.7504112,0.79339516,0.9058096,0.7875938,0.90035933,0.8329814,0.91628253,0.8205348,0.89922464
0.6753653,0.8210258,0.67485505,0.8110811,0.67450947,0.8123853,0.687247,0.78493506,0.68063086,0.7861813,0.71771914,0.77842677,0.69434536,0.7605577,0.73263246,0.9347092,0.7117941,0.878518,0.70836246,0.9861795,0.70143765,0.95852745,0.7780056,0.7711908,0.7583373,0.7709589,0.79413265,0.9353596,0.7527124,0.93433994,0.8362503,0.9287586,0.7817664,0.9345022
0.6718337,0.8412242,0.671349,0.8357495,0.671702,0.8315072,0.67993677,0.81024337,0.676646,0.7987749,0.70577955,0.8014096,0.69268405,0.7642489,0.71961683,0.940051,0.7045768,0.8481962,0.7034503,0.98243254,0.69031173,0.93593234,0.77716327,0.782196,0.7679495,0.77593935,0.7769567,0.9343222,0.764296,0.92362887,0.8226661,0.91849446,0.80850047,0.9084665
0.66562647,0.83938324,0.66295063,0.8290547,0.66176933,0.8330103,0.6687107,0.8092843,0.6635594,0.8202323,0.6977015,0.8131686,0.68788284,0.8152005,0.7202089,0.94101,0.7111809,0.9161391,0.7001863,0.98515344,0.70393664,0.96010494,0.7807676,0.81646264,0.7741259,0.82878333,0.8007947,0.93270475,0.7979595,0.9375471,0.83571243,0.92625475,0.83488905,0.91678506
0.65987694,0.85748225,0.65648574,0.8467524,0.65627843,0.8543109,0.6594071,0.8283492,0.6555638,0.8462281,0.6856881,0.82717043,0.6739088,0.84659725,0.7224095,0.924048,0.70680076,0.9347486,0.7158536,0.96787155,0.71039027,0.9617228,0.75832456,0.81606966,0.75124496,0.8380508,0.78834206,0.9230312,0.7846611,0.94308275,0.8283367,0.9175091,0.8283383,0.9309198
0.64905936,0.90153056,0.6479527,0.89062303,0.64573663,0.89249516,0.6577558,0.85345054,0.6497955,0.8600606,0.6904882,0.83605427,0.67613924,0.8408223,0.7257596,0.93724006,0.70185596,0.9236498,0.70785725,0.9808209,0.6806981,0.97087127,0.77256066,0.8385398,0.7645417,0.849847,0.79429346,0.9575365,0.78628653,0.95672566,0.83573514,0.9218613,0.83390504,0.9089075
0.6436607,0.9153061,0.64254504,0.90355074,0.64078975,0.9069846,0.6514885,0.8633064,0.6443693,0.87389106,0.6809965,0.8394775,0.66836685,0.85747963,0.71512896,0.9009201,0.6905474,0.91529316,0.71570504,0.9673487,0.67718023,0.96835136,0.7642812,0.8431665,0.75738335,0.86266804,0.7899457,0.9623599,0.7793613,0.9709124,0.835756,0.9079071,0.8266665,0.90279543
0.057733595,0.5602841,0.05397732,0.54957706,0.059621226,0.5505755,0.040044993,0.54181063,0.065332375,0.54498875,0.032221124,0.5674617,0.06923517,0.56770706,0.012685585,0.6282202,0.087873966,0.6040317,0.016209012,0.69932985,0.099149294,0.62831986,0.036241483,0.7307853,0.057969123,0.729663,0.03056672,0.844434,0.047588866,0.83702624,0.017077908,0.9365878,0.033556916,0.92481595
0.055790104,0.518761,0.05241115,0.5072202,0.05800977,0.5086004,0.039411392,0.5101778,0.065827556,0.5136708,0.032441135,0.5593008,0.06833116,0.5579379,0.011057526,0.6209428,0.08576544,0.6034311,0.0120307235,0.6251045,0.10127266,0.60459226,0.034239233,0.75390553,0.055361785,0.7523923,0.025344426,0.8692726,0.044777066,0.8632528,0.016049255,0.9521611,0.032689363,0.945051
0.05645747,0.52587456,0.052896615,0.514122,0.058163065,0.5155468,0.04088443,0.5094359,0.06346059,0.51413655,0.03152214,0.55406636,0.07038487,0.5580746,0.008715123,0.6142832,0.08824711,0.6128336,0.007708505,0.6355208,0.10627391,0.6167338,0.035453845,0.7325752,0.059248712,0.7324756,0.023965478,0.8452784,0.04558547,0.8450095,0.018271664,0.9386564,0.032230467,0.94134504
0.064564146,0.51971495,0.06139142,0.5089251,0.065933965,0.51051503,0.04515066,0.5136673,0.06777807,0.5182561,0.03308459,0.56036466,0.067407966,0.56499887,0.01087361,0.6266781,0.08737231,0.60583925,0.008425141,0.6538398,0.10750568,0.59875923,0.03376409,0.7469431,0.052076664,0.7505281,0.03102916,0.8403369,0.042300362,0.8486854,0.025695859,0.92299175,0.029294401,0.9339642
0.07382694,0.5395676,0.07022556,0.52943283,0.07480979,0.53038245,0.051631976,0.5307057,0.0741393,0.53464085,0.037167124,0.5673914,0.073057525,0.5725706,0.013400269,0.61502916,0.09717562,0.5965374,0.010472975,0.6267149,0.12526368,0.57972854,0.03375164,0.74266,0.052883442,0.7450611,0.026278758,0.8269533,0.041254904,0.832318,0.01275391,0.9162771,0.02183328,0.9233363
0.056100186,0.4954249,0.05658678,0.48527312,0.056147486,0.48602736,0.051000703,0.49172345,0.058646478,0.49307668,0.04287998,0.55535614,0.061688878,0.55591995,0.033984084,0.6211926,0.08166065,0.6087402,0.038275104,0.66046226,0.09848495,0.62461066,0.04127762,0.72519153,0.05104177,0.72513026,0.03723607,0.83383435,0.040998694,0.8337824,0.033590283,0.9235441,0.025522063,0.92526966
0.068789385,0.5610199,0.06517079,0.548539,0.06998422,0.5524571,0.049132466,0.53480995,0.070514396,0.54613876,0.03704248,0.56564987,0.07250834,0.5762561,0.0114266155,0.6137325,0.090744734,0.60007834,0.0067502647,0.68321407,0.10518139,0.61301655,0.034747448,0.73606586,0.056205213,0.7399038,0.024493767,0.84230274,0.046037525,0.84601265,0.01812833,0.9253274,0.0349944,0.9356201
0.6501526,0.91272384,0.64449394,0.9060095,0.65366375,0.90541565,0.6374132,0.893114,0.65951073,0.89546716,0.66217893,0.9086235,0.6743103,0.901638,0.7334086,0.90178794,0.7457527,0.8890752,0.8181758,0.9025816,0.821284,0.89678013,0.7221766,0.9003178,0.7327366,0.9115594,0.7714601,0.93286955,0.777417,0.92354524,0.81632346,0.9224085,0.81636256,0.9142758
0.6465468,0.9145063,0.6406672,0.9072584,0.6492055,0.90729463,0.63292015,0.8921081,0.65331155,0.89665407,0.6588105,0.9045709,0.66874856,0.8997206,0.7308939,0.90077925,0.73911136,0.88985384,0.81789726,0.9016399,0.81907,0.89501727,0.72314715,0.9010673,0.7322125,0.9141355,0.77211934,0.92815036,0.7775426,0.92024827,0.81556886,0.9254961,0.8159028,0.9161021
0.648446,0.9182303,0.642978,0.9103729,0.6505564,0.9106953,0.63553995,0.8939479,0.65306884,0.89942884,0.66073763,0.9052821,0.6664367,0.9024473,0.7298569,0.9007229,0.7320277,0.89336586,0.8158766,0.90024406,0.8137126,0.894141,0.723934,0.9021462,0.73017615,0.91644347,0.770709,0.9256791,0.77414274,0.92059594,0.81294584,0.92232597,0.8122558,0.91395384
0.64759463,0.91935736,0.64176106,0.91207206,0.64993936,0.91245514,0.63562405,0.8962038,0.65451723,0.90114987,0.6629314,0.9056946,0.670582,0.90106916,0.73588485,0.8962936,0.73988914,0.8872578,0.81826943,0.89920026,0.8168503,0.8937661,0.7260477,0.8973109,0.7335335,0.90971684,0.7728769,0.92542905,0.7769546,0.91768646,0.8147448,0.9258276,0.81341285,0.91543925
0.64933336,0.90770173,0.6432873,0.90024865,0.65193427,0.90074664,0.6359018,0.8871771,0.65628594,0.8924973,0.6624397,0.90280616,0.6706155,0.8993086,0.73494405,0.8947722,0.7389747,0.8869118,0.8181993,0.8990993,0.816482,0.8936007,0.7240032,0.8991785,0.73203325,0.9123869,0.7720377,0.9217402,0.77634674,0.91543317,0.8144059,0.9244856,0.81296796,0.9163421
0.6456135,0.9097521,0.6401028,0.90225035,0.6482894,0.9032718,0.63486624,0.88848984,0.65378827,0.89432466,0.6629474,0.90026647,0.6689345,0.8981544,0.73580796,0.8919614,0.73668283,0.88748354,0.8194837,0.8999197,0.8163356,0.8936998,0.72475386,0.8980842,0.7311842,0.91169065,0.7702664,0.92127734,0.7727375,0.91540676,0.8138819,0.9247992,0.8118517,0.91610485
0.075718574,0.5494461,0.07175466,0.5368797,0.076583765,0.5415428,0.05117215,0.5215434,0.07238241,0.53565145,0.036748905,0.5511805,0.07198423,0.566793,0.012537253,0.6060664,0.09269196,0.5943668,0.0072880895,0.6921963,0.11215126,0.61217505,0.033481948,0.7221156,0.05396838,0.7287969,0.027561987,0.8316622,0.044804372,0.8373818,0.027546842,0.9177543,0.03817343,0.9320387
0.64466345,0.8970336,0.639164,0.88911325,0.64638364,0.89118505,0.6332222,0.8779385,0.64919215,0.8880313,0.6622599,0.8903137,0.65656906,0.8968207,0.7303247,0.8901605,0.69087315,0.8912732,0.8083932,0.91350347,0.7336848,0.88859856,0.72113997,0.90567863,0.72193354,0.92418736,0.77713436,0.889089,0.77526474,0.8862036,0.8140521,0.93949467,0.81287,0.93297726
0.6477815,0.8874241,0.6420565,0.8797892,0.6500042,0.88134897,0.6340438,0.8719618,0.65276355,0.8799232,0.66033614,0.8900437,0.6624541,0.894096,0.73152494,0.8847018,0.7242472,0.88910204,0.8173734,0.90460926,0.80353796,0.89186335,0.7188873,0.9056523,0.7231614,0.92363733,0.77328175,0.8875679,0.7728153,0.885941,0.81351894,0.9306189,0.81202173,0.9265271
0.6472376,0.8789803,0.6416275,0.86975825,0.6487679,0.87164354,0.63230574,0.8642715,0.6492613,0.8737995,0.6574531,0.88981295,0.6579005,0.8990244,0.7271657,0.88824713,0.71484745,0.9008656,0.81544036,0.90435344,0.7881998,0.89586365,0.71785605,0.9131514,0.72143483,0.9341002,0.7721492,0.8790135,0.7705046,0.88215685,0.8098782,0.93122596,0.80843765,0.9334148
0.7863875,0.40686098,0.7899478,0.39791104,0.7835271,0.39748085,0.79628885,0.39983198,0.77955985,0.3993221,0.80504286,0.4473468,0.7736367,0.4490335,0.8153241,0.5080208,0.7671631,0.51213235,0.8131725,0.5611133,0.7655124,0.5718157,0.7991358,0.5726669,0.77939695,0.5732046,0.7991858,0.67266387,0.7788672,0.6723652,0.8011819,0.76555777,0.78173655,0.7638331
0.786381,0.40443835,0.7899283,0.3950461,0.7832741,0.3954941,0.79641956,0.39744937,0.77909917,0.39873096,0.80455315,0.44555274,0.7742981,0.44860074,0.8143652,0.50730187,0.76894104,0.5145775,0.813738,0.5629779,0.7660658,0.57152075,0.7988155,0.5719634,0.779505,0.5724963,0.80073816,0.6717306,0.77814287,0.6714409,0.8013441,0.7695366,0.7803199,0.7686858
0.78585535,0.40508497,0.78936535,0.3958135,0.78271127,0.39618382,0.7956497,0.39825806,0.7783582,0.399269,0.8034148,0.4458804,0.77331567,0.44891602,0.8136428,0.5059881,0.7675466,0.51397353,0.81360644,0.56024605,0.7647533,0.5708965,0.7980709,0.57218784,0.7789108,0.57292867,0.79991513,0.671311,0.77811295,0.67127705,0.8004524,0.7673246,0.7803106,0.7669013
0.7854449,0.40498528,0.7889136,0.39573142,0.782273,0.3960562,0.7950828,0.39802283,0.77777857,0.39884397,0.80293673,0.44562277,0.7724653,0.4484551,0.81377715,0.5049999,0.76626414,0.5127844,0.8134967,0.55751204,0.76363534,0.56867677,0.7977965,0.5734797,0.77840304,0.57422954,0.7996689,0.6727572,0.7777733,0.67275,0.80026525,0.76799303,0.78012705,0.76764965
0.7849498,0.40468308,0.7884061,0.39545065,0.7818133,0.39578128,0.794612,0.3974528,0.7774237,0.39826328,0.80257016,0.4447289,0.7721287,0.44728535,0.8136613,0.5038244,0.76543623,0.51037747,0.8138509,0.5565534,0.76232785,0.56508285,0.79733694,0.5721986,0.7781158,0.5728351,0.7987436,0.6711935,0.7779204,0.67115,0.7989546,0.76643896,0.780398,0.766028
0.7843992,0.40261617,0.7878423,0.39343855,0.78129,0.3937993,0.79403085,0.3958243,0.7769871,0.3966949,0.8022143,0.44389787,0.7715828,0.44642395,0.81338674,0.5038333,0.76458377,0.5100307,0.8137846,0.5581304,0.76134485,0.5658652,0.79682946,0.57228935,0.7776626,0.5728506,0.7972116,0.67270166,0.7776787,0.6726324,0.7967447,0.76983047,0.7805865,0.76939905
0.78410715,0.4005123,0.78745556,0.39140376,0.78097147,0.39186892,0.79344827,0.3943268,0.7766355,0.39545667,0.8016972,0.44344634,0.7713494,0.44613487,0.81292164,0.50393444,0.7642395,0.50967675,0.8136439,0.55966234,0.7598654,0.56539863,0.79638666,0.572149,0.77756774,0.5727802,0.795732,0.6728097,0.77762383,0.6729322,0.7948704,0.7703581,0.7806106,0.7702848
0.7832909,0.3978334,0.78670627,0.38878858,0.78022856,0.389248,0.7928577,0.39254776,0.7761752,0.39371735,0.8014717,0.44319746,0.7709003,0.44586092,0.8128213,0.5041911,0.7636468,0.5096918,0.8137016,0.5602038,0.7594219,0.5655828,0.7960055,0.5725164,0.77715963,0.5730227,0.79484314,0.67306685,0.7774478,0.67303586,0.7933474,0.77042973,0.78060144,0.7700301
0.7828856,0.3982342,0.7862654,0.38915774,0.77977955,0.38964853,0.7923668,0.3926978,0.7756465,0.39396283,0.8009742,0.44289622,0.77054065,0.44591856,0.812617,0.50322485,0.7634225,0.5099977,0.8137097,0.557154,0.7587825,0.5647971,0.7955282,0.5728966,0.7768552,0.57352334,0.7939139,0.6746397,0.7772999,0.67477596,0.79226464,0.77316,0.7804765,0.7730036
0.78276795,0.39809945,0.7861122,0.38887903,0.7795078,0.38957748,0.79211205,0.39257237,0.77512896,0.39434224,0.8007538,0.44329244,0.7700461,0.44690537,0.81262267,0.50394607,0.76272637,0.5110071,0.813971,0.5591448,0.7577493,0.56527215,0.795559,0.57385606,0.7767011,0.57480866,0.79357177,0.67622125,0.7768337,0.676755,0.7915258,0.77488476,0.77962714,0.7754114
0.78241307,0.3991988,0.78577334,0.38992992,0.7790944,0.39064464,0.7917715,0.393455,0.7746197,0.39523414,0.80016565,0.44363645,0.7696746,0.4473937,0.81205744,0.5036877,0.76219934,0.5110794,0.81424856,0.55884874,0.7571847,0.5648282,0.79533684,0.5736138,0.77667016,0.57474196,0.79318446,0.67629164,0.77710444,0.67704093,0.7909001,0.7754422,0.77968514,0.7762346
0.78194475,0.40034676,0.7853449,0.39088586,0.778526,0.391702,0.7914519,0.3942231,0.7739264,0.39627635,0.7999864,0.44434246,0.7690332,0.448776,0.8121773,0.5041498,0.7614024,0.5132198,0.81444377,0.5593023,0.7568409,0.5676805,0.7956905,0.57542986,0.7766673,0.57694125,0.79399055,0.6786404,0.77727664,0.6797304,0.79156315,0.7772469,0.77970046,0.7783993
0.78145593,0.4013525,0.7848754,0.3917634,0.7780069,0.39270332,0.7910501,0.39481223,0.7734043,0.3972492,0.79971945,0.44457188,0.76863045,0.44991964,0.8121579,0.50393635,0.7610778,0.51495045,0.814366,0.55870885,0.7565231,0.56942266,0.79587424,0.5760581,0.77678037,0.57806706,0.7944051,0.67954695,0.7778761,0.6811272,0.7921506,0.77776885,0.78071827,0.7794401
0.78116816,0.40175915,0.7846318,0.39207578,0.77770317,0.39305168,0.79091567,0.3950532,0.7731318,0.3975846,0.799687,0.44497108,0.7684635,0.4503016,0.8120292,0.5047357,0.76102525,0.5151994,0.81417304,0.56056166,0.75640506,0.56946564,0.7958798,0.5763782,0.77667415,0.57835126,0.7942609,0.6793062,0.77740365,0.6808402,0.79210675,0.7769708,0.7802569,0.77854383
0.7811865,0.403244,0.7846359,0.3931754,0.7776376,0.3940154,0.790463,0.395012,0.77276254,0.39740202,0.8000024,0.44580653,0.76666826,0.451308,0.81339544,0.50543994,0.7605476,0.5158708,0.81545895,0.5629425,0.75721496,0.568893,0.7948887,0.57394755,0.77488035,0.57596296,0.79172057,0.6782075,0.7771706,0.67935055,0.7887508,0.77503675,0.7815475,0.7765665
0.78078693,0.40308976,0.7842908,0.39288703,0.7771613,0.39377424,0.79021215,0.39475524,0.7721203,0.3972505,0.799873,0.44519398,0.76579404,0.4511272,0.8137358,0.50438637,0.7596514,0.5163871,0.81508255,0.56072736,0.7568466,0.5694759,0.79434186,0.57445043,0.77353525,0.57650125,0.79141325,0.67735404,0.7739278,0.67857176,0.7888571,0.77287626,0.77756774,0.7746377
0.780117,0.40185297,0.78369796,0.39164692,0.77656543,0.39248404,0.7898013,0.39389226,0.77168626,0.39638296,0.7996276,0.4449462,0.76555747,0.45102015,0.8139744,0.5041406,0.7596919,0.5164136,0.814849,0.5613326,0.7562569,0.5699646,0.79367703,0.5751483,0.77271664,0.577095,0.7908058,0.67747504,0.7720928,0.6786687,0.78919625,0.77229047,0.77567637,0.77401394
0.77894425,0.40054178,0.78268754,0.39049292,0.7754183,0.39166957,0.78946376,0.39366186,0.7710229,0.39697647,0.79869705,0.44421476,0.76656073,0.4512231,0.8116514,0.5032565,0.76027924,0.5163973,0.813213,0.56051856,0.75567544,0.57036126,0.7945639,0.57667965,0.77429265,0.5791093,0.7928455,0.6790526,0.7718348,0.6810076,0.79126394,0.77632535,0.77322,0.7785389
0.7782607,0.40039337,0.7820819,0.39029202,0.7747857,0.39147112,0.7890225,0.39349285,0.7705599,0.39689896,0.79836124,0.44426012,0.76610696,0.4517265,0.81107074,0.5033328,0.75996685,0.51784474,0.8125621,0.5597393,0.7553116,0.5722573,0.79416066,0.57730544,0.7738131,0.5798924,0.7926456,0.68038994,0.7714522,0.682458,0.7910453,0.7786596,0.7728262,0.7808696
0.7781078,0.39958358,0.7816132,0.38955495,0.77461517,0.3903384,0.7876912,0.39198944,0.76997775,0.39440504,0.79789335,0.44308499,0.7638425,0.44979438,0.8123595,0.50152314,0.7577345,0.5178956,0.81325644,0.5550318,0.75534827,0.57517684,0.792453,0.57540333,0.7713065,0.5775484,0.79112524,0.6799774,0.7705442,0.6811635,0.78878754,0.7787327,0.77199924,0.780187
0.7771273,0.39709732,0.78061926,0.38709065,0.77362007,0.38793266,0.7867386,0.3901743,0.7690699,0.39282146,0.79720694,0.44242468,0.763266,0.44935355,0.8119208,0.5014331,0.7574259,0.5182773,0.8128546,0.5533027,0.7549259,0.5744938,0.79170513,0.5751525,0.7706462,0.57727,0.7905671,0.6808202,0.77019334,0.68195176,0.78789026,0.78123873,0.7712795,0.782564
0.7763962,0.39663863,0.78003466,0.38685024,0.7729565,0.3875859,0.78632015,0.39060163,0.7685975,0.39347517,0.79683894,0.44358566,0.76265204,0.4507524,0.810328,0.50371283,0.7571773,0.5190008,0.81226057,0.55560714,0.75442713,0.5769696,0.7907729,0.5761834,0.76950467,0.57844937,0.7891906,0.680368,0.7681699,0.6813763,0.78638715,0.7797702,0.7686712,0.7807923
0.7757555,0.39607733,0.77946013,0.38590115,0.77229637,0.3870671,0.78648233,0.3886929,0.76842403,0.39232808,0.7967399,0.44107652,0.76350033,0.44888854,0.81037515,0.5019946,0.7572549,0.52040195,0.81021893,0.5527694,0.7543675,0.5793303,0.7907386,0.57605606,0.76971155,0.57797945,0.7895234,0.68390906,0.7662519,0.6847044,0.7877223,0.7857558,0.76605666,0.7868878
0.77487653,0.39692098,0.7786824,0.38683227,0.771552,0.38774362,0.78605187,0.3892158,0.7679344,0.39229667,0.7964728,0.44106585,0.76308984,0.44768265,0.8093907,0.50306106,0.75654,0.5192501,0.80868673,0.55228937,0.7531578,0.5785929,0.78985023,0.5753629,0.76868767,0.5764826,0.7892985,0.68406653,0.7648888,0.6839206,0.7883996,0.7868351,0.76504827,0.7865775
0.7742793,0.39766404,0.7781305,0.3875638,0.7710045,0.38842908,0.78560144,0.38980514,0.76745933,0.39276457,0.7958175,0.44175094,0.7625078,0.44810238,0.80797976,0.50351596,0.75562316,0.51942873,0.8075997,0.5525722,0.7526466,0.5795397,0.7889981,0.57740253,0.76783985,0.57836515,0.7889211,0.6850857,0.76392025,0.68471634,0.787798,0.7870447,0.7634692,0.78641057
0.7737783,0.39780813,0.7779502,0.38781518,0.77050924,0.3881577,0.785486,0.39023194,0.7668549,0.39203715,0.79573554,0.4427978,0.76089543,0.44792205,0.8068736,0.5057652,0.7545051,0.51786923,0.808314,0.55774933,0.75077623,0.5798188,0.78836215,0.57733804,0.76624626,0.5782963,0.7883989,0.6814192,0.763112,0.68091714,0.78749466,0.7823235,0.7630432,0.78081685
0.77343184,0.39598298,0.77740544,0.38579258,0.77003604,0.38653347,0.784695,0.38844195,0.7660009,0.3909377,0.7946012,0.4411055,0.7599785,0.44726807,0.8066884,0.50306207,0.75239974,0.5192587,0.8066433,0.55428046,0.75108564,0.5829547,0.78796244,0.5779281,0.76590526,0.57914937,0.7888131,0.6842278,0.7625921,0.6840066,0.78755695,0.78462815,0.76272726,0.78412837
0.77246475,0.39514327,0.77670133,0.38496795,0.76898366,0.38521972,0.78405523,0.3872426,0.76472324,0.38866213,0.7939498,0.44023988,0.75788784,0.44525048,0.80515397,0.5046182,0.75094515,0.51686925,0.80671114,0.55854106,0.7482241,0.581315,0.7870669,0.5781913,0.76409364,0.5795966,0.7880848,0.68470365,0.7618802,0.68462896,0.78790057,0.78708744,0.7627417,0.7860886
0.7716364,0.39403835,0.7756161,0.38339314,0.76787084,0.3842955,0.78319186,0.3860615,0.76313174,0.38855267,0.7926812,0.43886733,0.7579469,0.44425344,0.8054331,0.50305015,0.75079846,0.5183126,0.80810803,0.5578954,0.7472293,0.5810686,0.7868085,0.5796273,0.76473933,0.58066857,0.78745615,0.6877102,0.76164436,0.68729734,0.78676665,0.7912671,0.7638854,0.79048985
0.7707574,0.39376143,0.77477974,0.38299456,0.76690435,0.38394803,0.7824374,0.38516307,0.76201755,0.38782895,0.79187053,0.43706536,0.7567498,0.44284615,0.8046117,0.50195545,0.7494187,0.51805705,0.80754405,0.5578466,0.7449538,0.5825334,0.78575325,0.57805574,0.7633113,0.5792187,0.7868156,0.6885618,0.7596485,0.68831307,0.78669894,0.7943671,0.76154345,0.79393715
0.7699535,0.39359444,0.77428144,0.38338006,0.7664111,0.38350984,0.78140163,0.38546574,0.7617956,0.38652685,0.7908415,0.4385419,0.7544061,0.44359392,0.8028963,0.5032119,0.74794954,0.5164645,0.8079421,0.5601122,0.74238807,0.5836708,0.7828574,0.5772923,0.7598297,0.57884365,0.78432316,0.6867067,0.75846595,0.68680805,0.7871947,0.7920795,0.7618403,0.7913773
0.76933944,0.39422747,0.7735974,0.3838473,0.7654726,0.384333,0.7805411,0.38662004,0.7603456,0.3884376,0.79035467,0.43963146,0.75300133,0.44621903,0.8034483,0.50365347,0.7464067,0.51922333,0.80744183,0.5611765,0.7411892,0.5837141,0.7839148,0.5793075,0.7601947,0.5817788,0.78532887,0.6886899,0.7591316,0.6900389,0.7854322,0.79323024,0.76091635,0.7943412
0.7685519,0.39757428,0.7728664,0.3870441,0.7645991,0.38753518,0.7798137,0.38952398,0.7593292,0.39133134,0.78974426,0.44199747,0.75175947,0.44875744,0.803284,0.50622815,0.7450175,0.5217088,0.80813944,0.5655669,0.7394514,0.58573294,0.7833004,0.579661,0.7593315,0.5823589,0.7846203,0.68851614,0.75921905,0.69021577,0.783827,0.7929666,0.761103,0.794515
0.76756173,0.4040759,0.77197856,0.39335248,0.7636854,0.39356688,0.7791854,0.39378643,0.7585396,0.39485714,0.78919154,0.44339293,0.75075376,0.44987985,0.80325216,0.5066706,0.74345446,0.5242822,0.8082533,0.5660335,0.73733324,0.5938784,0.78234345,0.5797725,0.7585567,0.58227396,0.78147614,0.6885912,0.7588974,0.6901075,0.78023314,0.7946446,0.7626917,0.79578364
0.7666055,0.40642926,0.77119637,0.3958616,0.7628868,0.39552352,0.7787242,0.39598742,0.7580647,0.39557573,0.7886526,0.4452606,0.7502955,0.44915476,0.8030783,0.5104967,0.7429012,0.52359504,0.80850047,0.57043266,0.7366788,0.595269,0.78090924,0.5808466,0.75750107,0.5820152,0.77869326,0.6924245,0.75854754,0.69253737,0.7776515,0.80207586,0.7640359,0.8013062
0.7667863,0.4087908,0.77132034,0.39811262,0.7628929,0.39781123,0.7786316,0.3980334,0.75763935,0.39759704,0.7882938,0.44635397,0.7496943,0.45033342,0.80285645,0.51159644,0.7417827,0.52457505,0.80823797,0.56944263,0.73570424,0.5929719,0.7808048,0.5803722,0.75745624,0.58179307,0.77738696,0.69440734,0.75923663,0.69498485,0.77500266,0.8083653,0.76477325,0.80837816
0.7659239,0.41773105,0.7703687,0.40673417,0.76194704,0.40633506,0.77792907,0.4038088,0.7567463,0.40300792,0.7881032,0.44879743,0.7492841,0.4514584,0.8030812,0.5148165,0.7415094,0.52502584,0.8081879,0.5746964,0.736399,0.5938477,0.7805562,0.58219415,0.7572769,0.5829354,0.77661014,0.6969011,0.75942975,0.6968603,0.7728502,0.81231016,0.7643124,0.8113769
0.76507634,0.423741,0.7693551,0.41255882,0.76099527,0.4126277,0.776896,0.40894574,0.75581086,0.40932706,0.78694624,0.4528248,0.7491441,0.45663235,0.8025738,0.51767945,0.7414741,0.52892953,0.80814296,0.5774674,0.73714775,0.59540284,0.779833,0.58577,0.7572937,0.5870288,0.77525705,0.700397,0.75944304,0.70096976,0.7714211,0.8146382,0.76464957,0.8147068
0.76301855,0.4288347,0.7673466,0.41798294,0.7592741,0.41814736,0.7753875,0.4161865,0.75499034,0.4169277,0.78605884,0.46206906,0.7492492,0.4659366,0.8019819,0.5248191,0.74130946,0.53581744,0.8077165,0.5827245,0.73686945,0.60086626,0.7792316,0.59460264,0.7574395,0.59544975,0.7740922,0.70589083,0.7593035,0.7059219,0.77077144,0.81676346,0.7655998,0.81578743
0.76233226,0.44228992,0.76635903,0.43105578,0.75874615,0.4315594,0.77488613,0.42601034,0.7545539,0.4272858,0.7858835,0.46819943,0.74861836,0.47138616,0.80068535,0.5325053,0.7400468,0.5428922,0.8049159,0.59101325,0.73679,0.60723996,0.7785784,0.60038114,0.75634784,0.6006583,0.77551645,0.70817393,0.7588004,0.7075306,0.772062,0.82001674,0.7653681,0.81843925
0.7636909,0.44982678,0.7674822,0.43845987,0.75970536,0.43941557,0.7750904,0.4335849,0.7545017,0.43572873,0.7854746,0.4754907,0.74823546,0.47938085,0.8009073,0.538877,0.7399125,0.54798204,0.80540913,0.59871066,0.7373876,0.60655344,0.7787451,0.6056645,0.75647384,0.6067294,0.7753443,0.71072197,0.758865,0.7110357,0.7717118,0.81973934,0.7657598,0.8199743
0.7632007,0.45783433,0.76695,0.44620717,0.759044,0.44741386,0.7745134,0.44065687,0.7536424,0.44343615,0.7851222,0.48096335,0.7476403,0.48603645,0.80105895,0.54480803,0.7400369,0.556681,0.806131,0.60653484,0.73780286,0.61677706,0.7786406,0.6071984,0.75616544,0.6087872,0.77553314,0.71059555,0.75830305,0.7114409,0.7717957,0.81890815,0.76524204,0.8198932
0.76201236,0.46480706,0.7657197,0.45338103,0.75793475,0.45491347,0.7733941,0.4492196,0.7530109,0.45296043,0.7843613,0.49000826,0.748315,0.49603224,0.80119985,0.5515293,0.74087036,0.56376016,0.8069336,0.61396676,0.7374993,0.6217416,0.7785687,0.6116453,0.75698227,0.61342394,0.7752493,0.71215117,0.758644,0.7131883,0.77188,0.8180118,0.76554036,0.81917036
0.7606179,0.4743358,0.7644453,0.4628895,0.75660866,0.4642511,0.7725186,0.45743296,0.7520018,0.4608159,0.783502,0.49586585,0.7477663,0.5014309,0.8007699,0.5560102,0.7400858,0.5677725,0.80785006,0.61805356,0.7350632,0.6263115,0.7777509,0.61448646,0.75652,0.6160394,0.7750392,0.7133459,0.75915116,0.714104,0.77223295,0.8162494,0.7663231,0.816845
0.7603931,0.48056847,0.76414657,0.46927333,0.7563494,0.47063765,0.77187055,0.4643953,0.7514945,0.4676221,0.78241444,0.5028674,0.74682766,0.5081953,0.79957193,0.5627955,0.7384535,0.57381976,0.807638,0.62592214,0.7338766,0.6326001,0.7769924,0.61795926,0.75584865,0.6197306,0.77538997,0.71480566,0.7594854,0.71585494,0.7722149,0.8157681,0.76644045,0.8168449
0.75905204,0.4852162,0.7627911,0.47397903,0.7550726,0.47552338,0.77068067,0.46928194,0.7504826,0.47306746,0.78159964,0.5074433,0.74602574,0.5141743,0.79930013,0.56602126,0.73690295,0.58079726,0.8078682,0.6285956,0.73150986,0.64231634,0.77710235,0.62142223,0.75599146,0.6238501,0.77575034,0.7170857,0.7599334,0.718758,0.7730889,0.8155028,0.7673728,0.81717545
0.75874215,0.48754054,0.7626502,0.47672752,0.75479686,0.47761363,0.7703246,0.47306046,0.7504003,0.4752454,0.78160447,0.51206386,0.7449834,0.5176065,0.8009392,0.5680279,0.7341437,0.58100086,0.81248266,0.6299635,0.7268236,0.64530504,0.7771463,0.6267437,0.7558731,0.6288473,0.77432406,0.7255804,0.7602703,0.7273292,0.7711056,0.822045,0.76703095,0.8235011
0.7586743,0.49301416,0.7626063,0.48155618,0.75443923,0.48283693,0.7705721,0.4759001,0.7492551,0.4787502,0.7810912,0.5128854,0.7439144,0.5177951,0.799089,0.57319957,0.7325701,0.5839406,0.8095345,0.63582075,0.7260017,0.6454454,0.77631944,0.62539613,0.7543039,0.6272911,0.7756994,0.72177917,0.75937855,0.72290885,0.77338755,0.8181298,0.76755714,0.81917834
0.7593078,0.4960505,0.7632639,0.48430535,0.75487036,0.48597205,0.77120966,0.47835657,0.749283,0.4822049,0.781328,0.51461834,0.74359584,0.52150047,0.7992446,0.57363427,0.73060405,0.588782,0.80974436,0.6330751,0.7226344,0.65156597,0.77705795,0.6274513,0.7546597,0.6303244,0.7755586,0.72406465,0.7587449,0.72614574,0.7741196,0.8198604,0.76784647,0.82243025
0.7580747,0.49855128,0.76205003,0.48685977,0.7538581,0.48853567,0.77032804,0.48056623,0.7488477,0.48445767,0.78145534,0.5171619,0.7431095,0.5235673,0.7991718,0.57668966,0.7285351,0.59008193,0.80936164,0.6365056,0.71970266,0.6535528,0.7773664,0.6304127,0.7546677,0.63285625,0.77579135,0.72543365,0.75817025,0.72698665,0.77426255,0.820756,0.76737565,0.82220095
0.75912786,0.50199085,0.7630942,0.4900436,0.75470537,0.49204203,0.7712822,0.48365715,0.7493134,0.48823744,0.781931,0.5202508,0.74356097,0.52659816,0.7988945,0.58051646,0.7266296,0.5907825,0.80944985,0.641786,0.7163343,0.6514331,0.77808195,0.63229513,0.75534827,0.63482577,0.77552956,0.726546,0.75785273,0.72835547,0.7736034,0.8212044,0.76645565,0.8232125
0.75866574,0.5066807,0.7626452,0.49475783,0.7542966,0.496803,0.7710545,0.4875763,0.7491414,0.49236944,0.78211707,0.5224777,0.7435202,0.5290939,0.7990721,0.58259624,0.7255036,0.59315675,0.8088918,0.64387935,0.71364015,0.65544003,0.7783162,0.63383955,0.7554237,0.63628846,0.7753166,0.7292036,0.75709045,0.7309251,0.77353257,0.82518476,0.7656271,0.8270623
0.7584507,0.51197475,0.76221764,0.500044,0.7539911,0.5025925,0.7702343,0.4930448,0.74869007,0.4992229,0.78150856,0.5274905,0.7435309,0.5365031,0.7989268,0.5848744,0.72577184,0.59891963,0.8074503,0.64588004,0.71207905,0.659102,0.77869314,0.63787186,0.7560997,0.6414698,0.77505416,0.73169076,0.75683725,0.73474216,0.77313346,0.8254926,0.76482755,0.82933813
0.7570669,0.518453,0.76118124,0.50673324,0.7527368,0.5084982,0.7697135,0.4993037,0.7478225,0.5035193,0.78144795,0.5332169,0.7425399,0.53883976,0.7997103,0.5923448,0.7241735,0.6006455,0.808119,0.6524418,0.7102338,0.6642478,0.77799314,0.6439164,0.7548197,0.6455779,0.7748131,0.7365279,0.75533336,0.737165,0.7735776,0.83011216,0.7643248,0.8306744
0.757046,0.52818006,0.760804,0.5163013,0.75260055,0.5181683,0.768264,0.5066062,0.7473865,0.5113103,0.78067136,0.5369486,0.7390525,0.5468995,0.80110437,0.58152884,0.7204716,0.6034675,0.8090047,0.64685786,0.7102065,0.68109477,0.7782685,0.6466563,0.75366646,0.65096617,0.7767474,0.7358173,0.75544983,0.73833954,0.7710504,0.8206911,0.76235294,0.8242568
0.75612444,0.53917927,0.7597887,0.52712035,0.7516789,0.5291398,0.76732165,0.5160545,0.74658424,0.5210757,0.78029835,0.5443054,0.73873925,0.5545669,0.8015029,0.58738506,0.7195191,0.6092092,0.8096145,0.6534887,0.70839685,0.68420386,0.77871245,0.6510728,0.7541541,0.65560645,0.7763043,0.73308134,0.75492835,0.7360044,0.77066565,0.817205,0.7614409,0.8209153
0.7543879,0.5510709,0.75798035,0.5389793,0.7500012,0.54143447,0.7659924,0.5288145,0.74551696,0.5346317,0.7806575,0.5593543,0.73971736,0.5665338,0.8010227,0.60854757,0.72026473,0.6135537,0.8081853,0.6806927,0.7080752,0.6693005,0.78081936,0.6609491,0.75638133,0.6639285,0.7762427,0.73720217,0.75425893,0.7388712,0.77201974,0.817089,0.76097614,0.81849533
0.7545065,0.56704783,0.758126,0.553644,0.74923724,0.5568145,0.76630574,0.5410051,0.7431485,0.5477812,0.7806731,0.56706387,0.7385339,0.5710485,0.7992682,0.63104993,0.721725,0.6199506,0.8066134,0.6959613,0.7171654,0.6446069,0.780971,0.6532051,0.7558475,0.65518165,0.77382964,0.71504647,0.7528324,0.71649414,0.7711976,0.8116697,0.76360905,0.8129287
0.754288,0.58258265,0.7578368,0.5692774,0.7491176,0.572606,0.7657296,0.5569081,0.743072,0.56377065,0.77973366,0.58284414,0.7388439,0.58539283,0.7991881,0.65383506,0.7214924,0.6337174,0.8079405,0.7368709,0.71502435,0.66027755,0.7811291,0.6610964,0.75669265,0.6629201,0.7719678,0.71749234,0.75180954,0.7193008,0.77167076,0.8114143,0.76449597,0.81346923
0.7523949,0.599474,0.75620526,0.58571154,0.7470235,0.58831686,0.7647912,0.57187676,0.7413747,0.5779451,0.7814554,0.59835476,0.7361426,0.60254836,0.8007086,0.6759226,0.71860284,0.67117816,0.8063555,0.77441484,0.70758986,0.7528472,0.78072834,0.6773514,0.7539253,0.67849684,0.77523565,0.7297298,0.7512868,0.72938895,0.7715639,0.81711817,0.7632501,0.8159029
0.7532923,0.61930376,0.7575032,0.6059899,0.7479871,0.60902345,0.7677556,0.5927454,0.74027646,0.59967464,0.7820765,0.6280717,0.7344408,0.6295184,0.80174917,0.71298754,0.7133502,0.6979977,0.803565,0.8200797,0.7091241,0.791612,0.782901,0.69862944,0.7528843,0.70064336,0.78147006,0.7619568,0.7453193,0.76681703,0.78567666,0.8133886,0.75241965,0.8150642
0.7478199,0.6350773,0.753008,0.62084734,0.7429678,0.6228033,0.765735,0.607573,0.7371783,0.6127658,0.7805744,0.64331067,0.73126864,0.65044767,0.7984728,0.73140687,0.7124104,0.74146557,0.80199844,0.84147114,0.70757526,0.8520429,0.77823955,0.7189915,0.7453246,0.7210393,0.7806719,0.78598803,0.7286615,0.7862862,0.78527707,0.8411333,0.7295882,0.83730996
0.7442758,0.66563725,0.7497266,0.65056384,0.7397515,0.6514057,0.76402676,0.6351944,0.7350361,0.6391068,0.780852,0.67074805,0.7267401,0.67878866,0.8001561,0.77483517,0.7093895,0.789807,0.8086997,0.89387596,0.7068608,0.90666735,0.77839583,0.7670972,0.73943055,0.76998365,0.797929,0.884386,0.7213748,0.8803746,0.8119592,0.92318094,0.7156145,0.90718853
0.74608445,0.68556887,0.7508601,0.66641545,0.7399362,0.6688498,0.76101273,0.6455654,0.73181623,0.6506132,0.7810938,0.695783,0.717815,0.69885945,0.7965495,0.83045506,0.708251,0.82442117,0.79948837,0.934394,0.716809,0.8876914,0.7758007,0.8697289,0.7335986,0.87156636,0.7866823,0.9314061,0.72007674,0.9315729,0.78898585,0.99048835,0.71962327,0.98871785
0.07723258,0.55026007,0.073232554,0.5369135,0.07726863,0.5417055,0.05306275,0.5210804,0.07252703,0.5348459,0.03923327,0.55231655,0.07147016,0.5658964,0.011256808,0.61998755,0.085414626,0.6068522,0.007114017,0.7055823,0.09940776,0.62823313,0.035138365,0.7138179,0.054099184,0.7193968,0.031037195,0.82474715,0.045305263,0.8297986,0.02171464,0.9199914,0.028691653,0.93315893
0.07451054,0.54237694,0.07039465,0.53064346,0.075520694,0.53284997,0.048685562,0.52537847,0.07338076,0.53178245,0.032800272,0.557261,0.072773546,0.566879,0.010613784,0.6234446,0.10348246,0.59776205,0.0086646145,0.7003022,0.1344467,0.60430175,0.032107722,0.7310216,0.053558815,0.7359492,0.02558966,0.8445758,0.03841048,0.8538401,0.017740354,0.9367691,0.023555288,0.9469667
0.07918888,0.56622213,0.07550702,0.5534562,0.0799027,0.55815536,0.055371083,0.5347573,0.07367857,0.55180883,0.042437695,0.5567293,0.0729564,0.5834148,0.013763199,0.56230086,0.09033216,0.59533095,0.00729737,0.61113507,0.10653179,0.6184768,0.03531193,0.7258669,0.05282116,0.73519564,0.027445642,0.8250373,0.0432427,0.83174723,0.026615692,0.89356506,0.03669067,0.909226
0.7040999,0.9179799,0.7016352,0.9065023,0.7006139,0.9151133,0.7036965,0.89707243,0.69853795,0.9162034,0.7149009,0.899635,0.70634365,0.93363506,0.7303784,0.89012444,0.7124019,0.9500276,0.7260747,0.89005727,0.7280816,0.92137635,0.7577665,0.9234824,0.75062025,0.9476956,0.79584855,0.9085945,0.78980154,0.93257844,0.80092716,0.92170924,0.8003501,0.9495708
0.7029223,0.92727536,0.70029944,0.91684407,0.70054686,0.9239507,0.69994825,0.910675,0.703146,0.92424715,0.7074155,0.91277903,0.71729577,0.9364392,0.73147625,0.88349783,0.7480749,0.92027086,0.7473268,0.87523085,0.76183665,0.86954015,0.7525403,0.9191202,0.75661033,0.93899935,0.78359383,0.9068083,0.78266764,0.9267703,0.8040245,0.8902709,0.80196524,0.9125253
0.70475245,0.9263953,0.7016638,0.92182726,0.7068361,0.9215434,0.69746774,0.923464,0.7198275,0.91590184,0.6989419,0.93221956,0.7368145,0.91774553,0.7018823,0.91845304,0.7626757,0.89029425,0.71684,0.89911556,0.7586094,0.8579396,0.7418904,0.9308143,0.76411384,0.92991114,0.7749072,0.9168667,0.78554744,0.9140086,0.79668826,0.9116031,0.79841214,0.9021517
0.7111494,0.93058354,0.7085423,0.92827064,0.7147514,0.9260447,0.70175,0.93618095,0.72999233,0.9249737,0.70084286,0.94565064,0.74524873,0.92706984,0.7024259,0.93418264,0.7695591,0.90067536,0.71849257,0.9033308,0.766243,0.8625527,0.73808205,0.93093646,0.76418525,0.926388,0.76506084,0.9134306,0.776535,0.9061019,0.7915151,0.9079281,0.7922495,0.89324445
0.7315616,0.95002013,0.73017526,0.94693995,0.735183,0.94548535,0.7188491,0.9524301,0.7471928,0.9475538,0.7112822,0.9543277,0.7553401,0.95022625,0.7105674,0.93616796,0.7732592,0.92909056,0.7306375,0.91541004,0.7700317,0.90738785,0.73050606,0.9299388,0.75653017,0.9305979,0.75967544,0.9148,0.7699381,0.9126614,0.7840605,0.90545833,0.7837015,0.90005255
0.04108868,0.5891874,0.037637655,0.5811279,0.04408629,0.58171433,0.033236135,0.56581426,0.055789765,0.56755084,0.03289184,0.5661539,0.067352265,0.5676061,0.01272133,0.6078261,0.102077365,0.5849289,0.005777401,0.6798335,0.13398474,0.5951635,0.045288857,0.6721202,0.06256564,0.673414,0.04614447,0.78684545,0.05419413,0.79345274,0.023960127,0.8668439,0.027866712,0.8812173
0.8366236,0.46794507,0.8411407,0.44908804,0.83318675,0.4539812,0.85660833,0.4362299,0.8396679,0.44558883,0.8818103,0.495626,0.8615449,0.5065067,0.897721,0.6063966,0.86651605,0.6034869,0.85574627,0.68324757,0.847427,0.6777986,0.90206796,0.7004133,0.8893285,0.69300413,0.8357092,0.7417259,0.82719725,0.73932225,0.84536755,0.92968374,0.8462791,0.91200066
0.83479166,0.46863273,0.8389104,0.4500003,0.831474,0.45486212,0.8540245,0.437267,0.83836937,0.44674554,0.8799675,0.49609295,0.8602668,0.5058907,0.89541715,0.6074683,0.8636145,0.6015795,0.8530782,0.6845914,0.84354275,0.6732888,0.9017866,0.69664025,0.8895518,0.6888621,0.83619946,0.7421475,0.8287048,0.73782796,0.8454711,0.9307053,0.8468706,0.9092809
0.8336666,0.4706669,0.8374942,0.45193115,0.8301827,0.4570188,0.8520171,0.43850318,0.8368735,0.44856924,0.87847006,0.4967679,0.85928786,0.50656605,0.8942488,0.6086642,0.8622034,0.6018176,0.85240823,0.6864481,0.84182036,0.67341447,0.90248215,0.69503427,0.8907113,0.6874519,0.8357356,0.740803,0.82930917,0.73616785,0.8454299,0.93074816,0.847396,0.90767443
0.8316151,0.47291294,0.834596,0.4540088,0.8284177,0.46025443,0.84801453,0.44067892,0.8356261,0.45343825,0.876985,0.49676758,0.8572389,0.5103921,0.89413655,0.60692793,0.8591858,0.6057095,0.8519719,0.6856262,0.8402109,0.6748873,0.90320414,0.6942384,0.89118665,0.68836254,0.8348201,0.7373916,0.8287765,0.7350137,0.84521264,0.9305305,0.8463694,0.9086485
0.82879066,0.47488317,0.8313266,0.45581838,0.82582486,0.46247536,0.8446064,0.44154164,0.8341525,0.45529038,0.8740557,0.4959031,0.8563719,0.5117125,0.89219135,0.60584205,0.85839415,0.61023724,0.8514511,0.6855614,0.8383716,0.6783079,0.9012763,0.69323784,0.89067364,0.6888821,0.8352022,0.73881966,0.8300638,0.73915875,0.84592503,0.93042755,0.84618294,0.91093284
0.824714,0.4800491,0.82787764,0.46103632,0.82136214,0.46797958,0.8422583,0.44575801,0.8286071,0.46076486,0.87144595,0.49750298,0.85207456,0.5188169,0.88966304,0.6041178,0.8555538,0.6179473,0.8489361,0.6898141,0.8365666,0.68710536,0.90074825,0.691769,0.88876575,0.6900887,0.8350418,0.736846,0.82768947,0.7423218,0.84642905,0.9257618,0.8452671,0.91284406
0.8231587,0.49067125,0.82544976,0.4717011,0.8195891,0.47823727,0.83833134,0.45179754,0.82754177,0.46559247,0.86682016,0.49921137,0.85277146,0.516535,0.8851785,0.6072158,0.8575528,0.6156595,0.84584886,0.6994435,0.8328768,0.69331205,0.8985777,0.6953147,0.89057964,0.6926153,0.8340622,0.74459195,0.83152735,0.7461407,0.8460499,0.9288807,0.8491537,0.90838194
0.8193497,0.50023794,0.82138866,0.4810447,0.8158156,0.4883689,0.8338089,0.45779434,0.8237795,0.4733031,0.86312455,0.5006932,0.84926933,0.52232033,0.8839335,0.6112262,0.8552255,0.6260598,0.8448971,0.7066576,0.8298258,0.7028342,0.8965456,0.6973723,0.8885431,0.6972456,0.8322901,0.7429521,0.8278127,0.75105816,0.8469388,0.9252357,0.84609693,0.9136013
0.8152798,0.4999605,0.81770223,0.4810487,0.8115878,0.48827574,0.8301576,0.46220204,0.81844234,0.47731647,0.8588851,0.51087093,0.843406,0.5318527,0.8813753,0.62314314,0.84904367,0.6336567,0.8435915,0.71227497,0.8260452,0.70132697,0.8936047,0.7016637,0.88449746,0.70255893,0.83212703,0.7469354,0.8271,0.7587194,0.84751284,0.92554975,0.84633416,0.9208827
0.8103922,0.50453085,0.812897,0.48519313,0.80664796,0.4931469,0.8265603,0.46215746,0.81364405,0.4794331,0.85765237,0.51018465,0.8381309,0.52998877,0.8778967,0.6331608,0.84183294,0.6370692,0.84076893,0.71680397,0.821449,0.7051656,0.89325726,0.6964364,0.881907,0.697227,0.8315665,0.7552639,0.8275021,0.7685725,0.84523743,0.9295817,0.8446051,0.9327016
0.8053493,0.50703764,0.8068008,0.4896221,0.80267525,0.49587506,0.8185479,0.47053453,0.811286,0.48314452,0.8505232,0.51814437,0.8346391,0.5324386,0.8721594,0.6389247,0.83855313,0.6380588,0.8408988,0.72905,0.82079697,0.7105488,0.89120865,0.6948812,0.88253546,0.6945022,0.8313312,0.7683699,0.83020633,0.77601886,0.8450591,0.9351637,0.8460326,0.9286809
0.79974174,0.5164723,0.8003365,0.49990073,0.7974809,0.50512975,0.81075984,0.4795274,0.8077709,0.48918363,0.8403026,0.5205895,0.8338426,0.5329282,0.8622479,0.63547283,0.8384355,0.63924307,0.840594,0.7368886,0.8189888,0.7185375,0.88868344,0.69115686,0.8857504,0.6921492,0.8301199,0.7686828,0.8314916,0.7772589,0.8468068,0.9348459,0.84700817,0.9241992
0.7966165,0.5286698,0.7968538,0.514101,0.7951644,0.5162063,0.80631226,0.49034593,0.80368036,0.4924747,0.8351194,0.5258431,0.82996273,0.52750796,0.8551524,0.6428807,0.836579,0.6334495,0.83697194,0.74548954,0.81689405,0.71469164,0.88811064,0.68270934,0.8852534,0.6785109,0.82928896,0.76641494,0.8307145,0.75951886,0.84649354,0.93455625,0.84869397,0.9052868
0.789384,0.531082,0.7896771,0.5169903,0.78818935,0.51876944,0.7998231,0.49499667,0.7976652,0.49690992,0.8287217,0.5284223,0.8265709,0.5324858,0.85077256,0.64319116,0.83283037,0.64005953,0.8384167,0.7559666,0.81459874,0.71952266,0.8862624,0.66874737,0.88526773,0.6660967,0.8297287,0.77338725,0.83236784,0.76706433,0.846445,0.93932146,0.8489645,0.9076399
0.78494996,0.52966195,0.7858481,0.5151024,0.7831048,0.5169892,0.7969396,0.4937978,0.790722,0.49623448,0.8249626,0.52985334,0.8205553,0.53488994,0.84830344,0.6455528,0.82876265,0.6435791,0.8395713,0.76682013,0.8137235,0.7274057,0.8834893,0.6630662,0.8807629,0.66140765,0.8293188,0.7790675,0.8305836,0.77386075,0.8454529,0.9440495,0.84771377,0.9142679
0.78313917,0.5380066,0.7835657,0.5231393,0.78060645,0.52574134,0.79406613,0.50046194,0.7861423,0.5050179,0.8233965,0.5347666,0.8151417,0.5391454,0.8477069,0.65126944,0.82351667,0.6454444,0.8354129,0.7734608,0.80904865,0.72915626,0.88207734,0.6555832,0.8768921,0.6530901,0.829416,0.7810824,0.830235,0.7705819,0.84618723,0.94648296,0.8490114,0.9078384
0.7782118,0.54088646,0.77862036,0.5257134,0.775708,0.5296211,0.78975785,0.50352335,0.78109497,0.5110836,0.82059956,0.5372556,0.8088979,0.54506737,0.84769726,0.6516135,0.8186299,0.64976925,0.83695334,0.7763626,0.80963176,0.7327778,0.87820274,0.6565181,0.87069017,0.65621126,0.8284876,0.783378,0.82855004,0.7763751,0.846639,0.9468527,0.84990615,0.9130813
0.7731771,0.5429235,0.77364606,0.5283969,0.7711887,0.5321665,0.78543574,0.509125,0.7770516,0.51599294,0.8172604,0.5438923,0.8036168,0.54890215,0.84503096,0.6572706,0.81380874,0.6498869,0.83341086,0.77784294,0.81194395,0.7386982,0.87501764,0.65261775,0.8657072,0.6524596,0.8283448,0.7858265,0.82593155,0.78416365,0.8462939,0.94020414,0.84607947,0.91819906
0.77165675,0.5524576,0.77245283,0.53759384,0.7686205,0.5415048,0.7842726,0.51508486,0.7719564,0.52305996,0.8146388,0.5487207,0.7982556,0.55144554,0.8397406,0.6655873,0.8065616,0.6520573,0.83229464,0.7868747,0.805935,0.7420143,0.8722486,0.64859104,0.86116314,0.64787674,0.82833546,0.7911331,0.8257362,0.7855446,0.8446043,0.94077575,0.84543175,0.91462547
0.768686,0.5613453,0.7694534,0.5467828,0.7657465,0.54995424,0.78122723,0.5252594,0.76897097,0.5316518,0.81180185,0.560812,0.79461396,0.5571831,0.8353693,0.6786165,0.79745394,0.6505337,0.82879317,0.79771453,0.7919004,0.7392866,0.8705166,0.65217185,0.85899705,0.64859855,0.82737225,0.7952777,0.8242812,0.7838958,0.84288514,0.9460425,0.8427438,0.91484326
0.76436305,0.5638238,0.7664928,0.5472997,0.7599837,0.5528533,0.7806405,0.5277823,0.7640349,0.53963923,0.8096854,0.56432855,0.7900202,0.57059157,0.8346402,0.67502284,0.79233,0.65474343,0.82676566,0.8029104,0.785349,0.7485431,0.86558336,0.654796,0.8533117,0.65718037,0.823747,0.79370666,0.81717604,0.8008513,0.8407697,0.932173,0.83474934,0.92173177
0.7616293,0.5749668,0.76241773,0.55957144,0.7587092,0.5645788,0.7758675,0.5383693,0.76524967,0.54938275,0.80842394,0.56946576,0.78773004,0.57239926,0.8364474,0.6860305,0.786869,0.6614909,0.8277154,0.8264741,0.7809107,0.76307344,0.8615894,0.65497553,0.84925073,0.6553264,0.8238115,0.80372065,0.8186299,0.80646837,0.8376941,0.9455076,0.83352965,0.92865133
0.75983346,0.58163655,0.7611769,0.5660537,0.7565203,0.5715057,0.7747938,0.54275286,0.76062167,0.5549684,0.8079767,0.5734556,0.7806567,0.57616186,0.8370229,0.6986662,0.7775835,0.66644245,0.8274073,0.8508933,0.77400833,0.77344567,0.8601443,0.6521386,0.8437312,0.65264195,0.8197419,0.78777283,0.8112732,0.7925539,0.83742946,0.9254011,0.83188164,0.91187394
0.7560085,0.595456,0.7580523,0.5806848,0.75268954,0.58378345,0.77300733,0.55507845,0.7563811,0.5621707,0.80541784,0.5844359,0.77621794,0.5797164,0.8352087,0.7146813,0.77472043,0.6699479,0.8251056,0.87760496,0.766989,0.77724683,0.8561633,0.65257573,0.8390505,0.6494729,0.8213235,0.79668534,0.81234044,0.7941153,0.8352548,0.9270995,0.8347737,0.9093061
0.75530285,0.59955525,0.7571187,0.57960945,0.7490001,0.58826303,0.7720515,0.55328894,0.7483839,0.5750712,0.8034484,0.59090036,0.7717832,0.5983422,0.833333,0.7091683,0.7665947,0.6812495,0.827755,0.86582065,0.75800383,0.7833841,0.85425293,0.6550156,0.8367049,0.657927,0.8182082,0.7828637,0.8166073,0.78692204,0.8361853,0.91334873,0.84190524,0.89713037
0.7517189,0.60830355,0.7536947,0.59214723,0.74673903,0.5973399,0.7680693,0.566106,0.7462838,0.57998925,0.801289,0.6018466,0.7647569,0.6035765,0.83122367,0.7288459,0.75411946,0.6908576,0.8243219,0.88381237,0.7467384,0.7843517,0.85300505,0.66145724,0.83241606,0.6622203,0.82081854,0.81289023,0.81582063,0.80806816,0.83646506,0.9215776,0.8426957,0.89529765
0.75135154,0.61800504,0.752722,0.600561,0.7452821,0.60750496,0.76567584,0.57199323,0.74256486,0.59084016,0.7979976,0.6057666,0.7617087,0.6142215,0.82742625,0.7284759,0.75013417,0.6986023,0.8183069,0.88723433,0.73977894,0.7906332,0.8509905,0.6687485,0.8309061,0.67309076,0.8195702,0.8352508,0.8186836,0.83357465,0.838099,0.93436253,0.8470561,0.9039921
0.74615633,0.63085806,0.7484949,0.61426634,0.740882,0.6195707,0.7618351,0.5877779,0.7375807,0.6017146,0.7935292,0.615784,0.75277245,0.6297581,0.8242497,0.7350814,0.7422045,0.7264648,0.8147173,0.89010304,0.7301116,0.82923615,0.84621507,0.67608196,0.8219558,0.68408376,0.81838864,0.84333843,0.8045664,0.85187525,0.83832926,0.9215855,0.8338025,0.91302854
0.74392784,0.64030397,0.74683994,0.62244815,0.7381326,0.6282922,0.76052666,0.5982487,0.7335146,0.6133312,0.79071486,0.62875944,0.7473592,0.64869004,0.81763124,0.7457929,0.73436207,0.7517473,0.8069636,0.90172607,0.72038895,0.85806537,0.8439639,0.6897881,0.81779844,0.70102096,0.8165041,0.8621712,0.8008243,0.8721571,0.83957213,0.93010855,0.8336034,0.9195168
0.7412517,0.65566814,0.74349654,0.63878167,0.7357503,0.64349294,0.7565368,0.6110215,0.7315478,0.62432,0.7844097,0.637651,0.7455495,0.6460499,0.80665916,0.76349515,0.72933644,0.74655545,0.7992052,0.9263489,0.7139658,0.8662729,0.8368083,0.67857796,0.81294787,0.6857569,0.81656677,0.8584207,0.8011463,0.86341405,0.8388732,0.9430078,0.8275962,0.9301055
0.7384127,0.6734121,0.7409722,0.6592488,0.73396677,0.66032135,0.7538562,0.63450104,0.73008025,0.63756025,0.7781467,0.6621801,0.74312675,0.6387999,0.7958875,0.8097081,0.7302924,0.7211659,0.78447956,0.9470271,0.7264708,0.7976507,0.8295312,0.6713656,0.8057899,0.66748685,0.81776696,0.85303485,0.7957527,0.8529637,0.8484295,0.9312083,0.8218441,0.92195046
0.73502773,0.6967856,0.7367214,0.6810805,0.73063934,0.68368953,0.7467827,0.6523302,0.7249522,0.6595763,0.7720701,0.67553157,0.73429143,0.6766079,0.7890943,0.8279415,0.71362066,0.79948086,0.7730822,0.9748269,0.6875476,0.93178415,0.8278083,0.69262815,0.8034976,0.6994003,0.80904096,0.8634911,0.78830093,0.8738797,0.8413202,0.93611294,0.82021016,0.93767375
0.72600377,0.7172812,0.72656566,0.70048237,0.72234243,0.7063644,0.7351218,0.6649938,0.71728235,0.6792932,0.76362944,0.6743485,0.7215072,0.69714606,0.7830796,0.81717366,0.6996587,0.8310425,0.76665086,0.97432333,0.6705756,0.9492038,0.8201319,0.7006193,0.79285544,0.7176631,0.80623406,0.86855537,0.7776231,0.89123046,0.84003985,0.93073285,0.81276953,0.94813716
0.72463226,0.74070686,0.7241663,0.72401774,0.7198402,0.7294715,0.7312348,0.68961245,0.71273476,0.7045843,0.7574963,0.696921,0.7209199,0.70863134,0.7790885,0.82876325,0.70075,0.81503695,0.76483005,0.978708,0.67226535,0.9276928,0.81395024,0.6973672,0.7894417,0.71067274,0.8129739,0.8620788,0.7838749,0.88384527,0.8419962,0.9229466,0.80481845,0.94082266
0.71641797,0.7529826,0.71553725,0.73494494,0.7113177,0.74327004,0.7178217,0.7000673,0.7030039,0.72399455,0.7378525,0.68966305,0.70829296,0.7453778,0.7503802,0.7418924,0.6839672,0.8418462,0.74405116,0.82317245,0.65957373,0.92837995,0.79792976,0.7123056,0.7769134,0.74755883,0.8171531,0.8681293,0.77642244,0.9144436,0.83875525,0.9322553,0.78494334,0.98731667
0.6995469,0.8110967,0.6983819,0.7972887,0.6951416,0.8036694,0.70332867,0.7703495,0.69281065,0.7849822,0.7199932,0.7617512,0.7021238,0.7840875,0.7315728,0.8305917,0.7057716,0.86576575,0.71735543,0.83484316,0.70978636,0.845324,0.76641124,0.8042879,0.7535902,0.8220085,0.78982437,0.76507336,0.77993953,0.7810991,0.81423014,0.92446613,0.8119404,0.9387074
0.67867196,0.8724555,0.67624635,0.85329455,0.6725322,0.8701707,0.6847984,0.8179552,0.669419,0.86004984,0.71922135,0.8002571,0.6767813,0.8461009,0.7489408,0.8632919,0.6626019,0.9069689,0.72869617,0.8897285,0.65529466,0.9359624,0.77423,0.78857356,0.74973273,0.819615,0.794615,0.8717038,0.77978164,0.90727925,0.8261715,0.91476095,0.8169088,0.93808377
0.07448304,0.5466961,0.070298634,0.5334703,0.075841725,0.5368294,0.049306314,0.5247545,0.07589957,0.5340087,0.033821315,0.5548404,0.07495836,0.5702483,0.012787372,0.6170448,0.09063232,0.616676,0.012438431,0.66755235,0.10465305,0.6264669,0.032004446,0.7279234,0.05605761,0.7348022,0.026056726,0.83330834,0.044282924,0.84515893,0.019247547,0.91876334,0.030610755,0.931857
0.0699408,0.5032923,0.06643828,0.49119014,0.07058485,0.4939215,0.049387164,0.49119067,0.070755295,0.50034857,0.035620596,0.54630697,0.07321185,0.5592267,0.010752792,0.60624254,0.08676269,0.62001425,0.011633405,0.627036,0.1053675,0.62044007,0.03471672,0.7324186,0.05736754,0.73687434,0.026315138,0.8422253,0.045339357,0.84646,0.019704795,0.93420744,0.030109806,0.94436264
0.07964932,0.5523124,0.07629804,0.5397147,0.07996972,0.54408896,0.05633827,0.5218279,0.07476837,0.5369739,0.041061256,0.54745173,0.07291814,0.56883955,0.011402923,0.610223,0.08536041,0.62608385,0.003968719,0.67573804,0.09844462,0.6527586,0.031560797,0.70363784,0.05010418,0.71144605,0.028763248,0.8178741,0.043506056,0.824682,0.022761593,0.9108642,0.029966025,0.92645204
0.6330187,0.78459907,0.6293589,0.781571,0.635091,0.77440137,0.61943465,0.81276095,0.6434178,0.79910994,0.63402915,0.902386,0.66204584,0.8731541,0.6532083,0.97409916,0.7002868,0.9176445,0.67646474,0.91100425,0.70022434,0.9066249,0.70828927,0.9242651,0.7293148,0.9250256,0.7630566,0.92114866,0.77401567,0.89520967,0.7988362,0.8816788,0.81218284,0.87234014
0.63380533,0.78703403,0.6303531,0.78596425,0.6360169,0.77538997,0.6189076,0.8197804,0.6442053,0.79843193,0.63127804,0.9087264,0.6666648,0.8678068,0.65143675,0.98669565,0.7119104,0.9137879,0.6792339,0.9095233,0.71284366,0.90536654,0.7102269,0.9283304,0.7354629,0.9238803,0.76530284,0.9266506,0.77753067,0.8933414,0.79977906,0.89515615,0.8143156,0.880775
0.62779087,0.78916353,0.62495416,0.78691584,0.63168764,0.7775863,0.61747164,0.82001364,0.6469528,0.79749626,0.6285453,0.90882695,0.67331856,0.863204,0.6398776,0.979352,0.7346099,0.90540904,0.65233445,0.8988583,0.747054,0.9000908,0.70007294,0.92286724,0.7295434,0.91436124,0.7518839,0.944745,0.7639723,0.9068715,0.79768133,0.9079769,0.8081131,0.88996065
0.06373761,0.52523834,0.060254063,0.51378113,0.06524092,0.5155997,0.04219757,0.51592493,0.06838012,0.5199642,0.030277241,0.56343174,0.07030693,0.5656767,0.011925751,0.6315366,0.09387769,0.5990684,0.01409359,0.6730564,0.11275494,0.5863036,0.03262652,0.75842,0.056513585,0.7602436,0.02096784,0.88145775,0.044140723,0.8856796,0.012220851,0.95230055,0.03653108,0.9581552
0.8074589,0.92583495,0.809023,0.9174393,0.80714464,0.9179727,0.7926091,0.9072821,0.7956818,0.9147593,0.75467396,0.90470076,0.77566934,0.91408277,0.73252314,0.9408798,0.7565384,0.94688857,0.73986644,0.92703545,0.7484042,0.94604725,0.66561514,0.8902247,0.6753708,0.8879225,0.6678116,0.93558633,0.68026996,0.9397893,0.6217151,0.93378603,0.6279234,0.9527525
0.07340751,0.5027365,0.069601394,0.49114478,0.07316868,0.49344236,0.04991835,0.49234223,0.068330996,0.4999489,0.033504665,0.5489806,0.07018236,0.55922997,0.009926575,0.61390454,0.08473043,0.61580473,0.0074354396,0.6552576,0.10294368,0.62809885,0.034722816,0.71893793,0.056531496,0.7235079,0.026245916,0.81240815,0.04488474,0.8168871,0.023422262,0.88507354,0.034796484,0.89571476
0.770802,0.40602916,0.7734857,0.39640644,0.76711273,0.3979899,0.77840227,0.3977688,0.76154035,0.4015536,0.7858516,0.44411147,0.7567571,0.4504329,0.7969223,0.502662,0.7493831,0.51452464,0.8010966,0.56485146,0.7416642,0.5729443,0.78262824,0.5654748,0.7647673,0.5682977,0.78304577,0.6642025,0.76512223,0.6664576,0.78276163,0.7597675,0.7679737,0.76318073
0.77046436,0.40530926,0.7732064,0.39564002,0.7667623,0.3971597,0.77819705,0.3970919,0.7611624,0.40071917,0.7857085,0.44381016,0.7562806,0.44994512,0.79664254,0.50293696,0.7487124,0.51471066,0.8004632,0.5653739,0.740802,0.5747475,0.7823545,0.5656971,0.76428026,0.5683948,0.78280324,0.66464597,0.7646337,0.6667341,0.78250283,0.7606388,0.7676433,0.76378846
0.76989377,0.40492347,0.7727451,0.39537346,0.7662546,0.39674,0.77791923,0.39728338,0.76086557,0.40056884,0.7853734,0.44454962,0.7560469,0.45009103,0.7958901,0.50392044,0.7482609,0.5146728,0.799763,0.565916,0.7400078,0.5753957,0.7818164,0.5661823,0.76377875,0.56851196,0.7824341,0.6646534,0.7639839,0.66629845,0.7822325,0.7604467,0.76672524,0.7629129
0.769619,0.40491498,0.7725887,0.39539054,0.7660384,0.39653227,0.7779151,0.39715615,0.760718,0.39989161,0.785236,0.44434932,0.75577444,0.44893715,0.79548377,0.5041608,0.7479867,0.5131691,0.79898643,0.56609654,0.7401788,0.5739164,0.7807499,0.5666572,0.7626445,0.56840533,0.78116864,0.6651875,0.76285183,0.66626626,0.78048164,0.761354,0.76542836,0.7630505
0.7692711,0.4048107,0.77235544,0.3953592,0.7657794,0.39628407,0.7778443,0.39717913,0.7606176,0.39937067,0.7851073,0.44457626,0.7555932,0.44812655,0.7950365,0.5050826,0.74789447,0.5119261,0.79820937,0.56693614,0.74065703,0.5721408,0.7798303,0.56732905,0.76174825,0.5684731,0.77989835,0.66598666,0.76208085,0.66645205,0.7788462,0.7626366,0.7648354,0.7634568
0.7690658,0.4039873,0.7722325,0.39456734,0.7656254,0.3953448,0.77781093,0.3964155,0.7605154,0.39822897,0.78514016,0.4440014,0.75516737,0.44701988,0.79496485,0.50499624,0.74740136,0.51098347,0.79764056,0.5665759,0.740866,0.5711927,0.77927166,0.56746495,0.7609203,0.56829643,0.779067,0.66658616,0.7613298,0.6667479,0.7775143,0.763714,0.7642337,0.7641086
0.7688407,0.40348226,0.77204084,0.39410588,0.7654167,0.39480343,0.77765125,0.39605924,0.76031804,0.3976314,0.7849552,0.44365412,0.75475043,0.44643965,0.79446644,0.50490063,0.7469541,0.51087487,0.79733855,0.56586933,0.74094486,0.57132876,0.7791014,0.5668457,0.7606403,0.5676123,0.77900785,0.6660786,0.7614032,0.6661301,0.7772601,0.76362616,0.76450914,0.76381457
0.7689111,0.402619,0.7721735,0.39333126,0.7655096,0.3938076,0.7777367,0.3956703,0.7603289,0.3966228,0.78482413,0.4439561,0.75435036,0.44612044,0.7940398,0.50561774,0.7465526,0.5112764,0.7969398,0.565796,0.741296,0.5723342,0.7787708,0.5686276,0.760241,0.56920135,0.77848375,0.6683926,0.76176184,0.6682303,0.77627677,0.76557213,0.7652718,0.7654152
0.7690548,0.40212753,0.77232563,0.39288422,0.76566195,0.3932311,0.77780616,0.39541942,0.7603858,0.39597297,0.78472865,0.444298,0.75413305,0.4459229,0.79355425,0.50683194,0.74631876,0.5117103,0.79627275,0.5668793,0.74141306,0.57312703,0.77863836,0.57043153,0.76011825,0.5708542,0.77807695,0.67091626,0.762155,0.67060053,0.7757141,0.7684048,0.7661746,0.76802003
0.7689691,0.4018338,0.77229875,0.39254048,0.76553994,0.3928367,0.77780616,0.39526713,0.7601858,0.3956717,0.7845313,0.44466883,0.7539363,0.4460497,0.7930509,0.50797194,0.7463214,0.5122037,0.7956907,0.5683434,0.7418985,0.5732464,0.7784847,0.5718447,0.7599897,0.57222074,0.777651,0.67282146,0.7623165,0.6724583,0.7750506,0.7701036,0.7664835,0.7696323
0.7688357,0.40185398,0.77221763,0.39254767,0.7654088,0.39277968,0.77776337,0.39540341,0.76004034,0.39562577,0.7843253,0.44503087,0.7537667,0.4462084,0.7925883,0.50852346,0.746288,0.51242584,0.7952941,0.56840146,0.74229115,0.5726559,0.7782793,0.5724817,0.75983584,0.5728155,0.77724606,0.6735648,0.7623787,0.67316455,0.7745105,0.770886,0.7666666,0.7703032
0.76868004,0.40213835,0.7720962,0.39280015,0.76526314,0.3929873,0.77771455,0.3955361,0.75992143,0.39565244,0.78434485,0.44517374,0.7536692,0.4460697,0.7925827,0.5092127,0.7462189,0.51233244,0.79487175,0.5690815,0.74215245,0.57233685,0.7781682,0.5726082,0.7596153,0.57277334,0.77714545,0.67376715,0.7619724,0.6731925,0.7746205,0.7711368,0.7663859,0.77030337
0.76843727,0.4025358,0.7718773,0.3931587,0.7650308,0.39333102,0.7775929,0.39563143,0.75973403,0.39574292,0.7842311,0.44506082,0.7536611,0.44585323,0.792447,0.50955606,0.746278,0.51216805,0.7945221,0.5693909,0.74205863,0.57155865,0.77805316,0.5737005,0.7595112,0.5737932,0.7772109,0.6763079,0.76177996,0.67567813,0.77503186,0.7751824,0.7661074,0.77422935
0.7685517,0.40255237,0.7719789,0.3931456,0.76511586,0.39332345,0.7776417,0.39552814,0.7597378,0.3956257,0.7842068,0.44487435,0.7535812,0.4456836,0.7924063,0.50947714,0.7461448,0.51229435,0.7946572,0.56971246,0.74192935,0.57242525,0.77802175,0.57371694,0.759485,0.57384187,0.77699465,0.6764985,0.761836,0.67590183,0.77465594,0.77572817,0.7662403,0.7748677
0.7686119,0.40243587,0.7720037,0.3930286,0.7651411,0.39324498,0.7775992,0.39540705,0.75968236,0.39558157,0.7840789,0.44465032,0.75354904,0.4455073,0.7923298,0.509206,0.74603033,0.51193786,0.7948112,0.56975865,0.74173915,0.5719299,0.77798414,0.5736318,0.7595296,0.57381415,0.77684844,0.6766815,0.7619694,0.6761752,0.7744233,0.77620924,0.7663257,0.77553636
0.76851285,0.40309566,0.7721907,0.39414403,0.76519966,0.39345485,0.7780079,0.39744106,0.7599511,0.39590192,0.7852955,0.448126,0.75281703,0.44739056,0.7930164,0.5128409,0.7443754,0.51060265,0.7939224,0.5682752,0.7416107,0.56798184,0.77870804,0.5753308,0.75915897,0.5752484,0.77607965,0.67764956,0.7625312,0.6769068,0.774503,0.7713098,0.7668581,0.7692972
0.7685549,0.40267134,0.77226305,0.3937191,0.765242,0.39297423,0.7781347,0.39704403,0.7600049,0.3953583,0.785427,0.4480218,0.7529338,0.4466738,0.7930711,0.51384246,0.7443459,0.50948066,0.7936832,0.5704609,0.74146074,0.5664396,0.77875465,0.5752181,0.7592212,0.57486194,0.77589774,0.6778928,0.7626252,0.6768998,0.7745373,0.77184796,0.76731396,0.76949465
0.76867193,0.40135998,0.772342,0.3923844,0.7653286,0.39170521,0.7781536,0.39581534,0.75999063,0.3942254,0.78550446,0.44711524,0.7528232,0.44567752,0.7932585,0.5135015,0.74399716,0.50874585,0.7944517,0.57088274,0.7410944,0.56592685,0.7787737,0.57458675,0.759129,0.57412696,0.7756086,0.677804,0.76186293,0.6766897,0.77464026,0.77297544,0.7668353,0.7705862
0.7688958,0.39874765,0.7724737,0.38974765,0.765504,0.38917938,0.77807087,0.39371404,0.7599573,0.39231592,0.78546625,0.4461857,0.75268537,0.44497734,0.793347,0.51324296,0.7440084,0.50896394,0.79500145,0.5715627,0.7408607,0.56689286,0.77878183,0.5750501,0.7590567,0.5746464,0.77527374,0.67854077,0.76104033,0.67749155,0.77461594,0.77421254,0.7661432,0.77211565
0.7691605,0.3959342,0.7727539,0.38695675,0.765793,0.38631693,0.77825975,0.39138764,0.7601399,0.38979894,0.78552383,0.44490042,0.752705,0.44346488,0.7935359,0.5124942,0.74425066,0.50780237,0.79492736,0.5709252,0.7404541,0.565894,0.7784347,0.5751364,0.7586456,0.5746058,0.77479917,0.678199,0.76031125,0.67706823,0.774981,0.7734067,0.7660113,0.7713177
0.76882243,0.39590037,0.7724063,0.38674614,0.76540405,0.38620442,0.77798504,0.39040294,0.7596805,0.38908312,0.78552175,0.44312456,0.75239027,0.44218227,0.79377484,0.5105457,0.7442562,0.50727105,0.7952044,0.56765074,0.7400796,0.56525075,0.77860945,0.5742793,0.7586036,0.5738226,0.7743847,0.6771645,0.75896376,0.675985,0.7754296,0.7732084,0.7651349,0.7711014
0.76830405,0.39452204,0.7718806,0.38522062,0.764821,0.38481238,0.77756995,0.3884284,0.7591159,0.38745177,0.7854107,0.44103694,0.75192255,0.44041654,0.79400325,0.5091155,0.74382937,0.50621545,0.7958578,0.5674294,0.7397999,0.5646671,0.7784548,0.5736095,0.75822,0.5732251,0.77426964,0.6784894,0.7583004,0.67734015,0.7753283,0.77677006,0.76433975,0.7747238
0.7679833,0.39371186,0.77164906,0.38397425,0.7642976,0.3839511,0.7772201,0.3864658,0.7584235,0.38661748,0.78521556,0.4381887,0.7515952,0.4394302,0.7950537,0.5054468,0.7447991,0.507274,0.79543227,0.5620341,0.74100775,0.5645379,0.7782282,0.5726173,0.75754154,0.57256806,0.77539015,0.67801595,0.7574629,0.67699414,0.7753243,0.77580047,0.7621101,0.7744884
0.767428,0.39234877,0.77106297,0.38259283,0.76372397,0.38264576,0.7767478,0.38510638,0.75798213,0.38555056,0.7852147,0.43736744,0.7513607,0.43903613,0.7954902,0.505039,0.7446766,0.50823057,0.79592955,0.56084436,0.74101645,0.56576097,0.7778904,0.5741479,0.7570151,0.5740999,0.775559,0.6830175,0.7569251,0.68196815,0.7749717,0.78399974,0.760495,0.7825827
0.76698834,0.39000818,0.7706885,0.38043785,0.7632786,0.38034296,0.776474,0.38313824,0.7578763,0.38288122,0.7846516,0.4356119,0.7505725,0.43732807,0.7953304,0.5022501,0.7434939,0.5069567,0.79890317,0.564369,0.7393536,0.5727296,0.77746344,0.5713727,0.7565612,0.5719278,0.77541035,0.6800455,0.75730884,0.67994577,0.7727668,0.78405476,0.75897855,0.783632
0.76634735,0.3889367,0.7701353,0.3792665,0.76263577,0.37918147,0.7761608,0.38180503,0.75736254,0.38165653,0.78458494,0.43436027,0.75022846,0.4362485,0.79546696,0.50125587,0.74314386,0.50642663,0.7989743,0.56274223,0.738946,0.5720822,0.77721447,0.5708543,0.7559809,0.57131946,0.7753526,0.6806294,0.7556157,0.68038523,0.7730837,0.78642046,0.75665116,0.78573346
0.76566964,0.38802853,0.76952624,0.37833315,0.76198393,0.37831733,0.77574486,0.38108575,0.7568832,0.38117576,0.784257,0.4339646,0.7499487,0.4361442,0.79518783,0.5001253,0.7429768,0.5057209,0.79890466,0.5607232,0.7388575,0.57032526,0.7768284,0.5701902,0.7554519,0.5706608,0.7753324,0.6784446,0.7539823,0.6781302,0.77366084,0.78287524,0.7544492,0.78204954
0.76541734,0.38713932,0.7692317,0.37734947,0.7616748,0.37742382,0.7753882,0.38018575,0.7564685,0.38049495,0.7840046,0.43355384,0.74944574,0.4364565,0.79494405,0.49952847,0.7427409,0.50755054,0.7983315,0.5595473,0.7391902,0.57357204,0.77686584,0.57128966,0.75515914,0.5720584,0.7755115,0.6795581,0.75267106,0.6794982,0.7736765,0.7834619,0.7521586,0.7830282
0.76495475,0.38685906,0.7687794,0.37711173,0.7612314,0.37713566,0.7749275,0.38010967,0.75602955,0.38032946,0.78353715,0.43362427,0.7489444,0.4368477,0.7946388,0.4987744,0.7425489,0.5084077,0.7976027,0.55781937,0.7394496,0.57548016,0.77656406,0.57253915,0.7547238,0.5734368,0.77530646,0.6808416,0.7517766,0.6808613,0.77361244,0.78410286,0.7509976,0.7837889
0.76418173,0.38702703,0.7680789,0.377243,0.7604746,0.3771384,0.7743354,0.38022837,0.75526816,0.3800884,0.78310233,0.43396884,0.7479407,0.4367186,0.7943265,0.4995808,0.74101853,0.50851685,0.7969805,0.55790246,0.73848647,0.57551515,0.7762652,0.5739628,0.7540648,0.57469857,0.77511424,0.68284094,0.7513222,0.6826699,0.7736638,0.7864748,0.7510699,0.7857328
0.7633551,0.38804197,0.76726645,0.3781757,0.7596364,0.37804517,0.77361846,0.3805948,0.7544622,0.3804207,0.7824815,0.4338276,0.7472476,0.43651184,0.7940654,0.4995915,0.74037635,0.5083073,0.7964279,0.55851734,0.7381442,0.5757004,0.77579266,0.57491064,0.7535499,0.5756843,0.7749684,0.68493944,0.7513717,0.68481624,0.77362746,0.78914106,0.7513619,0.78837436
0.76340437,0.38793916,0.76712084,0.37800297,0.7595817,0.37795335,0.7730758,0.38004667,0.7539225,0.37992835,0.7817343,0.4327237,0.74629444,0.43575868,0.793498,0.49852145,0.7392122,0.5082258,0.7959313,0.5574403,0.7369567,0.57570124,0.77568865,0.5742095,0.7533528,0.5754529,0.7748899,0.685184,0.75163597,0.68567985,0.77397627,0.79093003,0.7522132,0.7911731
0.7628193,0.38773024,0.76650685,0.3778766,0.75903475,0.37784278,0.7724604,0.38011882,0.7534469,0.38006294,0.78110373,0.4329665,0.7457853,0.43594894,0.7930023,0.49913263,0.7384348,0.5081381,0.7950497,0.55766225,0.7359764,0.5748466,0.77509975,0.5740649,0.75289834,0.5753893,0.7745903,0.68538135,0.75216186,0.6860249,0.77383995,0.7914795,0.753401,0.7919247
0.7619278,0.38371077,0.765619,0.37400475,0.7582667,0.3739314,0.7716238,0.3771075,0.75291705,0.37691358,0.7802418,0.43153867,0.7451227,0.43421382,0.79207236,0.49889928,0.7372262,0.50704116,0.79514766,0.55847496,0.7339201,0.57441,0.77412826,0.57349616,0.75212616,0.5746967,0.7734844,0.68517566,0.75135726,0.6857636,0.77319217,0.7920395,0.7527878,0.7923915
0.76092315,0.38014227,0.7644511,0.37048373,0.757311,0.37066832,0.7703609,0.37342438,0.75218695,0.37389743,0.7790408,0.42812923,0.74490005,0.43141392,0.7907806,0.4957414,0.73699397,0.5042497,0.7950079,0.55899316,0.7320432,0.57457495,0.7733795,0.5708251,0.75206256,0.5722302,0.77255404,0.682598,0.7505285,0.6833555,0.77304226,0.78957516,0.7518739,0.790256
0.75961834,0.37855712,0.763067,0.36876756,0.7559831,0.36911917,0.769117,0.37053478,0.75099903,0.3714594,0.7781274,0.42446014,0.7441143,0.42788702,0.7902393,0.49285758,0.73576266,0.50084096,0.79463077,0.5586203,0.73014456,0.57334346,0.772886,0.56906307,0.7516653,0.5704513,0.7718972,0.68220866,0.74939334,0.68287957,0.7732419,0.78948873,0.7510539,0.79005915
0.7596498,0.37588847,0.76317334,0.36605626,0.75587434,0.3662678,0.7691312,0.3683054,0.7504432,0.3687956,0.77761865,0.42311245,0.7431688,0.4258356,0.78983086,0.49263412,0.7345357,0.49896136,0.79438573,0.55837464,0.7294423,0.57042354,0.7720233,0.56903577,0.7505366,0.5702866,0.7710871,0.684227,0.7491595,0.68485975,0.7722535,0.7927701,0.7512011,0.7934911
0.75961465,0.3743377,0.76314,0.36453423,0.75580186,0.36466143,0.76906365,0.36670706,0.7502567,0.36693028,0.7773596,0.42138952,0.742865,0.4234314,0.7891521,0.49134514,0.7335387,0.49613214,0.7936277,0.55779827,0.72861665,0.56859094,0.771687,0.5674928,0.75023556,0.56842405,0.7703342,0.68357885,0.74896276,0.6838809,0.77096945,0.7937578,0.75083774,0.7941122
0.7581743,0.37554207,0.762263,0.36448488,0.7540083,0.36467528,0.7684771,0.36738068,0.7475204,0.36803088,0.77716774,0.42486113,0.7392741,0.4288515,0.78989697,0.49389976,0.73159,0.5041988,0.7918298,0.55837685,0.72796005,0.57103175,0.7702152,0.5755017,0.74672955,0.5769497,0.76903445,0.69290876,0.747456,0.6933616,0.76699567,0.80214244,0.74965,0.8031076
0.7582247,0.37340707,0.76199806,0.3630007,0.7542266,0.36317542,0.76837814,0.3648507,0.748243,0.36524785,0.7772934,0.41995814,0.7407762,0.42167023,0.78826284,0.49250755,0.73048127,0.49476013,0.79238194,0.5548164,0.7261509,0.5602992,0.77096605,0.5690875,0.74890274,0.5697106,0.76650035,0.6898598,0.74894637,0.68970394,0.76690423,0.8062017,0.7544144,0.8056116
0.75745744,0.37190795,0.76124996,0.36130354,0.75341004,0.36167637,0.7677565,0.3631241,0.7474819,0.36405268,0.77691406,0.41902998,0.7402877,0.421517,0.78792584,0.4926212,0.7303548,0.4958644,0.7918501,0.5567341,0.7261964,0.56194603,0.7708296,0.57117206,0.7487549,0.5720422,0.7650748,0.6932634,0.74791783,0.6933591,0.76520014,0.80979055,0.75343806,0.80958045
0.7570651,0.37298924,0.7607884,0.36210427,0.75280243,0.36265993,0.7671677,0.3633704,0.7465136,0.36477804,0.77639914,0.41882706,0.73962873,0.4218006,0.78772295,0.49244452,0.7299625,0.49591893,0.7916703,0.55753344,0.7254994,0.5606235,0.7702111,0.5712903,0.7480811,0.5723464,0.7639551,0.6929545,0.74707395,0.69338095,0.76302034,0.8094593,0.75152725,0.8098225
0.75630623,0.37288457,0.7600936,0.36193907,0.7520589,0.36254683,0.76664966,0.36334246,0.7459232,0.36495546,0.7760813,0.41925904,0.7391769,0.42240793,0.7876082,0.49298942,0.7293436,0.49628103,0.7911234,0.55873525,0.7246749,0.56109476,0.76976126,0.5721544,0.74754035,0.57324106,0.7638285,0.6926759,0.74690944,0.69313335,0.7628545,0.8085388,0.7514521,0.80884886
0.7557729,0.37251735,0.7596866,0.36125365,0.75135314,0.36220008,0.7662572,0.36332244,0.745031,0.36574706,0.77555203,0.42068553,0.73767173,0.42615435,0.788599,0.4927813,0.72957516,0.5040415,0.79040545,0.55694044,0.7260732,0.5718343,0.7694459,0.5758179,0.7459973,0.5780718,0.76658463,0.6959105,0.7470259,0.6974269,0.76265764,0.8135557,0.7494222,0.81581694
0.7553875,0.37490627,0.7595548,0.3634292,0.7509607,0.36424953,0.7662594,0.3660481,0.7442018,0.36807454,0.77466244,0.42345008,0.73628587,0.4284495,0.7874736,0.4940032,0.7277505,0.5040623,0.789869,0.5597472,0.72601825,0.56876963,0.76825196,0.57621294,0.7444377,0.5782367,0.76645815,0.6956154,0.74491245,0.69672656,0.76512784,0.80769604,0.7493328,0.8096853
0.75467414,0.37837815,0.7587833,0.3668004,0.75027627,0.36777344,0.76555026,0.36826894,0.74365085,0.3706882,0.7743694,0.4244717,0.7354405,0.43037376,0.7875248,0.4951107,0.7269146,0.5069988,0.7899477,0.5624733,0.725852,0.5725311,0.76820076,0.5788901,0.74399704,0.5814509,0.7667182,0.6992638,0.7443901,0.7009691,0.76517296,0.81140554,0.74847215,0.8140854
0.7534587,0.38468853,0.7575665,0.37269625,0.7489797,0.373385,0.7645485,0.37187025,0.7426611,0.3738337,0.77567416,0.42686966,0.73461306,0.43183976,0.79022205,0.49911895,0.72648257,0.5107726,0.79059285,0.56187516,0.7249582,0.5776771,0.7686898,0.58551574,0.7434334,0.5871564,0.7666461,0.7056577,0.7446851,0.7058083,0.76264507,0.8179117,0.7484564,0.8179649
0.7525371,0.38867757,0.7565927,0.37676826,0.7480504,0.37784582,0.7637636,0.37411553,0.7421157,0.3772681,0.7747318,0.42653093,0.7344677,0.43255356,0.78768915,0.499386,0.7260734,0.5094873,0.7894268,0.56731755,0.72391474,0.5777086,0.76829183,0.5830199,0.7433303,0.5854148,0.7667668,0.70511454,0.7434656,0.7062698,0.7637358,0.8245907,0.7459673,0.8258021
0.7519038,0.3919641,0.7558814,0.37997577,0.74737936,0.38141543,0.7630433,0.37781325,0.74146175,0.38192892,0.77440155,0.43049958,0.73397344,0.43791488,0.7880431,0.50215465,0.7258706,0.51372653,0.7891741,0.56942594,0.7239605,0.5782555,0.76828617,0.5853831,0.7431507,0.58846146,0.7669386,0.7053255,0.74337083,0.7073006,0.7635844,0.8220119,0.7458217,0.82438284
0.7505745,0.39755917,0.75465757,0.3852598,0.7459373,0.38683584,0.7620469,0.3827267,0.7400512,0.38727418,0.77399546,0.43552223,0.732621,0.44359952,0.7876708,0.50814754,0.72416717,0.5210235,0.7884982,0.57678914,0.7214257,0.5885834,0.7679233,0.58926904,0.7422566,0.5925298,0.7669748,0.7085311,0.74274737,0.71055204,0.76318604,0.825071,0.74555194,0.827303
0.74836767,0.40758893,0.752242,0.39498046,0.7436971,0.39708376,0.7600177,0.39172316,0.73795986,0.39723775,0.7726611,0.4429555,0.73155946,0.451198,0.7886667,0.51812243,0.72373223,0.5311643,0.7889614,0.58835685,0.7206223,0.59395075,0.76632434,0.59474343,0.7407473,0.59752476,0.7665002,0.71642286,0.74104816,0.7181418,0.7618044,0.8333822,0.7439138,0.8357411
0.7476401,0.41543996,0.75136834,0.4027916,0.742759,0.4047811,0.7586926,0.3978278,0.7364367,0.40288532,0.77066034,0.4456566,0.729695,0.45339486,0.78713006,0.5203346,0.7221872,0.53219396,0.78894997,0.5944862,0.71911156,0.5961174,0.76473385,0.5945407,0.7393822,0.59766656,0.7659504,0.71722895,0.74180967,0.7194522,0.76082546,0.8336828,0.744446,0.8369325
0.7459102,0.4225204,0.7497906,0.41000897,0.7411137,0.41186124,0.75750536,0.40517214,0.73519814,0.4100437,0.7697448,0.4522442,0.72921634,0.45920095,0.7868118,0.5252884,0.7216956,0.5349109,0.7885055,0.59586924,0.71866405,0.5951527,0.76371986,0.59931165,0.73874366,0.60182524,0.76521957,0.7212155,0.74202394,0.7226315,0.76039404,0.83618397,0.74568313,0.8382078
0.7439722,0.43013817,0.7479231,0.41751245,0.73922443,0.41979703,0.7560311,0.4132958,0.73376983,0.4194566,0.7693617,0.46082792,0.7287074,0.46861625,0.78699106,0.5318782,0.72042406,0.5403394,0.78750145,0.6024011,0.71638525,0.59811765,0.7637446,0.60463214,0.73865986,0.6070665,0.76481485,0.7220961,0.74088967,0.7232181,0.7602928,0.83424777,0.7456779,0.8356902
0.74177444,0.43981516,0.74584377,0.42713803,0.73713046,0.4293781,0.7544665,0.42260224,0.73211056,0.4287066,0.76864386,0.46914023,0.7272539,0.4771438,0.7867326,0.53823644,0.7191312,0.54890376,0.7874215,0.6043097,0.7155633,0.6071463,0.7633384,0.6092667,0.7379129,0.6115587,0.76487046,0.7240807,0.7406978,0.7247422,0.7600582,0.83548665,0.7464768,0.83598965
0.74220186,0.44591928,0.74596596,0.43324834,0.73726237,0.43557906,0.75359625,0.42803934,0.7312383,0.43408483,0.76684564,0.47252467,0.7251486,0.48101476,0.7852364,0.54181534,0.71628433,0.55365276,0.7862922,0.6122653,0.71249616,0.6162821,0.76207924,0.60715187,0.7366093,0.61052024,0.7644378,0.7214286,0.7419709,0.72349346,0.75843656,0.83374566,0.7478155,0.8366097
0.7403721,0.45311707,0.74428564,0.44020504,0.73556566,0.44247034,0.7524943,0.433524,0.7301171,0.4395283,0.76617527,0.47710523,0.72451705,0.48555675,0.7842475,0.54804933,0.7146047,0.5601625,0.785136,0.6234448,0.70961756,0.6311282,0.7618284,0.61240846,0.7366449,0.6157449,0.7644984,0.7281066,0.7435619,0.7299985,0.7578994,0.8398383,0.74999213,0.8419448
0.7387582,0.46384114,0.742784,0.45084396,0.7341034,0.45306414,0.7516556,0.44281036,0.729213,0.448625,0.76581436,0.4837213,0.7242107,0.49124077,0.7836866,0.55526704,0.71291393,0.5655715,0.78608173,0.63090795,0.70701766,0.63769394,0.7616642,0.61327857,0.736611,0.6158888,0.76360345,0.72746533,0.7422912,0.728529,0.7581871,0.8399928,0.7497138,0.84060985
0.73965555,0.47743133,0.74359125,0.4646462,0.73480093,0.4665977,0.7517807,0.45619303,0.7290794,0.4609491,0.76488125,0.49456802,0.7226799,0.5012248,0.78309447,0.56550616,0.70987576,0.5758891,0.78602624,0.64180076,0.70310736,0.6533617,0.7608944,0.6171632,0.735607,0.6200238,0.76351774,0.727113,0.74321455,0.7285061,0.7582851,0.83562386,0.752469,0.83719015
0.73977923,0.4883629,0.7435839,0.47489116,0.7345241,0.47743824,0.75129485,0.46547076,0.7274844,0.4713966,0.76313984,0.5019668,0.7199718,0.51193357,0.78088206,0.5727812,0.7060937,0.5909923,0.785465,0.65451914,0.7007696,0.67451924,0.76151305,0.62289125,0.73545647,0.62829995,0.7643277,0.7262236,0.74338585,0.73045033,0.76051396,0.8290408,0.7547777,0.83455104
0.73739755,0.5017372,0.74152726,0.48785827,0.73214525,0.49108455,0.750481,0.4770594,0.7260596,0.48504978,0.7635085,0.5101411,0.72003335,0.5238275,0.78170335,0.57574505,0.70518607,0.6039671,0.78588426,0.6519083,0.69899523,0.69324803,0.7634439,0.6285478,0.73717743,0.634774,0.7629556,0.72904754,0.74101084,0.7334013,0.761692,0.8277531,0.7555125,0.8329664
0.7368731,0.5157401,0.7407813,0.50207406,0.73137736,0.5046379,0.7493796,0.4893923,0.7253117,0.49603134,0.7636739,0.5199744,0.7186739,0.53018373,0.7813359,0.5880368,0.7023509,0.6072955,0.7825208,0.6630271,0.69682187,0.69725376,0.76254886,0.6304956,0.73572564,0.63506323,0.764233,0.7344825,0.74277663,0.7370472,0.75622755,0.832818,0.75111324,0.83554715
0.7364934,0.5273751,0.7404066,0.51385164,0.73105866,0.51600105,0.7485761,0.50046384,0.72474813,0.5059762,0.7621439,0.5293409,0.71752906,0.5388066,0.78057337,0.59484124,0.7008405,0.61427605,0.7826012,0.6654731,0.6923613,0.7034739,0.7607383,0.63772386,0.73436266,0.64229035,0.76375496,0.73910564,0.74326265,0.7417166,0.75681776,0.8337135,0.75248665,0.83664924
0.735638,0.5438461,0.7394912,0.5296636,0.730007,0.5322551,0.74783397,0.51333016,0.7233557,0.5196443,0.7625006,0.5378484,0.71611255,0.5475134,0.78036845,0.60948956,0.6990278,0.625018,0.78344816,0.68533355,0.68945855,0.7061554,0.76195705,0.63512284,0.7346104,0.6401123,0.7634951,0.7292791,0.7422202,0.73271936,0.75764215,0.8317431,0.7535743,0.8353269
0.73356634,0.55824625,0.73788834,0.5445193,0.7284436,0.54635304,0.7467303,0.5309208,0.7226621,0.5353498,0.76100796,0.5583582,0.71597534,0.56525254,0.77916235,0.63418883,0.6970344,0.64414185,0.7848298,0.72146976,0.6847033,0.7366484,0.76082027,0.64719063,0.73453856,0.6509212,0.7623847,0.7414484,0.7431813,0.7435837,0.75919294,0.8323923,0.75766164,0.8335569
0.73188007,0.5705282,0.73609513,0.55724037,0.72670937,0.5587628,0.7445947,0.54368514,0.7207516,0.546788,0.7606848,0.5692486,0.71274716,0.57501805,0.7796864,0.6438538,0.6943638,0.65238357,0.7831629,0.726369,0.6851008,0.7337609,0.7649651,0.65933555,0.73528713,0.66262686,0.7641059,0.7220316,0.7330751,0.7228934,0.76404184,0.83220875,0.7456121,0.83154005
0.079230756,0.56093246,0.0757845,0.5495146,0.07928007,0.5510995,0.054631818,0.5392557,0.07301458,0.54488033,0.037260856,0.56150717,0.07058772,0.57464087,0.014900178,0.61572295,0.10340699,0.6018501,0.0153566245,0.68388337,0.13644776,0.6071827,0.035203483,0.7355038,0.052123338,0.74173635,0.030083174,0.8540452,0.040100977,0.85926753,0.022253582,0.9491322,0.028736731,0.9511165
0.72926337,0.60450184,0.7331335,0.5920111,0.72479427,0.59562695,0.7420292,0.57766193,0.71786076,0.5856043,0.7560753,0.6026547,0.7125574,0.6166099,0.779014,0.6720727,0.6901639,0.6866624,0.78523755,0.7854885,0.67854846,0.79922646,0.7632853,0.67546403,0.73646396,0.68508565,0.7657112,0.73507094,0.73601985,0.74962443,0.7750498,0.8133263,0.74866086,0.8249478
0.72832775,0.6292914,0.7324371,0.6144887,0.7226217,0.6177163,0.74265057,0.59799325,0.7136326,0.605893,0.75659716,0.62731916,0.70772815,0.63711685,0.7772044,0.7094015,0.68493104,0.7186301,0.7816405,0.8323279,0.6774727,0.837785,0.7660378,0.68207335,0.7343758,0.69076675,0.77236354,0.7708658,0.7303632,0.78394777,0.78275967,0.82884705,0.74058676,0.84155387
0.057524122,0.5478016,0.0547975,0.53751105,0.059249785,0.5388567,0.042098228,0.5367325,0.06443784,0.5392006,0.032422576,0.5711631,0.06909372,0.57223195,0.011462772,0.6121328,0.102678016,0.59365404,0.010828882,0.62277156,0.1369531,0.594601,0.03412335,0.7457991,0.053372055,0.74656314,0.022877088,0.8493364,0.03656952,0.8539302,0.012931637,0.9335709,0.02228558,0.9456229
0.722749,0.6700592,0.7279019,0.6560453,0.7178217,0.65532184,0.73952997,0.6425672,0.7095319,0.64212054,0.756589,0.66897416,0.69903857,0.6781846,0.7726578,0.77864283,0.67410415,0.80570626,0.7718222,0.8688656,0.6622794,0.9246697,0.76310605,0.71982235,0.72331643,0.722961,0.7750358,0.84861857,0.70554614,0.8350174,0.78466266,0.9288499,0.70648843,0.8995809
0.055328917,0.5256924,0.052439004,0.5144645,0.05831783,0.5164239,0.041700017,0.51686,0.06812771,0.52147865,0.03389794,0.55765665,0.07191872,0.5636158,0.011584818,0.6221021,0.08385714,0.61089396,0.0075026485,0.6615307,0.09135657,0.6045023,0.033186074,0.73027205,0.055379905,0.7322507,0.028358862,0.8327852,0.043358494,0.8398908,0.018786266,0.92688745,0.02815621,0.9366682
0.077566944,0.52118444,0.07447914,0.50971293,0.07790329,0.5134963,0.054391205,0.5160926,0.07597728,0.52635,0.0375153,0.55862504,0.07384461,0.5783127,0.0149597945,0.6004924,0.09148716,0.61384255,0.01043168,0.60734195,0.11040721,0.60029083,0.033156347,0.73411137,0.053002644,0.74317515,0.027021427,0.8539273,0.039397247,0.86947304,0.026542703,0.9403041,0.028359164,0.95689446
0.045359693,0.52705926,0.04325136,0.5173524,0.04772931,0.51793474,0.037320573,0.52287406,0.059439052,0.5229162,0.033769358,0.5681967,0.067713074,0.5607962,0.013707212,0.619471,0.091171876,0.5953561,0.012419686,0.6150889,0.11268494,0.59176695,0.037191357,0.74095196,0.055436473,0.73670155,0.027630517,0.8498943,0.03899187,0.8467528,0.013878775,0.9400263,0.019638816,0.9436746
0.073805094,0.5472255,0.069963194,0.53521764,0.07416967,0.5389392,0.050205585,0.52548814,0.07025863,0.5365061,0.037432987,0.56144863,0.07044368,0.5738433,0.016335601,0.61203253,0.087043814,0.61076313,0.019219209,0.6410124,0.10632419,0.6014411,0.034757968,0.72796804,0.054208834,0.7323034,0.026644027,0.83715403,0.041134764,0.84040964,0.020895818,0.9241013,0.026634112,0.9340344
0.8638034,0.44226557,0.87017757,0.42359483,0.861402,0.42988798,0.8888478,0.42474443,0.86666983,0.4367085,0.90894186,0.50176424,0.8762218,0.5152,0.9141278,0.6140839,0.8673175,0.6140846,0.8694361,0.6871179,0.8512799,0.67423916,0.9019945,0.7045729,0.88076514,0.69520986,0.8369468,0.7465863,0.82101595,0.74183667,0.8432008,0.93417376,0.83933014,0.9189265
0.8634681,0.44210735,0.86989415,0.42355165,0.861036,0.42968008,0.88866806,0.42535314,0.86630833,0.4369736,0.90862054,0.50295365,0.8760559,0.51608956,0.91367877,0.61484236,0.8673301,0.6149324,0.86947215,0.68731296,0.850876,0.67472595,0.90186024,0.7053331,0.8806969,0.6958309,0.8373103,0.74678606,0.8209984,0.7414629,0.84339124,0.9338253,0.83909386,0.91789436
0.86299145,0.4420944,0.86945695,0.4235594,0.86062586,0.42976007,0.8885005,0.42571285,0.8660105,0.43751472,0.90846455,0.5035651,0.8757521,0.517082,0.9134974,0.61527544,0.86676496,0.6160644,0.8699117,0.6874884,0.8506983,0.6748519,0.90171814,0.705273,0.8804374,0.6960399,0.8375702,0.7473909,0.8211198,0.74266505,0.84368736,0.9341678,0.8390793,0.91895443
0.8627618,0.44412708,0.8691139,0.42509183,0.8600728,0.431718,0.8878051,0.42551902,0.86499804,0.4385355,0.90838856,0.50243753,0.87484664,0.51715195,0.9143608,0.6142921,0.86658907,0.61661476,0.87071794,0.6860044,0.85078746,0.6745219,0.901612,0.7056577,0.87984765,0.69671994,0.83778137,0.7469511,0.8209864,0.7416188,0.8436255,0.93393356,0.83884573,0.9173745
0.86255544,0.44574615,0.8687541,0.42639315,0.85960245,0.4331762,0.8869262,0.42518714,0.86420375,0.4386738,0.9079594,0.5009638,0.8744057,0.515979,0.9144522,0.6136395,0.8669686,0.6160131,0.8702386,0.68596226,0.8507342,0.67430884,0.9019313,0.705683,0.88018745,0.69670755,0.837807,0.74698377,0.82097065,0.7407105,0.8434095,0.934203,0.83869475,0.9160279
0.8613796,0.44681177,0.8675319,0.42722195,0.8585516,0.43390894,0.8860659,0.42457312,0.8636158,0.43793404,0.90753376,0.4998746,0.874074,0.51436794,0.913496,0.6144688,0.86670536,0.61612844,0.86941475,0.6873705,0.85050553,0.6746728,0.9018394,0.7063976,0.88015395,0.6969986,0.838136,0.7477742,0.82107764,0.7399719,0.8433658,0.9350349,0.83834344,0.91468
0.8603396,0.44835156,0.86645585,0.42853263,0.85750115,0.4351167,0.885187,0.42459503,0.8628174,0.43778136,0.90686303,0.4993999,0.8738452,0.5131142,0.9124894,0.6158328,0.86686707,0.61629575,0.86830455,0.6880512,0.85015315,0.675179,0.901803,0.70687723,0.88037187,0.6970038,0.83838224,0.7484977,0.821212,0.73924464,0.84346056,0.93589324,0.83816606,0.9135302
0.85929054,0.4508832,0.8650433,0.4308688,0.8564417,0.43790737,0.88326865,0.42527157,0.86212,0.43952933,0.9051952,0.49811324,0.87347585,0.5130523,0.91161996,0.6128852,0.866985,0.6155823,0.8685282,0.6882417,0.8501355,0.6760574,0.90035516,0.70724934,0.8798782,0.6981752,0.8376798,0.7478554,0.82150507,0.7396494,0.8433154,0.9352404,0.83803034,0.9129322
0.8578369,0.45248035,0.8636307,0.43242982,0.8546258,0.4394567,0.8813472,0.4264997,0.85956043,0.44078347,0.90307444,0.49797365,0.87181133,0.51450396,0.9111164,0.61102605,0.86748505,0.6169368,0.8690341,0.68863773,0.8504885,0.677151,0.9000292,0.7062517,0.87987417,0.69818264,0.83702326,0.74638534,0.82113993,0.73958105,0.84328073,0.93409026,0.83870953,0.91281754
0.85705006,0.45317125,0.8627967,0.43346092,0.8534657,0.44023937,0.8793673,0.4275782,0.85714275,0.44151303,0.9013691,0.49776477,0.8690282,0.5154194,0.911656,0.6089387,0.8663883,0.6169384,0.8696147,0.6865692,0.8503443,0.6760893,0.8996722,0.7060777,0.8788943,0.69885886,0.83721113,0.7459332,0.8209834,0.7403383,0.8431739,0.93275577,0.8392472,0.91331404
0.8549313,0.45400807,0.8606195,0.43463188,0.8514994,0.4410128,0.8771616,0.428369,0.8553018,0.44150305,0.89998734,0.49697968,0.86745137,0.514845,0.9110653,0.60866094,0.86536837,0.618231,0.86891603,0.6853041,0.85038424,0.67738646,0.9005637,0.7039948,0.87965506,0.69697237,0.83760464,0.74539,0.8212935,0.7402859,0.8429901,0.9328801,0.839444,0.91450274
0.85195655,0.45544085,0.8575099,0.43626755,0.8487689,0.44213864,0.87406343,0.4295736,0.8533641,0.44159707,0.8979397,0.49702507,0.86652565,0.51492715,0.91139615,0.6069338,0.8658724,0.6179745,0.86860716,0.68255824,0.8494933,0.67552584,0.9000482,0.70648533,0.88003725,0.6992583,0.83740485,0.74403155,0.8215352,0.73910683,0.8416416,0.93229353,0.83912325,0.914408
0.84983027,0.4558644,0.85535824,0.43708834,0.8468175,0.4422295,0.8718609,0.4311715,0.85202783,0.4412923,0.89558506,0.49839422,0.86662334,0.51491994,0.9102017,0.6065705,0.866834,0.6169638,0.86777496,0.6833669,0.84856176,0.6774614,0.9002517,0.7064339,0.88185275,0.6989449,0.8371729,0.7439042,0.8219919,0.7397848,0.8418452,0.9310979,0.83932287,0.9142271
0.84721226,0.45898286,0.85256493,0.44013718,0.8443739,0.44571063,0.8691846,0.43330887,0.84998465,0.44481066,0.89466614,0.49855,0.86460364,0.51847905,0.91116315,0.60371333,0.86467,0.6196149,0.868415,0.68313855,0.84686345,0.67810696,0.90014476,0.7088839,0.8811911,0.7025579,0.8375018,0.7414866,0.8218644,0.73874974,0.8417352,0.92985344,0.83915085,0.9137091
0.84395075,0.4602952,0.8491494,0.4415605,0.8414019,0.4469838,0.8659584,0.43429902,0.84802103,0.44548336,0.8917953,0.49920255,0.86329406,0.51860374,0.9094885,0.6036306,0.86439174,0.6194242,0.86772406,0.6816286,0.8471859,0.6780695,0.89756197,0.71155286,0.8796258,0.7052202,0.8370313,0.7436313,0.82159394,0.7407301,0.84236383,0.9294353,0.83845586,0.9121014
0.84154075,0.4643127,0.8466682,0.44544557,0.83864385,0.4509855,0.8631299,0.43667665,0.84481364,0.44836757,0.88942766,0.49937868,0.86116976,0.51971066,0.9081608,0.602813,0.8637573,0.61913085,0.864802,0.68557906,0.84525406,0.6816305,0.8966757,0.71194184,0.8789318,0.70589477,0.83645326,0.74306023,0.8208985,0.7401153,0.84169817,0.9288641,0.8380315,0.91087246
0.83921814,0.46850455,0.8444052,0.44985437,0.8359685,0.45515198,0.86068195,0.44078258,0.8411226,0.45219323,0.8869276,0.5025224,0.8580381,0.5213162,0.90528727,0.606417,0.8604687,0.6187042,0.8623358,0.6891223,0.84330666,0.6843157,0.89695865,0.7064385,0.87876123,0.70017534,0.83594114,0.74267113,0.820449,0.7391551,0.8417476,0.9274511,0.8379347,0.90841126
0.83431673,0.47338864,0.8388759,0.45489353,0.8317682,0.46035734,0.85543674,0.44384176,0.83867276,0.45575556,0.8840764,0.50268096,0.8555889,0.5213321,0.9023617,0.6105034,0.8551084,0.6220493,0.8601366,0.69325507,0.8374265,0.6848186,0.8971619,0.7020788,0.8794193,0.6958253,0.8357248,0.742975,0.8206868,0.7386887,0.84168166,0.9275518,0.8368347,0.90621424
0.8317152,0.47655463,0.8357052,0.45758837,0.8287371,0.46396664,0.8512611,0.44449988,0.83542293,0.45869684,0.8799977,0.5015053,0.8533063,0.521756,0.8990742,0.60959893,0.85336256,0.6226566,0.85909003,0.6918149,0.83596957,0.6836093,0.8950556,0.69950366,0.8784755,0.6949851,0.83509237,0.74232954,0.82114553,0.74152404,0.84167165,0.9268812,0.83522695,0.9088105
0.82690555,0.4845133,0.82998955,0.46512946,0.8233348,0.47288433,0.84366864,0.4495992,0.82937354,0.46667242,0.8730407,0.5025754,0.8496377,0.52396625,0.89547557,0.60959935,0.85188866,0.6190303,0.855972,0.69106907,0.83433336,0.68085533,0.89425653,0.6980877,0.87985086,0.69623154,0.83288825,0.73773575,0.82233584,0.745893,0.84248984,0.92441463,0.8368559,0.9174433
0.82366246,0.48889533,0.8266479,0.4687994,0.8198776,0.4781324,0.84054774,0.45236346,0.8258996,0.4733529,0.8710715,0.50275636,0.8477089,0.5316249,0.89510137,0.60747725,0.85203886,0.6275705,0.8540902,0.696468,0.83565253,0.6901154,0.89424527,0.70175123,0.8798254,0.7032953,0.8315285,0.732845,0.82163733,0.74732137,0.8434688,0.9236979,0.8384593,0.9220827
0.81740963,0.49762002,0.8202049,0.47827318,0.81380606,0.4860678,0.83383745,0.46017495,0.82088184,0.47713384,0.8638833,0.5085407,0.8459377,0.5317298,0.8884983,0.6156355,0.85202855,0.6291124,0.8509229,0.6997949,0.8334759,0.69565785,0.89453715,0.7043916,0.883533,0.7046315,0.83057326,0.73623174,0.8226013,0.74886286,0.84427416,0.92392343,0.8392642,0.9198958
0.81473064,0.5019456,0.8177447,0.48248142,0.81031543,0.49088842,0.830897,0.46423024,0.8149044,0.48273325,0.86054766,0.5135337,0.8394381,0.5371532,0.88655615,0.62019455,0.845817,0.6294784,0.84840345,0.7047688,0.8287296,0.6979177,0.89220995,0.70495814,0.87922806,0.7065342,0.8300976,0.7400067,0.8217988,0.75635666,0.8445911,0.92338926,0.8406233,0.92640144
0.8089596,0.5043285,0.8115186,0.48494914,0.80465573,0.49376866,0.8246011,0.46782345,0.8098432,0.48716348,0.8548418,0.51575416,0.835306,0.54162043,0.8800778,0.6169985,0.84185135,0.63194317,0.84479564,0.70444214,0.82469714,0.6971782,0.8909832,0.7003146,0.878895,0.7037241,0.8301466,0.7433981,0.82236403,0.76119477,0.8444454,0.9260826,0.8399851,0.9302116
0.8032053,0.50821644,0.8050357,0.49012345,0.79955274,0.49742535,0.8167521,0.47237912,0.80565053,0.48757303,0.84700865,0.5167864,0.83122236,0.5376036,0.8738839,0.620221,0.84239084,0.63269126,0.8449211,0.7080312,0.8300622,0.70291233,0.8882491,0.6967039,0.87844574,0.69938904,0.8287134,0.74541116,0.82226986,0.7600066,0.84531736,0.9291247,0.84077686,0.9288367
0.7963768,0.51395553,0.79812247,0.49691442,0.79334575,0.5028316,0.81038135,0.47817814,0.79840386,0.48848194,0.8383651,0.51943237,0.826522,0.53262097,0.8619715,0.6239801,0.83617586,0.6256474,0.8411892,0.7162701,0.82315904,0.6944487,0.8878874,0.67996776,0.87974197,0.68138343,0.8245248,0.7401554,0.82146066,0.7526312,0.8428804,0.92748564,0.84110826,0.9258909
0.7912749,0.5203201,0.79295474,0.50359917,0.7882764,0.50825614,0.804803,0.4850537,0.7926828,0.4930621,0.8335182,0.52528274,0.8213956,0.54023,0.86209935,0.62601095,0.8324693,0.6346728,0.8404667,0.71824634,0.81538266,0.69930446,0.88514847,0.6819985,0.8770391,0.6838255,0.8247882,0.7446793,0.8213054,0.7559776,0.8416009,0.9297053,0.84091425,0.92588717
0.78416574,0.5271455,0.7857804,0.5106759,0.78147924,0.51525223,0.7987272,0.49037617,0.7871385,0.4986488,0.82916564,0.52689934,0.81679386,0.54160976,0.8590245,0.6269178,0.8264646,0.6359143,0.8384374,0.7189217,0.8104046,0.70040625,0.88266104,0.6725056,0.8743555,0.67428243,0.8248084,0.7496745,0.8212766,0.75983816,0.84067935,0.9317657,0.8396935,0.92677003
0.77990216,0.5315069,0.7815164,0.51500946,0.7771935,0.51989055,0.79453796,0.49463388,0.7821616,0.50407934,0.82557076,0.52974623,0.81071657,0.54816747,0.8577925,0.6238751,0.8206437,0.6391803,0.8378503,0.72081375,0.8069539,0.7027672,0.87878513,0.67273986,0.8688388,0.6768285,0.8256928,0.75292563,0.8210521,0.766879,0.8405984,0.93056536,0.8392529,0.9311169
0.7767769,0.53457814,0.77712506,0.51923645,0.7747529,0.5242858,0.78798103,0.50032824,0.7798434,0.50987804,0.82097214,0.53167796,0.8055374,0.5496536,0.8549282,0.6274367,0.81537086,0.6448409,0.83518517,0.72829086,0.80483246,0.71507496,0.8758273,0.6605612,0.8655265,0.66478443,0.82489836,0.7596637,0.8202592,0.77033335,0.84116,0.9327861,0.8392951,0.9283667
0.7725403,0.5363621,0.7733971,0.52086306,0.7698285,0.5259592,0.78512114,0.5030064,0.7738368,0.5129289,0.81628764,0.5365804,0.80131495,0.553294,0.8485568,0.6294766,0.81414616,0.64725083,0.83502597,0.7303747,0.8091561,0.7290148,0.87208223,0.6627642,0.86148894,0.66744626,0.8243176,0.76626635,0.81886417,0.7768721,0.84040755,0.93346894,0.83659506,0.92917955
0.76909393,0.54308826,0.7706974,0.5275954,0.7658748,0.53223586,0.7832966,0.5101533,0.76799566,0.5190606,0.8150701,0.54677707,0.79253405,0.5575236,0.8448159,0.6419431,0.79653996,0.6443766,0.82933205,0.73477393,0.78511626,0.7232951,0.87009555,0.6633461,0.8547478,0.66511184,0.82316077,0.77067256,0.81356955,0.7732955,0.8409009,0.9338574,0.8348346,0.92289907
0.76450443,0.5532509,0.7664231,0.5373216,0.7607493,0.54248697,0.7794978,0.5182407,0.7648474,0.52949834,0.8115012,0.5485953,0.7883889,0.5616917,0.84044856,0.64488333,0.78887045,0.6475132,0.82713073,0.7460871,0.7779121,0.7367358,0.8670873,0.6512331,0.8523033,0.65423787,0.82226133,0.7812948,0.810114,0.7850794,0.8420591,0.93825436,0.8302256,0.9222058
0.7610651,0.56093574,0.7624604,0.5451273,0.7574772,0.5508154,0.77502984,0.52268755,0.7619313,0.53429055,0.80748886,0.55225044,0.78462756,0.55795985,0.8356153,0.66644394,0.7847802,0.64421934,0.82056105,0.7726884,0.77584964,0.7366558,0.86299133,0.65179145,0.84884185,0.65315795,0.8183554,0.79220986,0.80922526,0.7971706,0.8402362,0.9423573,0.82964176,0.93217623
0.75839996,0.56498635,0.75962037,0.54946846,0.75510335,0.55485314,0.7725979,0.5266386,0.76091427,0.5374405,0.8055628,0.5551572,0.78450644,0.5587657,0.83594817,0.661578,0.7868597,0.63452727,0.8208809,0.77748483,0.7776275,0.7308533,0.85930365,0.65534276,0.84678715,0.65524995,0.81648743,0.80648226,0.8100259,0.80737984,0.8380626,0.9514355,0.83066815,0.9338485
0.7545573,0.5678789,0.75628626,0.5541401,0.7516498,0.5577518,0.7695765,0.5355779,0.7567742,0.5424273,0.80231947,0.5663728,0.7769763,0.5654341,0.8318208,0.67594403,0.77700144,0.6431024,0.816661,0.7853494,0.7684219,0.7397106,0.85421556,0.6596712,0.8388516,0.6579287,0.81666154,0.81984955,0.80652064,0.81669974,0.83667487,0.9492563,0.82768387,0.930613
0.75135094,0.57759494,0.75358295,0.5602294,0.74688965,0.5659496,0.768855,0.53736895,0.7491247,0.55111873,0.80199635,0.5743832,0.7712393,0.5779127,0.832273,0.6831246,0.7684166,0.65723276,0.81824636,0.8060261,0.75665224,0.7561514,0.8545853,0.6572247,0.8366567,0.6574973,0.8160375,0.8167244,0.80838126,0.8181151,0.84026283,0.931528,0.83718985,0.91743016
0.7503131,0.5890559,0.7515602,0.57257295,0.7458059,0.5787689,0.765372,0.5460796,0.74741596,0.5612309,0.8007637,0.58234894,0.7680583,0.5828329,0.82921505,0.7037189,0.7598853,0.66148347,0.8094676,0.83595365,0.7482286,0.75844634,0.854801,0.65908325,0.83527917,0.6581241,0.81923705,0.82488763,0.81031704,0.81978106,0.84225273,0.94286764,0.83666986,0.9176045
0.7490946,0.6014634,0.7504906,0.58507085,0.74382335,0.590719,0.7632611,0.5601058,0.7427196,0.5732621,0.79642075,0.60093886,0.7646837,0.59306765,0.82231826,0.73253113,0.75486755,0.67035514,0.8026992,0.8589043,0.74118584,0.76602525,0.8546943,0.66334116,0.83549684,0.65969634,0.81461114,0.8189338,0.8063569,0.81310695,0.8386432,0.9337256,0.83350337,0.91151905
0.7446063,0.6100934,0.74624133,0.595382,0.7405798,0.59873235,0.7586678,0.57305807,0.73992944,0.5809847,0.7927534,0.60797125,0.7584642,0.6048607,0.82016945,0.7400259,0.74844164,0.69545084,0.79933804,0.87386197,0.7335784,0.7898364,0.85290605,0.66546136,0.8318238,0.6640064,0.81464875,0.82686204,0.8011915,0.8215942,0.8405331,0.9313023,0.8321933,0.9076361
0.7384576,0.62504923,0.74065834,0.6104364,0.7350718,0.61387277,0.75438213,0.58883023,0.73502344,0.59706104,0.78908515,0.61957705,0.74890846,0.62577736,0.8176535,0.7430742,0.7393514,0.72189623,0.79743016,0.89313036,0.7249985,0.83024365,0.8447275,0.6854625,0.81975585,0.6890984,0.81534714,0.85198873,0.79652673,0.852482,0.842714,0.9304162,0.83192235,0.9139675
0.7374968,0.6435656,0.7397972,0.6273336,0.7326073,0.63290507,0.75430363,0.60459554,0.7307346,0.6180194,0.78672576,0.63361216,0.74819374,0.63425046,0.81350404,0.7525,0.73775,0.7028868,0.79392415,0.90881723,0.7264491,0.77898484,0.8409791,0.6866116,0.81551594,0.68824106,0.81592435,0.8506839,0.7926304,0.85377777,0.8428485,0.94839776,0.8195017,0.9344606
0.73322284,0.6635921,0.7346783,0.6467148,0.72929066,0.65140396,0.749261,0.62014467,0.7301336,0.63108456,0.7785187,0.6517768,0.7502179,0.63956994,0.7961616,0.7875873,0.74430525,0.7046137,0.7705256,0.95416796,0.73446906,0.7744432,0.83496124,0.71085036,0.8121404,0.7108152,0.82942885,0.8537125,0.79232293,0.8718364,0.8562398,0.9102418,0.7992036,0.92656535
0.7314036,0.6905244,0.73215735,0.67269737,0.7274353,0.67773247,0.7441702,0.6415407,0.7266414,0.6538141,0.7743532,0.6720728,0.7438484,0.67169994,0.79087156,0.81803375,0.7280001,0.7729582,0.7621717,0.98000884,0.6995571,0.9077259,0.83516407,0.73649323,0.8125869,0.7415596,0.81786263,0.8681045,0.78683054,0.88820684,0.8496742,0.914539,0.80256456,0.9301239
0.73129946,0.7192722,0.73096424,0.7015569,0.7270299,0.707785,0.7367096,0.66616607,0.71935785,0.6815891,0.7643499,0.6769439,0.7239488,0.69979656,0.7828711,0.8182732,0.70282406,0.8290051,0.76529807,0.97160435,0.6711065,0.9400929,0.8251483,0.70697904,0.798685,0.7236001,0.8087171,0.8789023,0.77907735,0.8963908,0.8477544,0.95468354,0.8145856,0.9587728
0.7236607,0.7347757,0.7228991,0.7178808,0.7197158,0.7269674,0.7273291,0.68123543,0.7131719,0.7037106,0.7546499,0.68065614,0.7194731,0.7277699,0.77953887,0.78462434,0.6951361,0.8412418,0.76550525,0.9516545,0.65954655,0.9329733,0.81814474,0.709349,0.80064595,0.736935,0.78661865,0.8747143,0.7936847,0.90699106,0.81474036,0.95855826,0.8450813,0.9770815
0.702621,0.718579,0.7004208,0.70506954,0.702036,0.70801973,0.69972163,0.67991906,0.6998413,0.6890404,0.725136,0.6951321,0.7089804,0.7032403,0.7375402,0.8384408,0.6895275,0.81382895,0.73348343,0.9492778,0.6633841,0.8839093,0.7960001,0.72778344,0.78571147,0.74130106,0.8004301,0.9004974,0.7877528,0.9108717,0.8324153,0.9502249,0.81589407,0.9615453
0.06681719,0.5138959,0.06274272,0.5018959,0.067544155,0.50470316,0.046088245,0.50098926,0.066596024,0.50857735,0.032718774,0.5556698,0.07077664,0.5607359,0.008075458,0.62363416,0.090524666,0.605887,0.0035559356,0.68152046,0.11383679,0.61465687,0.03573185,0.7344364,0.057726867,0.73597777,0.024103833,0.8337275,0.039008588,0.83522266,0.024477651,0.9260995,0.02836362,0.9336791
0.69951177,0.8364279,0.6973942,0.8237327,0.6959225,0.8290875,0.7006876,0.784835,0.6897219,0.8011754,0.72646624,0.7550091,0.6936421,0.7864282,0.7495737,0.852182,0.6731772,0.89098066,0.76266646,0.9505995,0.65885305,0.9586838,0.79388773,0.7354176,0.7744167,0.7598473,0.7901502,0.91139096,0.77382207,0.9392584,0.8096504,0.95300514,0.79491943,0.96553767
0.68436533,0.87968147,0.68009704,0.86404556,0.6790698,0.8773667,0.68210524,0.8224425,0.67097604,0.85721934,0.7112953,0.7767176,0.67199534,0.8277746,0.73411477,0.82760036,0.65926373,0.8932821,0.73726565,0.91884375,0.65428495,0.93101656,0.7746359,0.76782876,0.74876493,0.80289,0.8021703,0.9117697,0.7701326,0.9456034,0.8298792,0.9563165,0.7928805,0.96947694
0.6719272,0.9110956,0.6658723,0.89164764,0.6646922,0.910124,0.66778296,0.83654106,0.6576019,0.8858061,0.7027456,0.7910184,0.66881263,0.8517854,0.7438038,0.85969454,0.6605634,0.9265965,0.7641677,0.9531802,0.6514947,0.94844866,0.77427185,0.7848239,0.7541485,0.8244312,0.80556124,0.9303473,0.7854776,0.9656671,0.8369032,0.9516246,0.807059,0.95500225
0.65848017,0.9269093,0.6535625,0.90951115,0.65315616,0.9245954,0.658174,0.858144,0.65264183,0.898976,0.69058436,0.8085694,0.6723358,0.86053324,0.7300417,0.8356142,0.67081803,0.89064884,0.7553207,0.89065886,0.6471597,0.88798386,0.7690979,0.7935028,0.76027787,0.8306128,0.80719775,0.90559125,0.8005204,0.94055766,0.83864546,0.8953225,0.82720107,0.91240823
0.049212977,0.52712834,0.046748426,0.51673865,0.05243471,0.5179953,0.037733708,0.520162,0.06377145,0.5208499,0.0319174,0.56245357,0.06978723,0.55938417,0.011069638,0.63443834,0.09097622,0.60048187,0.004491204,0.6915781,0.10358737,0.6037635,0.036080625,0.73270124,0.05767591,0.7313852,0.02539053,0.8678424,0.039172668,0.87008137,0.022825284,0.94424045,0.032904875,0.9483487
0.6293136,0.78703976,0.62650484,0.7859498,0.6332243,0.7724318,0.6173033,0.81842506,0.6476197,0.78951836,0.62844366,0.90625703,0.67979395,0.8491332,0.65029687,0.9987557,0.7396284,0.9021858,0.6899838,0.91840714,0.7569446,0.90771735,0.71339,0.9170426,0.7476031,0.90484256,0.7656393,0.9379437,0.7827673,0.8939067,0.8010759,0.9187222,0.8169835,0.89457315
0.06709696,0.551516,0.06379484,0.53909177,0.06931849,0.541463,0.047813546,0.53267443,0.07331031,0.53940135,0.035995822,0.5624098,0.072482325,0.57692206,0.012194014,0.617302,0.08211068,0.627922,0.009070441,0.6309717,0.09063407,0.61948764,0.0338316,0.7401765,0.05461803,0.74582344,0.027947322,0.8420062,0.04048052,0.85201216,0.022938129,0.9283463,0.026390929,0.93928623
0.05310163,0.56250656,0.050175995,0.5496183,0.055608816,0.5517479,0.041929163,0.5338181,0.06358855,0.54092497,0.03674912,0.5629639,0.07098508,0.56985795,0.014502281,0.60925895,0.087362036,0.611281,0.013132733,0.63999593,0.10339631,0.62313986,0.03832131,0.7306572,0.058845557,0.73095083,0.02780709,0.84245074,0.04217406,0.84229004,0.020314947,0.9240071,0.024057334,0.92542744
0.05311921,0.5056285,0.0509964,0.49470797,0.056129675,0.49613038,0.04132424,0.50506663,0.06764741,0.50720537,0.034009844,0.5590422,0.072947465,0.564329,0.012135995,0.6266854,0.08757498,0.62753457,0.00824638,0.6331154,0.09404329,0.61550575,0.03535517,0.74462664,0.058288075,0.7453696,0.022728126,0.8759134,0.038031116,0.8796419,0.017380422,0.9578739,0.028255029,0.9648688
0.053234614,0.5246722,0.05062127,0.5140283,0.055221677,0.5151956,0.038515758,0.5183436,0.06236592,0.520406,0.0306023,0.564851,0.06719329,0.5614959,0.009667898,0.6293932,0.08959431,0.5967966,0.00986206,0.65807945,0.109031916,0.59676206,0.035105206,0.73053515,0.05598873,0.72948605,0.026357654,0.8387791,0.04142176,0.8386541,0.019419456,0.92488915,0.03092019,0.9290495
0.051842827,0.52205724,0.04931141,0.5111051,0.054456104,0.5125096,0.039951377,0.51602685,0.0648819,0.5187587,0.03363566,0.561001,0.07116759,0.56582487,0.012319416,0.62157553,0.08943697,0.62204707,0.007390577,0.6440014,0.10118411,0.6299403,0.035344202,0.7316812,0.05683415,0.7322354,0.026847487,0.83516383,0.04011598,0.8377901,0.017809272,0.91995156,0.025222797,0.9253538
0.766137,0.40570286,0.769498,0.39698163,0.7630784,0.39668652,0.77515393,0.40070882,0.7584718,0.40013626,0.78277224,0.45031184,0.752223,0.4506037,0.78991216,0.5133505,0.74413866,0.51251096,0.78863573,0.5673785,0.7428541,0.5696092,0.77746886,0.5718201,0.7588838,0.57210195,0.77579135,0.6689471,0.7612545,0.6684931,0.7749061,0.75965375,0.76509905,0.7578144
0.7661091,0.40541822,0.7694408,0.39667207,0.7630309,0.39644185,0.77507055,0.40030697,0.75840926,0.3999122,0.7827167,0.4498756,0.7522542,0.45042327,0.78992283,0.51280385,0.74425185,0.5123754,0.78859776,0.5669028,0.74298066,0.5694251,0.7775369,0.57176363,0.75899875,0.5721623,0.77578413,0.6693126,0.7612264,0.66897476,0.7748886,0.7603198,0.76499194,0.7586579
0.76589704,0.40555477,0.76924247,0.3967579,0.76281166,0.39657474,0.7749599,0.40031636,0.7582487,0.40007073,0.7826966,0.44989714,0.75220865,0.45063168,0.7898573,0.51296353,0.74420476,0.512845,0.78837657,0.5671926,0.74301773,0.5701992,0.77759355,0.57183564,0.7590117,0.5722773,0.77587,0.66965115,0.7610778,0.6693328,0.7749008,0.7606089,0.7646739,0.7589375
0.76567763,0.4055862,0.76900417,0.396817,0.76262033,0.39663997,0.7747041,0.40042266,0.75809574,0.4001681,0.78250515,0.45003638,0.7520369,0.45076284,0.789728,0.51330024,0.7442071,0.51302254,0.7885122,0.5679594,0.74337083,0.5698734,0.77756876,0.57226837,0.7589985,0.5727632,0.7759895,0.6705332,0.7612031,0.6702786,0.77526253,0.7622301,0.76504815,0.7605996
0.765454,0.4060151,0.7687812,0.3972039,0.7623933,0.39705846,0.7745263,0.40059596,0.7579146,0.400414,0.78242624,0.4499999,0.7518812,0.45084456,0.7898011,0.51345634,0.7442576,0.51323277,0.7890003,0.56885195,0.7436111,0.5698741,0.7776668,0.5724009,0.75906557,0.57301146,0.7762554,0.671151,0.76149136,0.6710097,0.7755533,0.76357216,0.7654087,0.7620558
0.76545954,0.40576825,0.76883394,0.39694571,0.76243055,0.39672947,0.7746653,0.40035567,0.75801355,0.3999899,0.78254837,0.45010963,0.75197977,0.4505532,0.78988653,0.5143355,0.7443606,0.5130126,0.78931755,0.57118297,0.7435607,0.5700557,0.77763015,0.57323873,0.75906146,0.57369375,0.77623177,0.6723286,0.761852,0.6720602,0.7758011,0.7648779,0.76620954,0.76310664
0.76549655,0.40584117,0.76892143,0.3970057,0.7624685,0.39671576,0.77481955,0.4004311,0.7580429,0.3998782,0.7826433,0.4503618,0.7519348,0.4505274,0.78997034,0.5148344,0.7442873,0.51298153,0.7895771,0.5718047,0.74341524,0.5697536,0.7774954,0.5740178,0.75885457,0.57435787,0.7761825,0.6731183,0.7619203,0.6727623,0.77566546,0.76551354,0.7662562,0.7635968
0.765545,0.40591383,0.76904035,0.39709952,0.76253176,0.39668378,0.7750405,0.40039223,0.75813496,0.3995551,0.7829075,0.4500961,0.75193083,0.44995388,0.7902564,0.51447546,0.74416983,0.5124426,0.7898907,0.57068205,0.74331224,0.5690167,0.77748424,0.5740396,0.758695,0.5741926,0.7762192,0.6737643,0.7619652,0.6732055,0.7756279,0.7667448,0.7663364,0.76448053
0.7656863,0.40593314,0.7692243,0.39712977,0.7626768,0.3966314,0.77529544,0.40017867,0.75829047,0.39918166,0.78325146,0.44955155,0.7520701,0.44921896,0.7906824,0.51378155,0.74435204,0.5114838,0.7901116,0.56925863,0.743396,0.56732076,0.7776164,0.5739128,0.75871915,0.57393587,0.7762954,0.67427176,0.7621102,0.67357963,0.77563596,0.7677805,0.76654387,0.7652986
0.7664233,0.4061411,0.7699172,0.39731362,0.7633347,0.39680088,0.7758035,0.4002609,0.7586954,0.39916202,0.7835558,0.44950202,0.7522268,0.44909042,0.79083186,0.5142105,0.74447864,0.5121559,0.79041684,0.5696388,0.7436479,0.568432,0.777763,0.57374907,0.75877136,0.5737819,0.77635574,0.67498624,0.7621483,0.6743371,0.7754449,0.76891303,0.7664133,0.76662207
0.76731944,0.40612897,0.77074766,0.3972605,0.76411057,0.39676195,0.7763542,0.40029722,0.75908685,0.39913714,0.78377116,0.44967902,0.7522975,0.44932753,0.79081655,0.5150393,0.74452555,0.5134764,0.790395,0.57013816,0.7438086,0.57022434,0.7780139,0.5739448,0.75894195,0.57414895,0.77650505,0.6762536,0.76264423,0.6758235,0.77527314,0.7708892,0.7669398,0.7690813
0.7683034,0.40541226,0.77168745,0.39646792,0.76499337,0.39601424,0.77709556,0.3995333,0.75966555,0.39843237,0.78433967,0.44912186,0.7526394,0.44897038,0.79125595,0.5145886,0.74479824,0.5136933,0.79114884,0.57023907,0.7440858,0.57148874,0.778631,0.5737064,0.75938904,0.5740409,0.7769386,0.67608726,0.762675,0.67578983,0.77522796,0.7709512,0.7663968,0.76950777
0.7692391,0.404594,0.7725936,0.3955829,0.7658208,0.39519158,0.7777998,0.39906472,0.7601596,0.39805365,0.78482294,0.44926545,0.7529132,0.44941255,0.79159033,0.5149024,0.74513453,0.5148082,0.79179806,0.57049596,0.74462986,0.57275766,0.7793286,0.5737221,0.75990194,0.57425463,0.7774207,0.6760888,0.76268697,0.67598206,0.775476,0.77113837,0.76613283,0.7701523
0.7699836,0.40277272,0.77316177,0.39354712,0.76656914,0.3936311,0.7782004,0.3960567,0.7607946,0.39570293,0.7845656,0.44528598,0.7539272,0.44551107,0.791881,0.51190203,0.74695927,0.51396155,0.7932759,0.57276225,0.74430436,0.5744081,0.77858734,0.57375383,0.75986403,0.5738083,0.7781183,0.6780575,0.7616846,0.67744225,0.77593255,0.77843565,0.7658856,0.77771544
0.7704903,0.4015608,0.77363557,0.3924065,0.767106,0.39247417,0.778624,0.39510137,0.7613556,0.39468557,0.78502125,0.4447233,0.7543139,0.44473043,0.79234856,0.5116693,0.74719524,0.51317036,0.7938767,0.57316226,0.74467105,0.57371193,0.7787546,0.5738899,0.760011,0.5738292,0.77831596,0.6784986,0.7619542,0.6778037,0.77582926,0.7791325,0.7659955,0.77836055
0.77094215,0.39987424,0.7741646,0.39067593,0.7675549,0.39059055,0.7792484,0.39327383,0.7617389,0.39246884,0.7856123,0.44319496,0.75448024,0.44253832,0.79295343,0.5111931,0.74728805,0.5111632,0.79429,0.5739117,0.7447223,0.57203436,0.77889246,0.57378685,0.75984544,0.573419,0.77864677,0.67896765,0.76185197,0.6780037,0.7760975,0.77942497,0.76579255,0.7783305
0.7715663,0.40157777,0.77497166,0.39267173,0.7681473,0.39203572,0.7800292,0.3967054,0.76232225,0.39500314,0.7870881,0.44839868,0.7545479,0.446933,0.79364383,0.51584244,0.746474,0.5116059,0.7931439,0.5702824,0.7460523,0.5662363,0.7807974,0.57491946,0.7609386,0.57461363,0.7782645,0.67838746,0.76298875,0.67744553,0.7759704,0.773724,0.7661761,0.7718354
0.7710578,0.398474,0.7748176,0.38955295,0.7677505,0.38869223,0.78041214,0.3945623,0.76233125,0.39247426,0.78769577,0.44818586,0.7546354,0.4461339,0.7942125,0.51699245,0.74669254,0.5110324,0.79293984,0.57235914,0.7459864,0.56604445,0.78071475,0.5755498,0.7604625,0.57477975,0.7781084,0.67864555,0.7623367,0.6771381,0.776361,0.7733152,0.7662378,0.77041095
0.7709365,0.3958127,0.7748417,0.38690856,0.7676937,0.3859742,0.78065526,0.392647,0.76248753,0.39043674,0.7881012,0.4474988,0.754756,0.44519114,0.7948354,0.5167794,0.7467846,0.50990784,0.7938878,0.57305986,0.745892,0.56469,0.780607,0.5747264,0.7601177,0.5737159,0.77822334,0.6772849,0.7617313,0.6755325,0.77642715,0.7720664,0.76541024,0.7687878
0.7713344,0.39379463,0.77518004,0.38486704,0.7680897,0.38398734,0.78092515,0.39060244,0.76284504,0.3884909,0.78839725,0.44594088,0.75503635,0.44368938,0.7950659,0.5156583,0.7468104,0.5091985,0.7941885,0.5723215,0.7454751,0.56576884,0.7807381,0.5743299,0.76027006,0.5732852,0.7782815,0.6769239,0.7617243,0.6751246,0.7764453,0.77210057,0.7653759,0.7688327
0.77159864,0.3918741,0.77528065,0.38247004,0.7681946,0.38202503,0.78100103,0.3867649,0.76252496,0.38514385,0.78732103,0.44014826,0.75493443,0.438406,0.79469985,0.51008195,0.7474302,0.5084405,0.79562896,0.5736096,0.74446416,0.572087,0.77957886,0.5721135,0.7594441,0.57100934,0.77940655,0.67591786,0.7596245,0.67407495,0.77743405,0.775663,0.7629275,0.77338415
0.77151227,0.39164916,0.7752619,0.3821638,0.76810247,0.38168174,0.7811378,0.3861516,0.76248467,0.38448116,0.787545,0.43918458,0.7550331,0.4372559,0.7952931,0.5092065,0.7474758,0.5069141,0.796427,0.5722272,0.74388236,0.56948465,0.7795045,0.5708503,0.75928956,0.56958073,0.7794021,0.67576766,0.75938374,0.6737755,0.7777092,0.77787286,0.7626633,0.77538836
0.77142906,0.3917522,0.7752407,0.38217032,0.7679856,0.3816782,0.7812388,0.3859189,0.7623495,0.38423827,0.78749406,0.43870604,0.7550384,0.4366969,0.79538655,0.50888777,0.7475038,0.50611967,0.7971542,0.5720621,0.7433662,0.5676407,0.7792666,0.57056355,0.7590509,0.56924707,0.77923626,0.67659014,0.75894827,0.67460227,0.7777838,0.78042257,0.76180816,0.77798235
0.7713675,0.39098862,0.77520204,0.38138282,0.76791126,0.38091552,0.7812989,0.38493392,0.76231563,0.38337544,0.78767365,0.43752858,0.75503105,0.43569568,0.7957575,0.5074586,0.7472082,0.5050098,0.79769325,0.5709112,0.74256,0.56711227,0.77927315,0.57019687,0.75895965,0.5688923,0.779379,0.67688894,0.7590399,0.6749194,0.77766794,0.78125966,0.7616231,0.7788537
0.77213395,0.38954094,0.7758757,0.3798878,0.7685145,0.37951508,0.7816582,0.38372377,0.76249784,0.38231447,0.7876977,0.4368494,0.7549401,0.4353366,0.79591507,0.506614,0.7468838,0.5049593,0.79857826,0.57088804,0.74232394,0.5675171,0.77939254,0.57146287,0.7590709,0.57044077,0.77902126,0.67919415,0.7594369,0.67760396,0.77635807,0.78378874,0.76145095,0.78214175
0.7721174,0.38921893,0.77587074,0.37948835,0.76841456,0.37913707,0.78163195,0.38327464,0.7622588,0.38194278,0.78753847,0.4362819,0.7547776,0.4350152,0.7958674,0.50605094,0.7467088,0.5053003,0.79881245,0.57083577,0.74161845,0.5695337,0.77926266,0.57070315,0.7589027,0.56976664,0.77888745,0.6785725,0.759062,0.6770598,0.7762223,0.7826993,0.7607345,0.78124875
0.7717702,0.3892965,0.7755777,0.3794852,0.7680136,0.379143,0.7814986,0.3831577,0.7618573,0.38190493,0.7873921,0.4361453,0.7545635,0.43504617,0.7959256,0.5062057,0.74665993,0.50618154,0.7989151,0.5708575,0.7414589,0.5711534,0.77893347,0.57247686,0.75834537,0.57145476,0.77859294,0.6820199,0.7574161,0.6804089,0.7760857,0.7870204,0.75808066,0.78554577
0.771616,0.39141276,0.7751373,0.38203317,0.76796937,0.38175038,0.78073496,0.3850944,0.76236016,0.3846032,0.7885529,0.43809548,0.7549339,0.438051,0.7963037,0.50631046,0.7460027,0.5056085,0.7982656,0.56415206,0.74238396,0.5674107,0.78024,0.57105315,0.7593722,0.57059634,0.778959,0.6807027,0.75839037,0.6794701,0.77508706,0.78426427,0.75635207,0.78241175
0.7710358,0.39240655,0.7746272,0.38293147,0.7673644,0.38265836,0.78045404,0.38550875,0.76188326,0.38511485,0.78840077,0.4379647,0.7547687,0.4379443,0.7961499,0.5059816,0.7461396,0.5051638,0.7982181,0.5641167,0.7422877,0.5669157,0.7800702,0.5707835,0.7590849,0.57020456,0.7789044,0.6798514,0.7571525,0.6784155,0.7752186,0.78272957,0.7543599,0.7805793
0.7701766,0.39233246,0.7738004,0.38271144,0.7664911,0.38253435,0.77985376,0.3848664,0.7611842,0.38479316,0.78829604,0.43721494,0.75433964,0.43748263,0.7965287,0.50578487,0.74604183,0.5049261,0.7981087,0.5644873,0.74229306,0.5660833,0.78001827,0.5707964,0.7587831,0.57026863,0.7790575,0.6803942,0.7566988,0.67896944,0.7754806,0.78382444,0.7538492,0.7815862
0.7692975,0.3906068,0.77330405,0.38080758,0.7655091,0.38038993,0.7795272,0.38315138,0.76004094,0.38211825,0.78746057,0.4357341,0.7525718,0.43594968,0.7968907,0.50500184,0.7458945,0.50568104,0.7988535,0.56964874,0.7417477,0.5712993,0.7793391,0.57140905,0.757353,0.5711833,0.7786251,0.67954797,0.7561549,0.6786787,0.77535224,0.78183025,0.7546071,0.7803942
0.76895326,0.3895606,0.7729041,0.3796325,0.7650854,0.37940168,0.77897716,0.38231382,0.75939214,0.38174775,0.78713125,0.43562374,0.75165236,0.43709037,0.79666966,0.5046284,0.7449788,0.5085842,0.7984292,0.5679983,0.7409552,0.57477343,0.7794239,0.5724006,0.75702137,0.57278025,0.7786135,0.6803787,0.75541365,0.6801086,0.7753021,0.7820626,0.75396574,0.78144395
0.7687251,0.38935027,0.7726942,0.3793428,0.7648031,0.37915626,0.7787142,0.3823522,0.75896686,0.38190088,0.7868411,0.43628034,0.7511353,0.4381664,0.7963574,0.50541985,0.74442,0.5105867,0.7979992,0.56725097,0.74023485,0.5760534,0.77911633,0.57355803,0.7565455,0.57414126,0.7782824,0.6812335,0.7549084,0.68119675,0.7750231,0.78177637,0.7534832,0.78143084
0.7680425,0.38913354,0.7720689,0.3791438,0.7641937,0.3788384,0.7782238,0.38177353,0.7585001,0.38105682,0.7865261,0.43543032,0.75050515,0.43701845,0.79621357,0.5045197,0.7434494,0.50971144,0.7974618,0.5660574,0.7396263,0.57659215,0.77851504,0.5740483,0.7556707,0.5743844,0.77785546,0.682587,0.7534721,0.6822345,0.77502614,0.784422,0.7521295,0.7835793
0.7674279,0.3892987,0.77153176,0.37936398,0.7636669,0.37882516,0.7777842,0.3815134,0.7580859,0.38024327,0.78612256,0.43479335,0.7498749,0.4357802,0.79592025,0.5039734,0.7426859,0.5089735,0.7965587,0.56439614,0.7389165,0.57742316,0.7776922,0.5750517,0.75479597,0.57509035,0.77724165,0.68376637,0.75355494,0.6830446,0.77486354,0.78544337,0.7533466,0.78394
0.76635534,0.38835737,0.77046967,0.37836674,0.7626597,0.37784785,0.77683437,0.38018358,0.7572243,0.3789991,0.7854468,0.43344113,0.7489945,0.43476254,0.79511476,0.50291336,0.7417154,0.50934196,0.7948911,0.5619386,0.73858756,0.57908314,0.77728224,0.57533205,0.75421137,0.5754333,0.7765675,0.6844999,0.7522404,0.6837131,0.77504534,0.787786,0.7527822,0.7860315
0.7659337,0.38659343,0.7700104,0.37667397,0.76224774,0.37599602,0.7761869,0.37875152,0.75661486,0.3770648,0.7844507,0.43255588,0.74811536,0.43351376,0.7944015,0.50196284,0.7407673,0.50879437,0.7946597,0.5603981,0.737685,0.57987046,0.77658236,0.57612157,0.7536018,0.57626855,0.77604216,0.68581295,0.752172,0.68509734,0.7754969,0.7891352,0.7534708,0.7874757
0.764486,0.38100734,0.7685517,0.37115842,0.7608556,0.3705323,0.7747728,0.3739138,0.75531834,0.37232625,0.7832214,0.42879805,0.74666137,0.42956078,0.7936565,0.49902064,0.7388985,0.50414807,0.79483855,0.5590952,0.7367175,0.5733282,0.775881,0.57351077,0.75278467,0.57377803,0.7759404,0.684851,0.7521791,0.68427855,0.7764126,0.790517,0.75457627,0.7889431
0.7634146,0.37970638,0.7675505,0.36983493,0.7598502,0.36927557,0.77403635,0.3721706,0.7546382,0.37081456,0.7823743,0.42648366,0.7462182,0.42762792,0.7927063,0.49672407,0.7384195,0.5021707,0.7949936,0.5595895,0.7363912,0.57293856,0.77536833,0.5713438,0.75253385,0.57190734,0.77603596,0.6841063,0.752546,0.6837999,0.7767589,0.79068404,0.7549188,0.78928256
0.7626985,0.3798858,0.76678956,0.36967698,0.7590275,0.36937907,0.77341455,0.3704402,0.75376546,0.36975476,0.78179014,0.42346174,0.7455365,0.42531416,0.79196614,0.4947561,0.73730004,0.5003432,0.79470605,0.55994076,0.73462504,0.57121277,0.77524275,0.5696007,0.75236475,0.5706514,0.7761791,0.6838423,0.7524561,0.68410647,0.7769196,0.79113895,0.7544596,0.7904764
0.7623015,0.37728038,0.7663813,0.367034,0.7585501,0.36687297,0.7729935,0.36871988,0.753195,0.36830968,0.7810853,0.42348254,0.7451357,0.42528316,0.7911446,0.49568757,0.7364465,0.49985904,0.79432744,0.5615704,0.73340726,0.5693367,0.77491087,0.5706016,0.752197,0.57175344,0.7759467,0.6847657,0.75231165,0.68518645,0.7767433,0.7910144,0.75400585,0.7907007
0.7616443,0.37801197,0.7656445,0.3677139,0.75785774,0.36754796,0.7722394,0.36848217,0.7524817,0.36805707,0.7805475,0.42278045,0.7444982,0.42401654,0.7907794,0.4965308,0.73504466,0.49888664,0.79342896,0.5651823,0.7303128,0.57150865,0.77406514,0.5712436,0.75144804,0.57206494,0.7748501,0.68744004,0.7520341,0.687587,0.77561873,0.79586315,0.7540621,0.79527014
0.76068556,0.37904423,0.76453,0.36871785,0.7568732,0.36875015,0.7710497,0.36843947,0.7515192,0.36848298,0.77979684,0.42153454,0.7437421,0.42273027,0.7903205,0.4955901,0.7341272,0.4961922,0.7927601,0.5673295,0.7295931,0.56859607,0.7736635,0.5705774,0.7511644,0.57134247,0.77361536,0.68812054,0.7513504,0.68822354,0.77458113,0.7978699,0.75408715,0.7973032
0.75966966,0.3793392,0.76357967,0.3690916,0.75586516,0.36900422,0.77024114,0.36908707,0.7505988,0.36881682,0.7790295,0.42256922,0.74301547,0.4230292,0.78982157,0.49696434,0.7331941,0.49591216,0.7923619,0.5696009,0.72791207,0.5695159,0.772937,0.57161266,0.7504986,0.5719395,0.7724142,0.6896467,0.7502844,0.6892314,0.7742149,0.8006717,0.75369847,0.79944324
0.758298,0.38281047,0.7626799,0.37146,0.7542424,0.3711963,0.76958674,0.3720042,0.74793196,0.37148958,0.77812296,0.42737404,0.73977697,0.429424,0.7902953,0.50045705,0.7323487,0.50597054,0.7915344,0.57126486,0.72756135,0.57676995,0.77115893,0.5783561,0.7475192,0.5791574,0.7698075,0.69738925,0.74869335,0.6971716,0.7714243,0.8061559,0.7547757,0.8058812
0.75875014,0.3839446,0.76288116,0.3729356,0.7546601,0.37299323,0.7697259,0.37213475,0.7485475,0.37221554,0.7787004,0.42571712,0.7404035,0.42660072,0.78884345,0.50331134,0.73058593,0.5016649,0.7918755,0.57554656,0.7251875,0.57228905,0.7724437,0.5758119,0.749169,0.576364,0.7682935,0.69509065,0.74898475,0.69467646,0.77300376,0.8101512,0.75837237,0.8089548
0.7565319,0.3883812,0.76059777,0.37654305,0.75225556,0.3775611,0.76789206,0.37388352,0.7464251,0.37652242,0.7784149,0.4262894,0.7384368,0.43201798,0.7897524,0.5035181,0.73066676,0.5143425,0.7899348,0.57397676,0.7259523,0.58679634,0.7723187,0.5803144,0.7476017,0.5827159,0.769758,0.70080775,0.74787176,0.70228714,0.7681686,0.81849664,0.7531628,0.8200956
0.7562101,0.39539346,0.7602444,0.38322103,0.75152296,0.38446155,0.76716375,0.38073504,0.7448544,0.38398275,0.77783793,0.43296957,0.7369638,0.4389518,0.7897355,0.5087134,0.72898114,0.5176029,0.7907073,0.5759834,0.7252146,0.5824237,0.7722184,0.5834504,0.7474138,0.5860542,0.76657337,0.70171875,0.74764943,0.7032216,0.7653205,0.8183203,0.7554745,0.8201878
0.7556843,0.40597704,0.7596769,0.39382377,0.7510643,0.3951204,0.7667448,0.39080933,0.7447006,0.39418414,0.7778106,0.4427801,0.73714215,0.4477634,0.78993946,0.51926374,0.728708,0.52444667,0.7896062,0.5875678,0.7243783,0.5881954,0.7711653,0.591522,0.74659956,0.59339494,0.76482266,0.70800865,0.7465671,0.7088656,0.7630285,0.8247068,0.75443,0.8257682
0.7539898,0.41564876,0.758064,0.40332645,0.7494003,0.40452796,0.76555604,0.39787757,0.7434271,0.40106413,0.77755797,0.44738117,0.7358633,0.45108205,0.790319,0.524477,0.72674584,0.52607036,0.78967696,0.59579146,0.7223579,0.59213585,0.77017057,0.5958817,0.74513614,0.5969798,0.7646541,0.7114684,0.74594873,0.7113153,0.7628612,0.82730037,0.7547662,0.8267502
0.7519644,0.42776617,0.7561312,0.41537872,0.74769205,0.41644138,0.7644088,0.40792996,0.74277866,0.41101438,0.7775251,0.45582289,0.73620075,0.45835087,0.7905738,0.53324157,0.72702014,0.5318813,0.7890881,0.60624456,0.7214757,0.6005679,0.7694015,0.60495675,0.7447615,0.6049705,0.76456064,0.71884644,0.7459379,0.7173618,0.76305455,0.8327212,0.75535935,0.8299151
0.7520339,0.4428825,0.75604624,0.4307532,0.74781835,0.4317191,0.7638138,0.42455134,0.7423892,0.42680323,0.7762896,0.47046342,0.735206,0.4730631,0.7908331,0.5440685,0.7251637,0.5440371,0.7889442,0.61432254,0.72126406,0.6060691,0.7697205,0.6125756,0.7448986,0.6132606,0.7660814,0.7231604,0.7467951,0.72320116,0.7612036,0.83242965,0.7536705,0.83175987
0.75220937,0.4570984,0.7559425,0.44448242,0.7476396,0.44645667,0.76320755,0.43832776,0.7416397,0.4430326,0.7763168,0.4843083,0.735055,0.48957902,0.7906218,0.55827093,0.7254761,0.5594852,0.7878267,0.63378567,0.7211887,0.61828434,0.7712162,0.62344503,0.74625504,0.6253804,0.76656485,0.72742414,0.746782,0.7288168,0.7613369,0.8309982,0.7544876,0.832398
0.75108063,0.47902226,0.75482696,0.46697268,0.7466729,0.46842536,0.7618355,0.45991558,0.7412652,0.46423393,0.7743794,0.5014587,0.7352679,0.5051727,0.788711,0.57757246,0.725532,0.5719531,0.78830874,0.6588884,0.7212605,0.6354925,0.7696237,0.6208288,0.7464293,0.62224036,0.7634501,0.7238961,0.74727386,0.72407216,0.76291764,0.82894534,0.7584433,0.82873565
0.7488195,0.49290442,0.7526987,0.48077643,0.7447807,0.48214635,0.7606967,0.47322872,0.7404137,0.4777008,0.7748468,0.5143174,0.73513865,0.51786083,0.78961885,0.58863634,0.72428125,0.58233225,0.7854172,0.6699739,0.71898365,0.64979106,0.76985997,0.6333291,0.746279,0.6340269,0.76395094,0.73173344,0.74678373,0.7311049,0.762663,0.8308583,0.7582935,0.82910955
0.7481379,0.51541895,0.7520219,0.503066,0.7438968,0.50441885,0.76031965,0.4925124,0.73966604,0.4971402,0.7748623,0.5268358,0.7350693,0.5315105,0.7890844,0.59691536,0.7237347,0.59739363,0.7840825,0.67194766,0.7174873,0.6722846,0.77030444,0.6354978,0.74669296,0.63614017,0.7647502,0.732338,0.74604094,0.73121303,0.76169556,0.8307212,0.75609356,0.82821965
0.7463765,0.53090376,0.75011456,0.51813203,0.7419216,0.5199551,0.75849575,0.5047201,0.7375152,0.5105236,0.77369606,0.53383744,0.7330525,0.54058564,0.7885658,0.60166055,0.72252667,0.60632503,0.78190637,0.6740593,0.71761507,0.67850304,0.7700991,0.63843083,0.74595326,0.64016503,0.7638531,0.7345997,0.74501187,0.7346063,0.76127946,0.8321263,0.7564663,0.83105844
0.74739474,0.545512,0.7512963,0.53273076,0.7428301,0.5347466,0.75973904,0.5217102,0.73812985,0.527558,0.773297,0.55120295,0.7344537,0.55640274,0.7854919,0.62260187,0.72408915,0.61934525,0.7796815,0.6898166,0.72204715,0.672575,0.7703764,0.6403019,0.74722767,0.64179957,0.76262915,0.7321619,0.745861,0.7323786,0.7609155,0.82636875,0.7581349,0.82530296
0.74578136,0.55746335,0.74963367,0.5450099,0.7413343,0.5466837,0.75810516,0.5316721,0.7369713,0.5371797,0.7724815,0.55474895,0.733418,0.56462073,0.78479356,0.61324495,0.721624,0.6353458,0.7769172,0.6600365,0.71419394,0.7118202,0.7713432,0.6445348,0.7483062,0.6471822,0.7615088,0.7338585,0.744821,0.7342144,0.7607993,0.8284738,0.7582845,0.8269403
0.74371,0.56856835,0.7473954,0.5560943,0.7394854,0.55773574,0.7562888,0.540522,0.735739,0.54594535,0.7716006,0.5608646,0.73281485,0.5694399,0.783542,0.6202641,0.7201566,0.63786775,0.7741448,0.671101,0.71139896,0.7164864,0.7711332,0.6486172,0.74820286,0.6506075,0.7622007,0.7343677,0.7445842,0.7341378,0.76151437,0.8254687,0.75736654,0.82277167
0.7428171,0.58313715,0.7463007,0.57088256,0.7386588,0.5730108,0.7553585,0.5553754,0.7352768,0.56136924,0.7712478,0.57449114,0.73366684,0.5790621,0.7844006,0.62736624,0.7196283,0.6248528,0.7757742,0.6608764,0.71690124,0.65418553,0.77284414,0.6613368,0.75031275,0.66193265,0.76398903,0.73142374,0.7448351,0.72997946,0.7637088,0.82499254,0.7570769,0.82061386
0.74162,0.59415746,0.7451659,0.5820223,0.7372324,0.5833201,0.7540303,0.56513,0.7333463,0.56869775,0.7695402,0.5807208,0.72912365,0.58905894,0.7865831,0.63063204,0.7137198,0.65876967,0.77944154,0.6737435,0.7041348,0.7505942,0.77107567,0.66428715,0.7468808,0.6663536,0.7656264,0.7392497,0.744053,0.73843926,0.7619794,0.82113594,0.7547469,0.81851727
0.74067086,0.6056285,0.7444137,0.59303516,0.73605555,0.59445405,0.75349563,0.57509714,0.73187274,0.5786027,0.7694691,0.58718455,0.7269351,0.5963453,0.7869567,0.64117193,0.71165055,0.6740194,0.78003806,0.6834357,0.7030973,0.7737304,0.7725545,0.661746,0.74706155,0.6641651,0.764036,0.731114,0.74149066,0.7301089,0.7638034,0.81934017,0.7583883,0.81660676
0.7387361,0.6215486,0.7426466,0.6077877,0.73340136,0.6093131,0.7518038,0.5866635,0.7284174,0.58989316,0.7682454,0.59566134,0.7235674,0.601076,0.78515846,0.67025065,0.7100018,0.68587524,0.78203434,0.74489826,0.699259,0.79000616,0.7707845,0.6534395,0.7440384,0.6548376,0.7618947,0.73869056,0.7390708,0.7372114,0.76194006,0.8269649,0.75575507,0.82386833
0.7396868,0.63562703,0.7433684,0.62115693,0.73388547,0.62364846,0.7515559,0.5989064,0.7273845,0.6044411,0.76647127,0.6050729,0.72075486,0.61606896,0.7824642,0.6823371,0.70731336,0.7083119,0.7804306,0.7631657,0.6965642,0.811378,0.76915866,0.6558523,0.7414181,0.6609005,0.7606656,0.74654454,0.736474,0.7497756,0.76097226,0.82942766,0.752791,0.833122
0.7378702,0.64797896,0.7418819,0.6333507,0.73190993,0.63545537,0.75013316,0.6106983,0.7252578,0.6148129,0.7651116,0.6171018,0.71819896,0.62404096,0.7800344,0.7044936,0.7033221,0.71735525,0.7819857,0.7921683,0.69159836,0.8154196,0.76886344,0.6604884,0.7407463,0.6642197,0.7607894,0.75381494,0.7375805,0.75546026,0.7621576,0.83836895,0.7568795,0.8395548
0.735509,0.66506934,0.73990947,0.649652,0.7294578,0.6515598,0.74885815,0.62495416,0.7225599,0.6283292,0.76403093,0.63251024,0.71591425,0.63530564,0.7792224,0.725805,0.70095617,0.7201111,0.7822267,0.8246861,0.69225246,0.79715604,0.7678061,0.6819102,0.7382544,0.6845676,0.7635346,0.76942015,0.73511624,0.7706944,0.76614994,0.8416038,0.7512559,0.84141374
0.7297351,0.67615366,0.7321121,0.66298646,0.7253122,0.6659309,0.7409722,0.6419919,0.718691,0.65221786,0.760142,0.65277827,0.71341795,0.66956425,0.7783291,0.7439188,0.6878915,0.7674162,0.7775019,0.8646462,0.67595094,0.86599785,0.7649582,0.6814437,0.7327418,0.68498915,0.76622814,0.8183129,0.708729,0.81248194,0.77369374,0.9053634,0.69588006,0.87765247
0.72839063,0.70747477,0.7304226,0.69521,0.7243838,0.6976396,0.73784226,0.66921186,0.7159815,0.6771039,0.7561287,0.6683815,0.7055525,0.6896172,0.7753263,0.77895623,0.6826605,0.8242631,0.7713952,0.8854784,0.66733396,0.9305863,0.7612742,0.6824945,0.7259962,0.6899141,0.7679387,0.82885975,0.70389616,0.8311562,0.7754962,0.91562545,0.6961594,0.9093748
0.07666006,0.53678375,0.073030844,0.5259713,0.07686277,0.52822286,0.05102346,0.5260026,0.07194661,0.53317297,0.034874167,0.5595602,0.07056447,0.57345665,0.011769426,0.6111742,0.0925983,0.5958427,0.010256708,0.67158777,0.11549149,0.58819395,0.037276175,0.7259831,0.05720955,0.7322861,0.026286364,0.84077483,0.04241598,0.8493751,0.016565863,0.93801683,0.031010497,0.9453038
0.76199496,0.7779672,0.75702757,0.7575455,0.7665929,0.7627912,0.7242437,0.7364441,0.7666251,0.75081205,0.6967125,0.77693427,0.75663716,0.81165457,0.6805518,0.9199931,0.77244675,0.9609261,0.7029008,0.9030271,0.77812856,0.8825397,0.6885769,0.93736994,0.7297293,0.95412356,0.7030795,0.89188826,0.74517626,0.88595253,0.74256194,0.89047486,0.7800644,0.85109115
0.07509378,0.56085616,0.070782624,0.5479611,0.07604938,0.5507357,0.048953127,0.53709716,0.07490483,0.54460067,0.03328055,0.5626902,0.074257694,0.57520175,0.012564808,0.6196617,0.095194615,0.6108158,0.011601681,0.67540187,0.10911049,0.6129671,0.031102145,0.74276793,0.05527082,0.74748987,0.024479209,0.86367166,0.044192463,0.86670566,0.016818527,0.9571323,0.03353452,0.95629585
0.053180177,0.49211082,0.050258704,0.48087364,0.05607779,0.48199624,0.03937551,0.48851088,0.06564207,0.49092728,0.031383786,0.5424238,0.069271974,0.54529035,0.01112344,0.6208047,0.08157728,0.6134436,0.007942132,0.65327805,0.08537142,0.61953205,0.029383352,0.7385462,0.051409967,0.7386315,0.024263883,0.83340764,0.038209822,0.8387582,0.0130635975,0.9306179,0.020850798,0.9402649
0.06118942,0.5095838,0.058155376,0.4981776,0.06330634,0.500139,0.043427326,0.5056944,0.068738535,0.5105142,0.03319143,0.5555379,0.06981136,0.5638655,0.012578207,0.6277335,0.081830285,0.62011445,0.008651388,0.6619078,0.08782775,0.61117834,0.03255797,0.73935527,0.053397525,0.7424474,0.025574762,0.85697144,0.03622679,0.8652408,0.021660978,0.94631,0.023217035,0.9549332
0.045434795,0.5486335,0.0429008,0.5371997,0.048225157,0.5383084,0.03602596,0.52949095,0.05734718,0.5320179,0.02947077,0.5658323,0.06616226,0.5655192,0.009538168,0.6080002,0.087941185,0.5967133,0.010876975,0.6435344,0.10712999,0.6135069,0.037463885,0.73171216,0.059345346,0.7298283,0.02498334,0.83832085,0.04197671,0.83589417,0.028273767,0.92705387,0.03699894,0.92523956
0.71939504,0.92680883,0.717143,0.9220767,0.72155184,0.9214229,0.6954597,0.92997485,0.727097,0.9271492,0.68366736,0.9381333,0.7299991,0.9375049,0.70046896,0.92193276,0.7551813,0.90795076,0.74203914,0.9077754,0.758879,0.8763203,0.70288247,0.91656333,0.73094934,0.92269903,0.74908066,0.8990058,0.7565023,0.9010596,0.78411704,0.87555206,0.7815358,0.87725544
0.060844846,0.5207995,0.058022242,0.5109819,0.06274999,0.5124896,0.044980966,0.51994926,0.06949586,0.5238178,0.035779845,0.5677167,0.07124354,0.5730513,0.014327723,0.6087296,0.0880371,0.60620385,0.010318929,0.6079253,0.10295694,0.58966815,0.031139845,0.75282687,0.051653694,0.75299627,0.021495188,0.87843114,0.038550407,0.8764352,0.01172505,0.95505255,0.024671003,0.9508874
0.025319433,0.59815514,0.025723651,0.5867728,0.02784473,0.58856875,0.03344476,0.57132864,0.04529146,0.57004505,0.035283744,0.59414065,0.06356209,0.5831333,0.020131938,0.63679755,0.08756209,0.6067251,0.017808164,0.65338284,0.09779248,0.6120263,0.0461025,0.75034136,0.06260919,0.74502355,0.027143402,0.87194914,0.0458069,0.86853945,0.020813007,0.9429241,0.045432165,0.944688
0.055832066,0.5148317,0.053328168,0.5031341,0.058963597,0.50513375,0.042820547,0.50801265,0.06772043,0.5128862,0.036994647,0.55713856,0.06604736,0.5672098,0.015325541,0.62559354,0.06539209,0.6373188,0.010264829,0.61553323,0.06696446,0.6198274,0.035253134,0.7489345,0.05203099,0.75258344,0.03055535,0.8418109,0.039889198,0.8506152,0.026860664,0.94415045,0.026589299,0.9568351
0.7716761,0.94085014,0.7717144,0.9382088,0.7790782,0.93390375,0.75579214,0.9416231,0.7812935,0.9317439,0.7223663,0.94587386,0.7629423,0.9343988,0.69124913,0.93672127,0.7564056,0.90443933,0.6968486,0.9287737,0.7771601,0.8801668,0.6835622,0.91710025,0.7081272,0.91402674,0.70535177,0.9208043,0.7189074,0.9259987,0.7223782,0.8887363,0.7243833,0.9050502
0.06597932,0.5419199,0.062080007,0.53135,0.06765083,0.5331635,0.043990966,0.53025943,0.070326105,0.53555125,0.032411564,0.56305355,0.07082166,0.56876737,0.010752076,0.6139392,0.092701726,0.59365577,0.008718994,0.6549842,0.11645868,0.59164137,0.031860568,0.73323256,0.052882057,0.73564243,0.027865315,0.84355634,0.040341545,0.84829444,0.016401812,0.9267806,0.021249775,0.9338794
0.057017237,0.54278874,0.05393792,0.5329425,0.05975324,0.5349199,0.041298512,0.53323925,0.067073196,0.5370889,0.03318124,0.56487244,0.07098078,0.5681817,0.009543306,0.6061205,0.10093769,0.5894858,0.007891089,0.617166,0.1357107,0.5865874,0.037060037,0.739996,0.056706905,0.7415518,0.022727063,0.82849395,0.03590959,0.83360153,0.01666349,0.9133363,0.023551574,0.9235738
0.86265033,0.41519833,0.86986107,0.40097144,0.8607939,0.40213937,0.88833094,0.4097476,0.86569035,0.40985402,0.90103465,0.49400637,0.8763382,0.4971766,0.9001967,0.6121632,0.87015086,0.60643667,0.8624034,0.6907091,0.8548992,0.6807217,0.89844096,0.6967599,0.8830499,0.6869985,0.83631057,0.74839073,0.8279282,0.7463304,0.84539527,0.9348708,0.8463926,0.9218653
0.8627508,0.41599303,0.8700027,0.40168568,0.8608943,0.40291223,0.8886116,0.4103669,0.8658002,0.41058043,0.9010827,0.49475396,0.8763834,0.4977039,0.9000996,0.61304486,0.87025213,0.6068798,0.86247265,0.6910174,0.8552084,0.6808111,0.8978262,0.69710755,0.8824107,0.6872433,0.8361301,0.74896264,0.82770073,0.7467197,0.84539205,0.9354765,0.84621996,0.9222863
0.86288196,0.4162583,0.87019217,0.4018963,0.8610029,0.40314746,0.888892,0.41061053,0.86584395,0.4108609,0.9012095,0.49522805,0.87635374,0.49802324,0.9002253,0.6136742,0.8702633,0.6070712,0.86252403,0.6914317,0.8550607,0.68120885,0.8975232,0.69718945,0.8819872,0.6872424,0.8361204,0.74889994,0.8274444,0.746453,0.8458214,0.93541294,0.84634554,0.922025
0.86305237,0.41659796,0.8703858,0.40218508,0.8610758,0.40348837,0.889043,0.41100416,0.86564714,0.4114487,0.9015795,0.49590972,0.87593216,0.49869224,0.90033305,0.6149825,0.8697238,0.60836303,0.86232394,0.6915783,0.85486746,0.6823631,0.8979139,0.6968628,0.88182545,0.6867109,0.8362352,0.7489229,0.82683945,0.7453632,0.846076,0.93597126,0.845969,0.9210742
0.86267406,0.41786602,0.8701324,0.40299654,0.86109465,0.4055979,0.8898589,0.4110776,0.8662688,0.41300204,0.9023364,0.49471486,0.8759467,0.49772367,0.9004039,0.6175979,0.8694909,0.6106403,0.861896,0.68746054,0.85368884,0.68208534,0.89842933,0.69669557,0.88169605,0.68712634,0.8347196,0.7461857,0.82458144,0.7457786,0.8489396,0.9339591,0.8490273,0.92471486
0.8625766,0.41868168,0.86998695,0.40372714,0.8609218,0.40632612,0.8895823,0.41138265,0.8660372,0.4133832,0.9020816,0.4947036,0.8758661,0.49764693,0.9001088,0.61778766,0.86953163,0.6108767,0.86153984,0.68745154,0.8536731,0.68225634,0.8982487,0.6963321,0.8816387,0.68664867,0.8346244,0.74618626,0.8246231,0.7451618,0.8486228,0.9341406,0.8487455,0.9237628
0.86237633,0.41948092,0.86977595,0.40453348,0.8606513,0.40710843,0.8892239,0.41191223,0.86561364,0.41386878,0.9018103,0.49469578,0.87561274,0.49784416,0.9000036,0.6174427,0.8694831,0.6108008,0.8616048,0.68800926,0.85355407,0.6823206,0.89863473,0.6965991,0.8820329,0.6870265,0.83462507,0.7462102,0.8245873,0.74524945,0.8485047,0.933853,0.84871525,0.9234529
0.8621029,0.41971236,0.8694785,0.40460593,0.8598874,0.40753406,0.88841134,0.41180617,0.8639352,0.41481954,0.90114576,0.49395725,0.8741873,0.4986558,0.9001321,0.61706334,0.86867106,0.6124824,0.86151314,0.6867996,0.8531975,0.68264186,0.89879286,0.6942083,0.8817193,0.6854716,0.83474904,0.74496454,0.82481605,0.74509186,0.8482117,0.9336495,0.84892464,0.9242643
0.86298084,0.42238688,0.86909676,0.40568793,0.8595886,0.4083687,0.8860518,0.41361135,0.86007136,0.42008117,0.901316,0.4968825,0.874063,0.4949722,0.89864445,0.6255615,0.8728079,0.61220145,0.857889,0.6846062,0.8541419,0.6822477,0.9038011,0.6998414,0.88391066,0.68857324,0.8296434,0.75391424,0.82062095,0.74146414,0.8500493,0.94012946,0.84922904,0.922843
0.8622698,0.42371094,0.8683743,0.40674624,0.85859793,0.4096813,0.88516754,0.41363502,0.85863,0.4208026,0.9002771,0.4956309,0.87287897,0.4947737,0.8980431,0.623123,0.871947,0.61134034,0.8585451,0.68454385,0.8542911,0.6817191,0.9032275,0.70060456,0.8833109,0.6900257,0.82996655,0.75268567,0.8211309,0.7408106,0.8495855,0.9397947,0.84923214,0.9231671
0.85869974,0.424048,0.8655136,0.40856895,0.8554123,0.41215232,0.8831822,0.41540593,0.8582907,0.42193195,0.89872295,0.4970803,0.8707792,0.5077344,0.8999937,0.61246425,0.86707824,0.61505926,0.8629638,0.6899145,0.85451454,0.6795128,0.90034753,0.6967778,0.88278,0.69003135,0.8368332,0.7447743,0.8271691,0.74459034,0.8446414,0.93437696,0.8453477,0.92132235
0.8571114,0.43030742,0.86258537,0.41418484,0.85385513,0.41689584,0.87877333,0.41787493,0.85536355,0.42484775,0.8974137,0.49402323,0.86904854,0.4957058,0.8999216,0.61542755,0.87026805,0.6139331,0.86274236,0.6712728,0.8565189,0.683991,0.9022261,0.69505703,0.88220453,0.6860948,0.8326723,0.7445378,0.8239979,0.7338181,0.84763587,0.93737185,0.84779626,0.9214056
0.8529051,0.4331767,0.8590779,0.41680396,0.8502884,0.42044118,0.8756134,0.42075,0.8547444,0.42684925,0.8947018,0.49280754,0.86815834,0.5091646,0.902349,0.59981006,0.86775106,0.6146663,0.8644212,0.6859217,0.8539181,0.68491435,0.90283746,0.6961499,0.8855238,0.69149303,0.8387724,0.7433544,0.8267132,0.7464687,0.84511644,0.9245704,0.84621954,0.91798025
0.8497348,0.43909457,0.85567015,0.42251393,0.84737444,0.4257722,0.872272,0.42361373,0.85250187,0.4292739,0.8928769,0.49367562,0.8661482,0.50936145,0.9013718,0.6015962,0.86440706,0.61455023,0.8628239,0.68848056,0.8492894,0.68165374,0.90232813,0.69877946,0.8850256,0.69343007,0.83997434,0.7431765,0.827038,0.7440387,0.84481543,0.9255889,0.84450865,0.9154301
0.8450837,0.44615927,0.8501176,0.42897683,0.8430745,0.4331282,0.8664261,0.42576617,0.84986,0.43375593,0.8906582,0.49093303,0.8646078,0.50902015,0.9019038,0.5993515,0.8635613,0.6156861,0.8611537,0.6861921,0.8482196,0.68297595,0.9028786,0.70054406,0.88626814,0.69571453,0.8396449,0.7422332,0.82788336,0.7435715,0.8437258,0.92662185,0.84413576,0.9154942
0.8419207,0.4549779,0.84684145,0.43782026,0.83973867,0.44130397,0.86269295,0.4324182,0.84671444,0.43876266,0.88609266,0.4949965,0.8643798,0.511254,0.89688,0.5995187,0.8633853,0.6128635,0.85843277,0.68554866,0.8456177,0.6794925,0.9042959,0.7035688,0.8904066,0.6988942,0.8394098,0.7415336,0.82934684,0.7444592,0.8435623,0.92522395,0.84373695,0.9154769
0.8385354,0.45779377,0.8428588,0.4416011,0.83509797,0.44477335,0.85912794,0.43742725,0.83874273,0.44581512,0.88347036,0.49991813,0.8592612,0.50338066,0.889759,0.6151472,0.8638863,0.6103214,0.85636896,0.67721736,0.8461696,0.670061,0.9014496,0.6974441,0.8851247,0.69050485,0.8340579,0.7464642,0.83067936,0.73755383,0.842452,0.9387217,0.8454936,0.9216854
0.8346521,0.46624812,0.8390263,0.44847548,0.83151287,0.4524467,0.8542351,0.4393349,0.83755875,0.44714287,0.8790278,0.50004303,0.8586403,0.51111364,0.8892711,0.6124228,0.85796225,0.61104536,0.8516413,0.69445187,0.8401589,0.68160075,0.9054147,0.69306886,0.8922569,0.68688256,0.838863,0.7374928,0.82962507,0.7359131,0.84504956,0.92356014,0.84347785,0.9062418
0.8286602,0.46962523,0.8310928,0.4545832,0.8256057,0.45827106,0.8442602,0.4487029,0.8312257,0.45636493,0.8715334,0.5025076,0.85204536,0.5071863,0.884802,0.61583704,0.8587826,0.6171326,0.8529909,0.68072593,0.84055454,0.6759169,0.8995676,0.69135106,0.886127,0.6867018,0.83187294,0.7451622,0.8293516,0.7388768,0.843101,0.933386,0.8453561,0.91970766
0.8249693,0.48389137,0.8279659,0.46524727,0.82114697,0.47189587,0.8413712,0.4517647,0.8276124,0.4657521,0.8673251,0.5032631,0.85374135,0.52373433,0.88189125,0.60432696,0.8577091,0.61870676,0.8494409,0.69375026,0.8399121,0.6900927,0.9027199,0.69281733,0.8940317,0.6927943,0.83500415,0.73441064,0.8306207,0.74358106,0.84568876,0.9200028,0.84437555,0.90993357
0.8186828,0.49655077,0.82101744,0.47946933,0.81581134,0.48379478,0.8339338,0.4637812,0.8245983,0.47228262,0.8613629,0.50971425,0.8514318,0.523596,0.8798504,0.6087819,0.8572788,0.61799395,0.8489973,0.6948571,0.8371196,0.69270295,0.89972764,0.6972142,0.8937732,0.69452786,0.8360996,0.74528694,0.83327764,0.7487051,0.84467804,0.9235753,0.845049,0.90708023
0.8148883,0.5038499,0.81731415,0.48637033,0.8111092,0.49128243,0.82963794,0.46784377,0.8179839,0.4774064,0.8550586,0.5128129,0.84662247,0.5261239,0.87410975,0.616977,0.8558176,0.6227297,0.84777874,0.69931614,0.83838093,0.69785225,0.89684886,0.69785744,0.8915717,0.69710475,0.8336527,0.74535006,0.8316016,0.75498325,0.8450387,0.92039365,0.844582,0.9133485
0.80742836,0.50681347,0.80920506,0.49032506,0.80456316,0.49488878,0.8211646,0.4734769,0.8130547,0.48188066,0.84911364,0.5182315,0.84026116,0.5289655,0.868865,0.6229356,0.84981173,0.62451035,0.84589493,0.7075878,0.83722335,0.70018613,0.89423686,0.7011477,0.8887569,0.6999834,0.83287877,0.7544652,0.8306395,0.76088464,0.8453679,0.92327595,0.8443972,0.91244173
0.8018098,0.51083505,0.80347013,0.4938155,0.79819983,0.49938056,0.8153736,0.47709247,0.80597574,0.48817194,0.8429381,0.52177006,0.8364671,0.5359057,0.86186516,0.6201704,0.84609854,0.62669075,0.84386027,0.71012336,0.8346953,0.70047176,0.8945155,0.69625884,0.8906946,0.6973086,0.83009,0.75418544,0.83140963,0.76131266,0.8447446,0.9251988,0.84621805,0.9096962
0.79687184,0.53024924,0.79710597,0.5160394,0.7944051,0.5175451,0.80700094,0.49287653,0.8046576,0.49524027,0.8361759,0.5232351,0.8353791,0.526687,0.85510916,0.6202287,0.84776413,0.6213337,0.8409692,0.7114735,0.8336307,0.70162296,0.8931634,0.6860684,0.89361256,0.68127346,0.8310385,0.767089,0.835717,0.75307,0.84322435,0.93638843,0.8493547,0.8893058
0.790209,0.52933097,0.7906489,0.5153518,0.7881519,0.5158076,0.8017933,0.49368688,0.79760855,0.49312916,0.83154863,0.5257442,0.83227587,0.5269226,0.8535473,0.6207059,0.84791845,0.6208736,0.83919907,0.7164398,0.83362436,0.6966465,0.8924034,0.67048895,0.89352655,0.6636433,0.8299822,0.7635076,0.8373503,0.7419419,0.8412327,0.9375196,0.853057,0.8794054
0.78531086,0.5303537,0.78643435,0.51531065,0.7826329,0.51747465,0.79899335,0.49276984,0.78975815,0.49615103,0.82784015,0.5256097,0.82364905,0.5309,0.85043573,0.62664944,0.8381093,0.6277766,0.8368247,0.72020876,0.8294493,0.70333815,0.8878493,0.66215974,0.8845672,0.65961784,0.82960767,0.7584519,0.8305587,0.7542732,0.8410234,0.93222713,0.8429764,0.9040806
0.78084004,0.53553104,0.7817311,0.5200179,0.7779605,0.5225542,0.7940148,0.4960267,0.7846166,0.5005772,0.82254475,0.52572054,0.82017976,0.5339531,0.84596795,0.6239454,0.8364378,0.6314011,0.8365577,0.71741545,0.8282248,0.70098895,0.8861991,0.6557478,0.8838462,0.65510654,0.82982683,0.7553779,0.83082944,0.75286794,0.8412601,0.930952,0.8424059,0.90404457
0.7770862,0.53679425,0.77744937,0.521908,0.7746657,0.5246473,0.7888471,0.4993057,0.7811503,0.5045254,0.8187832,0.527042,0.8143856,0.5378607,0.8445678,0.62142545,0.8310051,0.6343347,0.8346939,0.71745527,0.82569104,0.7044252,0.8820934,0.65417135,0.87839043,0.6550436,0.8296132,0.7567366,0.8297036,0.755368,0.8412452,0.9299179,0.84199125,0.90439343
0.77350533,0.5381412,0.77381974,0.52281594,0.77097434,0.52670455,0.78541344,0.5012645,0.7769665,0.5086888,0.81603986,0.53034043,0.8097361,0.541161,0.8435087,0.6269692,0.8257004,0.63612264,0.8323595,0.71800405,0.8218016,0.70424855,0.87870467,0.6500078,0.87354815,0.651459,0.82698625,0.74953455,0.82596266,0.75197846,0.8404261,0.92600715,0.83934194,0.9079294
0.7699308,0.5401876,0.77091485,0.52500606,0.7670795,0.5278448,0.7831287,0.50191855,0.77185977,0.5068653,0.8116254,0.53164464,0.8043214,0.5356085,0.83683795,0.63271475,0.82045776,0.63055044,0.83066267,0.72059804,0.81813985,0.7086333,0.8736355,0.64682263,0.8675122,0.64629567,0.825702,0.75419307,0.823363,0.7538941,0.8387707,0.9241478,0.8367098,0.9080626
0.7660336,0.53927594,0.76760626,0.52421856,0.76286525,0.5278009,0.7807917,0.50577694,0.7662278,0.5118603,0.81047976,0.53978986,0.79650706,0.544494,0.8382525,0.64043444,0.81180346,0.6349228,0.8282688,0.7288249,0.81223744,0.7075262,0.8711805,0.64307743,0.8606462,0.6436411,0.82565737,0.7605861,0.82072765,0.76405823,0.8404507,0.9231461,0.8383628,0.9148302
0.7622807,0.5427911,0.76435137,0.52759403,0.75911635,0.53053564,0.7782523,0.50802004,0.7624467,0.5119664,0.80758065,0.5431379,0.79252535,0.5420683,0.83349687,0.64663273,0.8082787,0.6313308,0.8241312,0.74087995,0.8077246,0.71829194,0.86806434,0.64260226,0.8567092,0.6405036,0.8224702,0.7721315,0.81641257,0.7691741,0.8404272,0.92536664,0.83779067,0.9111227
0.7588872,0.5493771,0.76095915,0.5349433,0.7555228,0.5371903,0.77452964,0.51477623,0.76062506,0.51877975,0.80489045,0.5453704,0.78686947,0.5439026,0.830584,0.65921617,0.7971792,0.6351482,0.8156152,0.76875156,0.7937266,0.739767,0.86361456,0.64274806,0.8514659,0.64032114,0.81918544,0.78272635,0.808094,0.77964044,0.8400977,0.9307165,0.82955235,0.9092582
0.7559415,0.55545497,0.7576982,0.5417882,0.7532048,0.5437232,0.7709274,0.5209522,0.75885093,0.52444005,0.80258656,0.5508497,0.78188264,0.54802763,0.8269574,0.67128336,0.7899818,0.6443574,0.809003,0.77409655,0.78565687,0.74424726,0.85936624,0.6506575,0.8456524,0.6476026,0.8180257,0.7878294,0.8052002,0.7825123,0.839365,0.9274691,0.82841647,0.90544015
0.7531869,0.5582423,0.7555368,0.54390603,0.75021565,0.5451185,0.77028126,0.5228319,0.75451976,0.5250206,0.80273896,0.5582245,0.7770436,0.5445089,0.82766324,0.678627,0.7840733,0.6313536,0.8116975,0.7834057,0.77778685,0.71981186,0.8562161,0.64526814,0.8398034,0.63570523,0.8157434,0.7921913,0.80173606,0.7731623,0.84344196,0.91642827,0.8327057,0.8798424
0.7523193,0.56575066,0.7554959,0.54897904,0.747948,0.5519621,0.77148837,0.5273412,0.750035,0.5341542,0.8020698,0.5651254,0.7740132,0.5581558,0.8299157,0.684432,0.7795059,0.64567095,0.8191593,0.80402994,0.77164453,0.74269843,0.8537189,0.6431776,0.83646774,0.6375014,0.81375325,0.7955956,0.8021526,0.7838578,0.8419652,0.9211178,0.833869,0.8908345
0.751059,0.5782735,0.7537157,0.5593899,0.7457013,0.56574374,0.7690221,0.5333743,0.7456069,0.5478895,0.8016779,0.5738718,0.7676982,0.56689787,0.8318493,0.7090365,0.76687497,0.6526162,0.8148387,0.84861517,0.7564406,0.75788575,0.85009634,0.6438854,0.8293018,0.63861215,0.80994004,0.7818147,0.79661214,0.7752031,0.8417407,0.9063692,0.8307659,0.88277906
0.749103,0.592546,0.75154084,0.5750371,0.7438785,0.58131486,0.7659524,0.54744434,0.7424566,0.56125677,0.7990971,0.5884741,0.76215094,0.57929254,0.8271572,0.7280198,0.7555898,0.662565,0.80820084,0.86373585,0.7455124,0.7659782,0.84889215,0.6531909,0.82606554,0.64700776,0.80572003,0.7881558,0.79129475,0.7739022,0.8391852,0.9174423,0.8293852,0.8821081
0.746617,0.6004995,0.7493796,0.5826541,0.7408611,0.5883202,0.7635836,0.5593529,0.7377363,0.57220477,0.7944137,0.6040584,0.7569275,0.59772164,0.82014894,0.7397546,0.7477682,0.6829146,0.80358917,0.881786,0.7354964,0.7836367,0.84593076,0.6555143,0.82296133,0.65171355,0.8065578,0.8153337,0.7936031,0.8022038,0.8383177,0.9330739,0.82999563,0.89627886
0.7433754,0.61087763,0.74563694,0.59315836,0.7383461,0.59943837,0.75964826,0.57119006,0.73661953,0.5859839,0.7922334,0.61513966,0.7520364,0.61347795,0.8170416,0.75058913,0.74065036,0.69672847,0.7972269,0.907523,0.7287652,0.80029696,0.84183496,0.6858113,0.8156934,0.68638855,0.81748766,0.843044,0.7926667,0.8424276,0.8501231,0.9189192,0.8220424,0.8988192
0.7397771,0.63141656,0.7419482,0.61521876,0.7352182,0.6205415,0.75601923,0.5899854,0.7337899,0.6028392,0.78715056,0.62296855,0.7471854,0.62004435,0.811851,0.75031614,0.7324362,0.70020926,0.79885936,0.90020937,0.72406036,0.7979269,0.83548164,0.68473536,0.8103906,0.6861932,0.8121812,0.848311,0.79510444,0.85036117,0.8373176,0.9382794,0.8235267,0.92567116
0.7350858,0.64081603,0.7372684,0.6248869,0.73076105,0.62975615,0.7519294,0.60078436,0.7309351,0.6132707,0.7808897,0.63758934,0.74600357,0.6319988,0.7980611,0.7619892,0.72447765,0.71086067,0.78919864,0.90682065,0.71204525,0.8028028,0.83171815,0.6881232,0.8122717,0.6883417,0.80323976,0.85803103,0.80664295,0.84985626,0.82457507,0.9574624,0.8411766,0.9271396
0.73030365,0.6671829,0.73306763,0.6514019,0.7262836,0.6545567,0.7467423,0.62784183,0.7237772,0.6345204,0.775724,0.6668204,0.7338469,0.659499,0.7922435,0.83662814,0.70925593,0.7812933,0.7758275,0.9800353,0.6870637,0.90279645,0.82784426,0.7077167,0.80342114,0.71052504,0.80215895,0.8847189,0.797127,0.88678676,0.8273655,0.95154345,0.8351861,0.94337416
0.73208004,0.6979812,0.7332239,0.6811346,0.72759867,0.68647957,0.7408277,0.6510187,0.72020763,0.6646798,0.7665956,0.66723746,0.724768,0.69238573,0.7870287,0.80092096,0.69901514,0.8170853,0.77964467,0.96520096,0.6738519,0.91472745,0.82499105,0.7050478,0.7998158,0.72369736,0.8037937,0.8705915,0.7872037,0.8950115,0.8294272,0.94251496,0.82358974,0.95648015
0.72890556,0.73138714,0.7283342,0.71590286,0.72504324,0.721153,0.7323639,0.6818834,0.71715784,0.6971113,0.758338,0.67534596,0.7208592,0.71143484,0.78341347,0.7659356,0.6965357,0.8149897,0.78149354,0.8962946,0.6615368,0.909748,0.81711715,0.7009552,0.79411834,0.72263503,0.8047625,0.87723756,0.7802929,0.89791447,0.8298373,0.96865463,0.8080229,0.97981864
0.71578795,0.73112035,0.7159203,0.7146317,0.7114847,0.7215512,0.72143614,0.6855463,0.70642775,0.7046635,0.743506,0.69232917,0.7133145,0.7191801,0.7631252,0.813394,0.6832842,0.83168745,0.7785684,0.93579024,0.65641207,0.9233527,0.8043539,0.7122751,0.7854938,0.7342691,0.80526084,0.87213,0.7794287,0.903499,0.82774746,0.9548834,0.79586613,0.9873327
0.70050764,0.73781854,0.6990141,0.7220552,0.6945693,0.7358405,0.7059723,0.70967233,0.68918115,0.7446385,0.7328057,0.6928956,0.69496363,0.77379,0.7456557,0.67479455,0.6916636,0.8244197,0.7195279,0.6733778,0.69260705,0.7378622,0.79273003,0.7318731,0.7661371,0.7756013,0.81660813,0.8555447,0.7832654,0.90581477,0.8244549,0.9646726,0.79514766,1.0
0.6992391,0.8238531,0.69752425,0.8094574,0.6943224,0.81680447,0.70242476,0.7788423,0.68611515,0.8001203,0.73057693,0.7599245,0.6880054,0.79433155,0.7508895,0.85063004,0.6679931,0.8871994,0.75570005,0.98311275,0.64733833,0.9635631,0.792751,0.76061225,0.76216537,0.7865226,0.8214159,0.9159221,0.7664981,0.94273853,0.84153,0.9692957,0.7747504,0.992446
0.6938707,0.8952966,0.6912055,0.8787175,0.68701214,0.8894253,0.69772,0.8387485,0.6771684,0.86869746,0.7306951,0.80707675,0.68034965,0.843927,0.7668613,0.89345944,0.66016287,0.9218944,0.77654785,1.0,0.6490691,0.9666324,0.7953248,0.77442306,0.7624256,0.8034967,0.8253046,0.9419656,0.78196615,0.9750005,0.8457863,0.96948206,0.7940302,0.9833713
0.07753252,0.5555002,0.07323271,0.5427573,0.0776531,0.5464751,0.052157532,0.5288356,0.074288584,0.5404494,0.03670802,0.5617506,0.07578416,0.57462424,0.01031704,0.6252324,0.08949097,0.62031776,0.007725966,0.68311596,0.09751671,0.63029903,0.034566466,0.7287161,0.059448183,0.7335283,0.025017662,0.8233591,0.049619224,0.8275664,0.020681635,0.9134102,0.041701544,0.9253412
0.80456305,0.90493804,0.81025785,0.90198517,0.80526173,0.888165,0.8058168,0.91593236,0.7939701,0.8805226,0.77778095,0.94082,0.76504385,0.8928129,0.7756266,0.9732247,0.7328748,0.9025797,0.7775462,0.9474867,0.7303363,0.91895306,0.70659137,0.9388274,0.69768804,0.91320235,0.6903221,0.9475045,0.68544334,0.92843825,0.65749073,0.9328068,0.6553853,0.9185891
0.039793577,0.56546265,0.0391321,0.55526894,0.043430895,0.5553586,0.04103714,0.55037576,0.05893127,0.54939497,0.039080974,0.58666503,0.06902217,0.58006865,0.025494892,0.6265734,0.092258625,0.6037175,0.021571463,0.6309047,0.108411945,0.5901038,0.042539865,0.74502605,0.06034263,0.73980784,0.024706215,0.85608333,0.04221825,0.8519946,0.024814447,0.9467891,0.037030075,0.9405107
0.060163137,0.5338854,0.056272227,0.5216181,0.06139276,0.5241324,0.04278642,0.51446724,0.06502157,0.51991063,0.03213885,0.558469,0.07081558,0.557278,0.011486262,0.6330171,0.09136521,0.59923637,0.0088567315,0.6998028,0.11044773,0.6099587,0.035326507,0.72481096,0.058441665,0.723959,0.02636364,0.8302037,0.044225276,0.8300671,0.02188084,0.91947395,0.030603973,0.9234397
0.8294964,0.9035523,0.83311903,0.8934468,0.8322935,0.88919586,0.80950373,0.8809387,0.8214593,0.8768622,0.7726563,0.88168234,0.79021555,0.8884559,0.7560058,0.9263148,0.7727112,0.9316927,0.7738976,0.93318063,0.7728137,0.94008374,0.7030825,0.90999234,0.71243805,0.91073406,0.7117684,0.9437104,0.7175013,0.9462464,0.68891364,0.9267721,0.6927411,0.9414745
0.8300776,0.90720034,0.8322253,0.8964096,0.8333721,0.89510065,0.8022339,0.87990195,0.82245487,0.8848071,0.7640955,0.87591696,0.7915244,0.89672095,0.7488749,0.91285676,0.77883327,0.93637836,0.77492654,0.91504496,0.7787267,0.9287339,0.69678926,0.90920526,0.7128047,0.9166654,0.71019536,0.9444731,0.7220641,0.9529888,0.68991774,0.92427397,0.7006998,0.9473753
0.82893753,0.90962,0.83129424,0.901437,0.83034164,0.89593625,0.81074107,0.89432573,0.81570274,0.88424337,0.7760017,0.9001439,0.7847464,0.8937781,0.7672156,0.94157034,0.77000254,0.93016666,0.7855179,0.9439505,0.7796872,0.93774086,0.70276874,0.9147021,0.7066595,0.9092757,0.70231926,0.93528795,0.70494395,0.93443793,0.6729848,0.9142693,0.6764715,0.92553014
0.07866139,0.53448105,0.07471875,0.5227694,0.0794905,0.52466995,0.051714655,0.5203816,0.07587044,0.5267953,0.033350844,0.557182,0.07317909,0.56799966,0.009593529,0.62449056,0.100056365,0.59865886,0.005734858,0.69682586,0.1282052,0.5909597,0.027958656,0.73426354,0.050359707,0.739454,0.021915123,0.83839244,0.041064933,0.8468617,0.0115378145,0.92340845,0.027862687,0.9294278
0.7146972,0.9123807,0.71580255,0.9066511,0.71792775,0.9064891,0.71528363,0.92144823,0.72868973,0.916441,0.71512794,0.93820244,0.7240662,0.9344676,0.71940535,0.9427741,0.7242682,0.9449115,0.7271648,0.9492753,0.74314755,0.95078087,0.72021866,0.9038163,0.7216694,0.9079761,0.78304785,0.89081043,0.7775626,0.8951668,0.7961504,0.9035783,0.7946944,0.90438604
0.7223386,0.9155989,0.7231657,0.9105693,0.72640103,0.90998316,0.7198181,0.9244119,0.73829406,0.9189128,0.7157759,0.93928134,0.73369426,0.93538374,0.7162252,0.9402045,0.73576224,0.94082093,0.72546107,0.9465963,0.7500827,0.94702715,0.717518,0.90211886,0.7246119,0.9060892,0.78341025,0.88860124,0.78125995,0.89290845,0.79703677,0.8995264,0.7957675,0.9008016
